image_id,image_file,split,pneumothorax,labels,patient_id,follow_up,patient_age,patient_sex,view_position,original_width,original_height,source_split,shard,row
00000003_002,00000003_002.jpg,test,0,Hernia,3,1,75,F,PA,2048,2500,test,data/test-00000-of-00010.parquet,2
00000003_003,00000003_003.jpg,test,0,Hernia|Infiltration,3,2,76,F,PA,2698,2991,test,data/test-00000-of-00010.parquet,3
00000013_023,00000013_023.jpg,test,1,Infiltration|Mass|Pneumothorax,13,1,56,M,AP,2500,2048,test,data/test-00000-of-00010.parquet,31
00000013_032,00000013_032.jpg,test,1,Emphysema|Mass|Pneumothorax,13,10,56,M,AP,2500,2048,test,data/test-00000-of-00010.parquet,40
00000032_000,00000032_000.jpg,test,0,Cardiomegaly,32,0,54,F,AP,2500,2048,test,data/test-00000-of-00010.parquet,55
00000032_001,00000032_001.jpg,test,0,Cardiomegaly|Edema|Effusion,32,1,54,F,AP,2500,2048,test,data/test-00000-of-00010.parquet,56
00000032_002,00000032_002.jpg,test,0,No Finding,32,2,54,F,AP,2500,2048,test,data/test-00000-of-00010.parquet,57
00000041_002,00000041_002.jpg,test,1,Emphysema|Pneumothorax,41,3,62,F,PA,2678,2991,test,data/test-00000-of-00010.parquet,118
00000072_000,00000072_000.jpg,test,0,Atelectasis,72,0,67,F,PA,2450,2839,test,data/test-00000-of-00010.parquet,123
00000092_001,00000092_001.jpg,test,0,Effusion|Fibrosis,92,1,56,F,PA,2678,2649,test,data/test-00000-of-00010.parquet,125
00000116_000,00000116_000.jpg,test,0,Cardiomegaly,116,0,73,F,PA,2048,2500,test,data/test-00000-of-00010.parquet,128
00000116_012,00000116_012.jpg,test,1,Pneumothorax,116,12,74,F,AP,2500,2048,test,data/test-00000-of-00010.parquet,140
00000116_021,00000116_021.jpg,test,1,Effusion|Pneumothorax,116,21,74,F,AP,2500,2048,test,data/test-00000-of-00010.parquet,149
00000149_001,00000149_001.jpg,test,0,No Finding,149,1,70,M,PA,2650,2781,test,data/test-00000-of-00010.parquet,173
00000150_000,00000150_000.jpg,lakehouse,0,Effusion,150,0,54,F,PA,1803,2022,test,data/test-00000-of-00010.parquet,182
00000150_002,00000150_002.jpg,lakehouse,0,Atelectasis|Infiltration|Pneumonia,150,2,55,F,AP,3056,2544,test,data/test-00000-of-00010.parquet,184
00000181_000,00000181_000.jpg,test,0,No Finding,181,0,45,F,PA,2048,2500,test,data/test-00000-of-00010.parquet,188
00000218_006,00000218_006.jpg,test,1,Infiltration|Pneumothorax,218,6,33,M,PA,2500,2048,test,data/test-00000-of-00010.parquet,324
00000312_001,00000312_001.jpg,lakehouse,0,Emphysema,312,1,86,M,PA,2992,2991,test,data/test-00000-of-00010.parquet,354
00000312_002,00000312_002.jpg,lakehouse,0,No Finding,312,2,86,M,PA,2992,2991,test,data/test-00000-of-00010.parquet,355
00000324_002,00000324_002.jpg,lakehouse,0,No Finding,324,2,32,M,PA,2992,2991,test,data/test-00000-of-00010.parquet,358
00000344_001,00000344_001.jpg,test,0,Effusion|Infiltration,344,2,33,M,AP,3056,2544,test,data/test-00000-of-00010.parquet,375
00000344_004,00000344_004.jpg,test,0,Nodule,344,0,24,M,PA,2992,2991,test,data/test-00000-of-00010.parquet,378
00000370_003,00000370_003.jpg,test,0,No Finding,370,0,54,F,PA,2048,2500,test,data/test-00000-of-00010.parquet,382
00000370_005,00000370_005.jpg,test,0,No Finding,370,2,59,F,PA,2992,2991,test,data/test-00000-of-00010.parquet,384
00000377_000,00000377_000.jpg,test,0,Cardiomegaly,377,0,54,F,PA,2690,2965,test,data/test-00000-of-00010.parquet,391
00000398_001,00000398_001.jpg,test,0,Effusion,398,1,64,F,PA,2048,2500,test,data/test-00000-of-00010.parquet,397
00000398_002,00000398_002.jpg,test,0,Infiltration|Pneumonia,398,2,64,F,PA,2048,2500,test,data/test-00000-of-00010.parquet,398
00000461_000,00000461_000.jpg,test,0,Fibrosis,461,0,81,F,PA,2048,2500,test,data/test-00000-of-00010.parquet,410
00000461_002,00000461_002.jpg,test,0,No Finding,461,2,87,F,PA,2048,2500,test,data/test-00000-of-00010.parquet,412
00000467_011,00000467_011.jpg,lakehouse,1,Emphysema|Pneumothorax,467,11,52,M,AP,3056,2544,test,data/test-00000-of-00010.parquet,424
00000468_005,00000468_005.jpg,test,1,Emphysema|Pneumothorax,468,23,31,M,PA,2992,2991,test,data/test-00000-of-00010.parquet,433
00000471_000,00000471_000.jpg,test,0,Pleural_Thickening,471,0,46,M,PA,2992,2991,test,data/test-00000-of-00010.parquet,489
00000533_004,00000533_004.jpg,lakehouse,0,Fibrosis,533,1,62,F,PA,2524,2747,test,data/test-00000-of-00010.parquet,527
00000661_001,00000661_001.jpg,test,0,Cardiomegaly|Infiltration,661,0,52,M,PA,2500,2048,test,data/test-00000-of-00010.parquet,618
00000732_004,00000732_004.jpg,lakehouse,1,Cardiomegaly|Effusion|Fibrosis|Pleural_Thickening|Pneumothorax,732,4,85,F,PA,2992,2991,test,data/test-00000-of-00010.parquet,623
00000733_001,00000733_001.jpg,test,0,Fibrosis|Infiltration,733,1,67,M,PA,2500,2048,test,data/test-00000-of-00010.parquet,631
00000740_001,00000740_001.jpg,test,0,No Finding,740,1,80,M,AP,2500,2048,test,data/test-00000-of-00010.parquet,635
00000744_004,00000744_004.jpg,test,1,Pneumothorax,744,4,72,M,PA,2992,2991,test,data/test-00000-of-00010.parquet,640
00000756_002,00000756_002.jpg,test,0,Atelectasis|Effusion,756,0,38,M,PA,2500,2048,test,data/test-00000-of-00010.parquet,652
00000808_006,00000808_006.jpg,test,0,No Finding,808,0,42,F,AP,2500,2048,test,data/test-00000-of-00010.parquet,662
00000808_007,00000808_007.jpg,test,0,No Finding,808,1,44,F,AP,2500,2048,test,data/test-00000-of-00010.parquet,663
00000808_008,00000808_008.jpg,test,0,No Finding,808,2,44,F,AP,2500,2048,test,data/test-00000-of-00010.parquet,664
00000830_002,00000830_002.jpg,test,0,No Finding,830,2,51,F,AP,3056,2544,test,data/test-00000-of-00010.parquet,675
00000845_002,00000845_002.jpg,test,0,No Finding,845,0,59,F,PA,2992,2991,test,data/test-00000-of-00010.parquet,682
00000865_000,00000865_000.jpg,lakehouse,1,Pneumothorax,865,9,50,M,AP,3056,2544,test,data/test-00000-of-00010.parquet,685
00000882_005,00000882_005.jpg,test,0,No Finding,882,0,51,F,AP,2500,2048,test,data/test-00000-of-00010.parquet,702
00000886_000,00000886_000.jpg,test,0,Pleural_Thickening,886,0,73,F,PA,2558,2729,test,data/test-00000-of-00010.parquet,705
00000948_000,00000948_000.jpg,test,0,Cardiomegaly,948,0,72,M,PA,2500,2048,test,data/test-00000-of-00010.parquet,716
00000997_000,00000997_000.jpg,test,0,No Finding,997,0,31,M,PA,2048,2500,test,data/test-00000-of-00010.parquet,717
00000997_002,00000997_002.jpg,test,0,No Finding,997,2,36,M,PA,2992,2991,test,data/test-00000-of-00010.parquet,719
00001006_015,00001006_015.jpg,test,1,Infiltration|Nodule|Pneumothorax,1006,7,19,M,PA,2606,2991,test,data/test-00000-of-00010.parquet,737
00001006_017,00001006_017.jpg,test,1,Infiltration|Pneumothorax,1006,10,19,M,PA,2048,2500,test,data/test-00000-of-00010.parquet,739
00001039_000,00001039_000.jpg,test,0,No Finding,1039,0,38,F,PA,2834,2991,test,data/test-00000-of-00010.parquet,751
00001039_001,00001039_001.jpg,test,0,No Finding,1039,1,40,F,PA,2992,2991,test,data/test-00000-of-00010.parquet,752
00001039_002,00001039_002.jpg,test,0,No Finding,1039,2,40,F,AP,2500,2048,test,data/test-00000-of-00010.parquet,753
00001093_005,00001093_005.jpg,lakehouse,0,Infiltration,1093,0,64,F,PA,2048,2500,test,data/test-00000-of-00010.parquet,813
00001093_007,00001093_007.jpg,lakehouse,0,No Finding,1093,2,66,F,PA,2048,2500,test,data/test-00000-of-00010.parquet,815
00001140_004,00001140_004.jpg,test,0,Fibrosis,1140,2,43,M,PA,2992,2991,test,data/test-00000-of-00010.parquet,826
00001152_000,00001152_000.jpg,test,0,Infiltration,1152,0,32,F,PA,2992,2991,test,data/test-00000-of-00010.parquet,828
00001152_001,00001152_001.jpg,test,0,Atelectasis,1152,1,32,F,PA,2492,3056,test,data/test-00000-of-00010.parquet,829
00001152_002,00001152_002.jpg,test,0,Atelectasis,1152,2,32,F,PA,2992,2991,test,data/test-00000-of-00010.parquet,830
00001153_000,00001153_000.jpg,test,0,Fibrosis|Pleural_Thickening,1153,0,64,M,PA,2500,2048,test,data/test-00000-of-00010.parquet,833
00001153_001,00001153_001.jpg,test,0,No Finding,1153,1,64,M,AP,2500,2048,test,data/test-00000-of-00010.parquet,834
00001170_006,00001170_006.jpg,test,1,Pleural_Thickening|Pneumothorax,1170,6,21,M,PA,2500,2048,test,data/test-00000-of-00010.parquet,846
00001247_000,00001247_000.jpg,test,0,No Finding,1247,0,41,M,PA,2500,2048,test,data/test-00000-of-00010.parquet,896
00001247_001,00001247_001.jpg,test,0,No Finding,1247,1,41,M,AP,2500,2048,test,data/test-00000-of-00010.parquet,897
00001248_022,00001248_022.jpg,test,1,Emphysema|Pneumothorax,1248,4,33,F,PA,2992,2991,test,data/test-00000-of-00010.parquet,934
00001248_024,00001248_024.jpg,test,1,Emphysema|Pneumothorax,1248,6,33,F,PA,2510,2991,test,data/test-00000-of-00010.parquet,936
00001330_000,00001330_000.jpg,test,0,Cardiomegaly|Effusion,1330,0,75,M,AP,3056,2544,test,data/test-00000-of-00010.parquet,958
00001330_001,00001330_001.jpg,test,0,Cardiomegaly|Infiltration,1330,1,75,M,AP,3056,2544,test,data/test-00000-of-00010.parquet,959
00001376_010,00001376_010.jpg,test,1,Effusion|Pneumothorax,1376,10,49,M,AP,2500,2048,test,data/test-00000-of-00010.parquet,1034
00001437_022,00001437_022.jpg,test,1,Pneumothorax,1437,22,30,F,AP,3056,2544,test,data/test-00000-of-00010.parquet,1057
00001456_000,00001456_000.jpg,test,0,Infiltration|Nodule,1456,0,41,F,PA,2598,2473,test,data/test-00000-of-00010.parquet,1089
00001456_001,00001456_001.jpg,test,0,No Finding,1456,1,41,F,PA,2482,2493,test,data/test-00000-of-00010.parquet,1090
00001517_000,00001517_000.jpg,lakehouse,0,No Finding,1517,0,19,M,AP,2500,2048,test,data/test-00000-of-00010.parquet,1091
00001517_002,00001517_002.jpg,lakehouse,0,Atelectasis|Consolidation,1517,2,19,M,AP,2500,2048,test,data/test-00000-of-00010.parquet,1093
00001673_003,00001673_003.jpg,lakehouse,0,No Finding,1673,1,30,F,PA,2992,2991,test,data/test-00000-of-00010.parquet,1191
00001836_001,00001836_001.jpg,lakehouse,0,Consolidation|Effusion,1836,1,47,F,AP,2500,2048,test,data/test-00000-of-00010.parquet,1266
00001900_000,00001900_000.jpg,test,0,Atelectasis,1900,0,47,M,AP,2500,2048,test,data/test-00000-of-00010.parquet,1402
00001900_024,00001900_024.jpg,test,1,Atelectasis|Effusion|Infiltration|Pneumothorax,1900,24,52,M,AP,2500,2048,test,data/test-00000-of-00010.parquet,1426
00001900_027,00001900_027.jpg,test,1,Pneumothorax,1900,27,52,M,PA,2992,2991,test,data/test-00000-of-00010.parquet,1429
00001946_010,00001946_010.jpg,test,1,Infiltration|Pneumothorax,1946,10,18,M,PA,2048,2500,test,data/test-00000-of-00010.parquet,1452
00001946_016,00001946_016.jpg,test,1,Infiltration|Pneumothorax,1946,16,19,M,AP,3038,2544,test,data/test-00000-of-00010.parquet,1458
00002051_000,00002051_000.jpg,test,0,Consolidation,2051,0,56,F,AP,3056,2544,test,data/test-00000-of-00010.parquet,1480
00002051_002,00002051_002.jpg,test,0,Emphysema,2051,2,57,F,PA,2021,2021,test,data/test-00000-of-00010.parquet,1482
00002059_001,00002059_001.jpg,test,1,Pneumothorax,2059,1,46,M,AP,2500,2048,test,data/test-00000-of-00010.parquet,1485
00002123_000,00002123_000.jpg,test,0,Pleural_Thickening,2123,0,66,M,PA,2842,2917,test,data/test-00000-of-00010.parquet,1521
00002176_004,00002176_004.jpg,test,1,Infiltration|Pneumothorax,2176,4,68,F,PA,2992,2991,test,data/test-00000-of-00010.parquet,1526
00002224_000,00002224_000.jpg,test,0,Infiltration,2224,0,40,F,PA,2021,2021,test,data/test-00000-of-00010.parquet,1534
00002224_001,00002224_001.jpg,test,0,No Finding,2224,1,40,F,AP,3056,2544,test,data/test-00000-of-00010.parquet,1535
00002258_004,00002258_004.jpg,test,0,No Finding,2258,4,18,F,PA,2500,2048,test,data/test-00000-of-00010.parquet,1553
00002290_003,00002290_003.jpg,test,1,Pneumothorax,2290,1,35,F,AP,2500,2048,test,data/test-00000-of-00010.parquet,1557
00002290_004,00002290_004.jpg,test,1,Pneumothorax,2290,2,35,F,PA,2992,2991,test,data/test-00000-of-00010.parquet,1558
00002300_013,00002300_013.jpg,test,1,Atelectasis|Consolidation|Pneumothorax,2300,13,81,F,AP,2500,2048,test,data/test-00000-of-00010.parquet,1574
00002316_006,00002316_006.jpg,test,1,Pneumothorax,2316,3,67,F,PA,2486,2991,test,data/test-00000-of-00010.parquet,1622
00002316_007,00002316_007.jpg,test,1,Pneumothorax,2316,4,67,F,PA,2730,2991,test,data/test-00000-of-00010.parquet,1623
00002316_008,00002316_008.jpg,test,1,Pneumothorax,2316,5,67,F,PA,2992,2991,test,data/test-00000-of-00010.parquet,1624
00002350_001,00002350_001.jpg,lakehouse,0,Atelectasis,2350,1,51,F,PA,2990,2991,test,data/test-00000-of-00010.parquet,1629
00002395_001,00002395_001.jpg,test,0,No Finding,2395,1,62,F,AP,2048,2500,test,data/test-00000-of-00010.parquet,1652
00002417_002,00002417_002.jpg,test,0,No Finding,2417,2,59,M,AP,2500,2048,test,data/test-00000-of-00010.parquet,1691
00002424_005,00002424_005.jpg,lakehouse,0,No Finding,2424,1,23,M,AP,2500,2048,test,data/test-00000-of-00010.parquet,1700
00002706_001,00002706_001.jpg,test,0,Atelectasis|Infiltration,2706,1,48,F,PA,2048,2500,test,data/test-00000-of-00010.parquet,1924
00002706_002,00002706_002.jpg,test,0,No Finding,2706,2,49,F,AP,2500,2048,test,data/test-00000-of-00010.parquet,1925
00002722_005,00002722_005.jpg,test,1,Pneumothorax,2722,1,39,F,PA,2500,2048,test,data/test-00000-of-00010.parquet,1938
00002722_006,00002722_006.jpg,test,1,Pneumothorax,2722,2,39,F,PA,2500,2048,test,data/test-00000-of-00010.parquet,1939
00002722_009,00002722_009.jpg,test,1,Pneumothorax,2722,5,42,F,PA,2834,2991,test,data/test-00000-of-00010.parquet,1942
00002758_000,00002758_000.jpg,test,0,Pleural_Thickening,2758,0,56,F,PA,2048,2500,test,data/test-00000-of-00010.parquet,1943
00002758_001,00002758_001.jpg,test,0,Nodule|Pleural_Thickening,2758,1,59,F,PA,2500,2048,test,data/test-00000-of-00010.parquet,1944
00002763_001,00002763_001.jpg,test,0,Fibrosis,2763,1,44,F,PA,2048,2500,test,data/test-00000-of-00010.parquet,1948
00002763_002,00002763_002.jpg,test,0,Fibrosis,2763,2,44,F,AP,2500,2048,test,data/test-00000-of-00010.parquet,1949
00002794_000,00002794_000.jpg,test,0,Infiltration,2794,0,67,M,PA,2500,2048,test,data/test-00000-of-00010.parquet,1985
00002794_001,00002794_001.jpg,test,0,No Finding,2794,1,70,M,PA,2500,2048,test,data/test-00000-of-00010.parquet,1986
00002794_002,00002794_002.jpg,test,0,No Finding,2794,2,70,M,PA,2990,2991,test,data/test-00000-of-00010.parquet,1987
00002825_011,00002825_011.jpg,test,1,Pneumothorax,2825,7,65,F,PA,2992,2991,test,data/test-00000-of-00010.parquet,1999
00002826_000,00002826_000.jpg,test,0,Pleural_Thickening,2826,0,62,F,PA,2048,2500,test,data/test-00000-of-00010.parquet,2002
00002856_001,00002856_001.jpg,test,0,No Finding,2856,0,48,F,PA,2992,2991,test,data/test-00000-of-00010.parquet,2004
00002856_002,00002856_002.jpg,test,0,No Finding,2856,1,48,F,AP,2500,2048,test,data/test-00000-of-00010.parquet,2005
00002868_004,00002868_004.jpg,test,1,Pneumothorax,2868,4,45,M,PA,2500,2048,test,data/test-00000-of-00010.parquet,2034
00002980_000,00002980_000.jpg,test,0,Infiltration|Pneumonia,2980,0,64,M,PA,2992,2991,test,data/test-00000-of-00010.parquet,2048
00002980_001,00002980_001.jpg,test,0,Infiltration,2980,1,64,M,PA,2786,2749,test,data/test-00000-of-00010.parquet,2049
00002980_002,00002980_002.jpg,test,0,Infiltration,2980,2,64,M,PA,2992,2991,test,data/test-00000-of-00010.parquet,2050
00002982_000,00002982_000.jpg,test,0,No Finding,2982,0,42,F,PA,2500,2048,test,data/test-00000-of-00010.parquet,2051
00002982_001,00002982_001.jpg,test,0,No Finding,2982,1,46,F,PA,2048,2500,test,data/test-00000-of-00010.parquet,2052
00003008_000,00003008_000.jpg,test,0,Fibrosis,3008,0,59,M,PA,2992,2991,test,data/test-00000-of-00010.parquet,2053
00003028_069,00003028_069.jpg,test,1,Edema|Infiltration|Pneumothorax,3028,69,57,F,AP,2500,2048,test,data/test-00000-of-00010.parquet,2123
00003028_072,00003028_072.jpg,test,1,Atelectasis|Emphysema|Infiltration|Pneumothorax,3028,70,57,F,AP,2500,2048,test,data/test-00000-of-00010.parquet,2126
00003029_000,00003029_000.jpg,test,0,No Finding,3029,0,46,F,PA,2048,2500,test,data/test-00000-of-00010.parquet,2141
00003029_002,00003029_002.jpg,test,0,Nodule,3029,2,48,F,PA,2500,2048,test,data/test-00000-of-00010.parquet,2143
00003062_003,00003062_003.jpg,test,1,Pneumothorax,3062,6,48,F,PA,2992,2991,test,data/test-00000-of-00010.parquet,2169
00003062_004,00003062_004.jpg,test,1,Pneumothorax,3062,7,48,F,PA,2406,2816,test,data/test-00000-of-00010.parquet,2170
00003064_001,00003064_001.jpg,test,0,No Finding,3064,1,34,M,PA,2500,2048,test,data/test-00000-of-00010.parquet,2186
00003064_002,00003064_002.jpg,test,0,Infiltration|Pleural_Thickening,3064,2,34,M,PA,2500,2048,test,data/test-00000-of-00010.parquet,2187
00003089_001,00003089_001.jpg,test,0,No Finding,3089,1,52,F,PA,2446,2461,test,data/test-00000-of-00010.parquet,2273
00003089_002,00003089_002.jpg,test,1,Fibrosis|Mass|Pneumothorax,3089,2,53,F,PA,2992,2991,test,data/test-00000-of-00010.parquet,2274
00003148_008,00003148_008.jpg,test,0,No Finding,3148,0,56,F,PA,2578,2637,test,data/test-00000-of-00010.parquet,2283
00003148_009,00003148_009.jpg,test,0,No Finding,3148,1,57,F,PA,2754,2991,test,data/test-00000-of-00010.parquet,2284
00003148_010,00003148_010.jpg,test,0,No Finding,3148,2,57,F,PA,2834,2991,test,data/test-00000-of-00010.parquet,2285
00003149_000,00003149_000.jpg,test,0,Infiltration,3149,0,39,M,PA,2021,2021,test,data/test-00000-of-00010.parquet,2289
00003149_001,00003149_001.jpg,test,0,No Finding,3149,1,39,M,PA,2021,2021,test,data/test-00000-of-00010.parquet,2290
00003149_002,00003149_002.jpg,test,0,No Finding,3149,2,39,M,AP,3056,2544,test,data/test-00000-of-00010.parquet,2291
00003233_000,00003233_000.jpg,test,1,Mass|Pneumothorax,3233,6,43,F,PA,2928,2805,test,data/test-00000-of-00010.parquet,2298
00003233_007,00003233_007.jpg,test,1,Pneumothorax,3233,4,39,F,PA,2992,2991,test,data/test-00000-of-00010.parquet,2305
00003233_008,00003233_008.jpg,test,1,Pneumothorax,3233,5,42,F,PA,2890,2422,test,data/test-00000-of-00010.parquet,2306
00003239_000,00003239_000.jpg,test,0,Infiltration,3239,0,63,F,PA,2048,2500,test,data/test-00000-of-00010.parquet,2307
00003239_001,00003239_001.jpg,test,0,No Finding,3239,1,65,F,PA,2500,2048,test,data/test-00000-of-00010.parquet,2308
00003239_002,00003239_002.jpg,test,0,Edema,3239,2,66,F,AP,2500,2048,test,data/test-00000-of-00010.parquet,2309
00003333_000,00003333_000.jpg,lakehouse,0,Atelectasis|Consolidation|Infiltration|Mass|Nodule,3333,0,36,F,PA,2048,2500,test,data/test-00000-of-00010.parquet,2310
00003391_001,00003391_001.jpg,test,0,Effusion|Pneumonia,3391,1,55,M,PA,2992,2991,test,data/test-00000-of-00010.parquet,2314
00003391_002,00003391_002.jpg,test,0,Effusion|Pneumonia,3391,2,55,M,PA,2992,2991,test,data/test-00000-of-00010.parquet,2315
00003394_001,00003394_001.jpg,test,0,Atelectasis|Infiltration,3394,1,69,M,AP,3056,2544,test,data/test-00000-of-00010.parquet,2319
00003394_002,00003394_002.jpg,test,0,Effusion|Infiltration,3394,2,69,M,AP,3056,2544,test,data/test-00000-of-00010.parquet,2320
00003460_002,00003460_002.jpg,test,0,Fibrosis,3460,2,47,M,PA,2500,2048,test,data/test-00000-of-00010.parquet,2335
00003483_000,00003483_000.jpg,test,0,Cardiomegaly,3483,0,44,F,PA,2500,2048,test,data/test-00000-of-00010.parquet,2337
00003528_004,00003528_004.jpg,test,0,No Finding,3528,1,42,M,AP,2500,2048,test,data/test-00000-of-00010.parquet,2342
00003529_001,00003529_001.jpg,test,0,No Finding,3529,1,48,F,PA,2500,2048,test,data/test-00000-of-00010.parquet,2407
00003529_002,00003529_002.jpg,test,0,Atelectasis,3529,2,48,F,PA,2594,2765,test,data/test-00000-of-00010.parquet,2408
00003669_000,00003669_000.jpg,test,0,No Finding,3669,0,76,M,PA,2500,2048,test,data/test-00000-of-00010.parquet,2410
00003669_005,00003669_005.jpg,test,1,Pneumothorax,3669,5,80,M,PA,2992,2991,test,data/test-00000-of-00010.parquet,2415
00003787_001,00003787_001.jpg,test,0,No Finding,3787,1,60,F,AP,2500,2048,test,data/test-00000-of-00010.parquet,2420
00003789_001,00003789_001.jpg,test,0,Infiltration,3789,2,41,M,AP,2500,2048,test,data/test-00000-of-00010.parquet,2425
00003803_000,00003803_000.jpg,test,0,Emphysema,3803,0,47,F,AP,2500,2048,test,data/test-00000-of-00010.parquet,2434
00003803_001,00003803_001.jpg,test,0,No Finding,3803,1,47,F,AP,2500,2048,test,data/test-00000-of-00010.parquet,2435
00003894_000,00003894_000.jpg,test,0,No Finding,3894,0,75,M,PA,2500,2048,test,data/test-00000-of-00010.parquet,2448
00003894_006,00003894_006.jpg,test,1,Mass|Pneumothorax,3894,6,79,M,PA,2992,2991,test,data/test-00000-of-00010.parquet,2454
00003901_000,00003901_000.jpg,test,0,Pleural_Thickening,3901,0,53,M,PA,2500,2048,test,data/test-00000-of-00010.parquet,2458
00003938_000,00003938_000.jpg,test,0,Hernia,3938,0,41,M,PA,2500,2048,test,data/test-00000-of-00010.parquet,2459
00003938_001,00003938_001.jpg,test,0,Hernia,3938,1,41,M,PA,2500,2048,test,data/test-00000-of-00010.parquet,2460
00003945_005,00003945_005.jpg,test,1,Emphysema|Pneumothorax,3945,7,53,M,PA,2021,2021,test,data/test-00000-of-00010.parquet,2466
00003945_006,00003945_006.jpg,test,1,Emphysema|Pleural_Thickening|Pneumothorax,3945,8,53,M,PA,2021,2021,test,data/test-00000-of-00010.parquet,2467
00003945_009,00003945_009.jpg,test,1,Pneumothorax,3945,1,41,M,AP,2500,2048,test,data/test-00000-of-00010.parquet,2470
00003948_000,00003948_000.jpg,test,0,No Finding,3948,0,62,M,PA,2500,2048,test,data/test-00000-of-00010.parquet,2473
00003973_003,00003973_003.jpg,test,0,Atelectasis|Cardiomegaly,3973,0,38,F,PA,2048,2500,test,data/test-00000-of-00010.parquet,2479
00003996_000,00003996_000.jpg,test,0,No Finding,3996,0,38,M,PA,2500,2048,test,data/test-00000-of-00010.parquet,2491
00003996_001,00003996_001.jpg,test,0,Infiltration,3996,1,39,M,PA,2048,2500,test,data/test-00000-of-00010.parquet,2492
00003996_002,00003996_002.jpg,test,0,Nodule,3996,2,39,M,PA,2500,2048,test,data/test-00000-of-00010.parquet,2493
00004381_023,00004381_023.jpg,lakehouse,0,No Finding,4381,0,20,M,AP,2500,2048,test,data/test-00001-of-00010.parquet,110
00004526_010,00004526_010.jpg,lakehouse,0,Consolidation,4526,0,33,F,AP,2500,2048,test,data/test-00001-of-00010.parquet,170
00004533_004,00004533_004.jpg,lakehouse,0,Atelectasis,4533,1,27,M,PA,2048,2500,test,data/test-00001-of-00010.parquet,189
00004534_005,00004534_005.jpg,test,0,Cardiomegaly,4534,0,27,F,PA,2992,2991,test,data/test-00001-of-00010.parquet,216
00004547_001,00004547_001.jpg,test,0,Mass|Nodule,4547,1,54,M,PA,2500,2048,test,data/test-00001-of-00010.parquet,223
00004578_000,00004578_000.jpg,test,0,Atelectasis,4578,0,54,F,PA,2566,2465,test,data/test-00001-of-00010.parquet,246
00004578_001,00004578_001.jpg,test,0,Atelectasis|Infiltration,4578,1,54,F,AP,2500,2048,test,data/test-00001-of-00010.parquet,247
00004578_002,00004578_002.jpg,test,0,Atelectasis|Fibrosis,4578,2,54,F,PA,2992,2991,test,data/test-00001-of-00010.parquet,248
00004625_001,00004625_001.jpg,test,1,Effusion|Pleural_Thickening|Pneumothorax,4625,9,50,F,PA,2992,2991,test,data/test-00001-of-00010.parquet,253
00004625_004,00004625_004.jpg,test,0,No Finding,4625,0,42,F,PA,2048,2500,test,data/test-00001-of-00010.parquet,256
00004625_007,00004625_007.jpg,test,1,Consolidation|Infiltration|Pleural_Thickening|Pneumothorax,4625,3,44,F,PA,2710,2761,test,data/test-00001-of-00010.parquet,259
00004630_000,00004630_000.jpg,test,0,Cardiomegaly,4630,0,69,M,AP,2500,2048,test,data/test-00001-of-00010.parquet,264
00004630_001,00004630_001.jpg,test,0,Cardiomegaly,4630,1,69,M,AP,2500,2048,test,data/test-00001-of-00010.parquet,265
00004630_002,00004630_002.jpg,test,0,Cardiomegaly,4630,2,69,M,AP,2500,2048,test,data/test-00001-of-00010.parquet,266
00004808_021,00004808_021.jpg,test,1,Pneumothorax,4808,21,34,M,AP,2500,2048,test,data/test-00001-of-00010.parquet,288
00004808_042,00004808_042.jpg,test,1,Pneumothorax,4808,41,34,M,AP,2500,2048,test,data/test-00001-of-00010.parquet,309
00004808_043,00004808_043.jpg,test,1,Infiltration|Pneumothorax,4808,42,34,M,AP,2048,2500,test,data/test-00001-of-00010.parquet,310
00004822_009,00004822_009.jpg,test,0,No Finding,4822,0,23,M,AP,2500,2048,test,data/test-00001-of-00010.parquet,378
00004822_011,00004822_011.jpg,test,0,Atelectasis,4822,2,24,M,AP,2500,2048,test,data/test-00001-of-00010.parquet,380
00005090_001,00005090_001.jpg,lakehouse,0,Infiltration,5090,1,53,F,AP,2500,2048,test,data/test-00001-of-00010.parquet,826
00005090_002,00005090_002.jpg,lakehouse,0,Infiltration,5090,2,53,F,AP,2500,2048,test,data/test-00001-of-00010.parquet,827
00005140_004,00005140_004.jpg,test,1,Pneumothorax,5140,5,61,F,PA,2021,2021,test,data/test-00001-of-00010.parquet,837
00005266_000,00005266_000.jpg,test,0,No Finding,5266,0,39,F,PA,2500,2048,test,data/test-00001-of-00010.parquet,849
00005266_001,00005266_001.jpg,test,0,Cardiomegaly,5266,1,43,F,PA,2992,2991,test,data/test-00001-of-00010.parquet,850
00005291_000,00005291_000.jpg,test,0,No Finding,5291,0,45,F,PA,2048,2500,test,data/test-00001-of-00010.parquet,851
00005291_001,00005291_001.jpg,test,0,No Finding,5291,1,46,F,PA,2500,2048,test,data/test-00001-of-00010.parquet,852
00005353_001,00005353_001.jpg,lakehouse,0,No Finding,5353,1,30,M,AP,2500,2048,test,data/test-00001-of-00010.parquet,857
00005390_000,00005390_000.jpg,test,0,No Finding,5390,0,77,F,PA,2021,2021,test,data/test-00001-of-00010.parquet,869
00005416_002,00005416_002.jpg,test,0,Nodule,5416,0,60,F,PA,2048,2500,test,data/test-00001-of-00010.parquet,872
00005416_004,00005416_004.jpg,test,0,No Finding,5416,2,67,F,PA,2742,2991,test,data/test-00001-of-00010.parquet,874
00005476_002,00005476_002.jpg,lakehouse,0,Emphysema,5476,2,57,F,PA,2500,2048,test,data/test-00001-of-00010.parquet,877
00005681_008,00005681_008.jpg,lakehouse,1,Pneumothorax,5681,18,46,M,PA,3056,2544,test,data/test-00001-of-00010.parquet,1004
00005801_008,00005801_008.jpg,test,1,Pneumothorax,5801,3,28,F,PA,2542,2653,test,data/test-00001-of-00010.parquet,1102
00005827_000,00005827_000.jpg,test,0,Cardiomegaly,5827,0,43,F,PA,2604,2245,test,data/test-00001-of-00010.parquet,1108
00005869_000,00005869_000.jpg,test,1,Infiltration|Pneumothorax,5869,0,35,F,AP,2500,2048,test,data/test-00001-of-00010.parquet,1113
00005944_001,00005944_001.jpg,test,0,Atelectasis|Edema,5944,1,33,M,AP,2500,2048,test,data/test-00001-of-00010.parquet,1116
00005962_000,00005962_000.jpg,test,0,No Finding,5962,0,28,M,PA,2048,2500,test,data/test-00001-of-00010.parquet,1118
00005962_001,00005962_001.jpg,test,0,Mass|Nodule,5962,1,28,M,PA,2048,2500,test,data/test-00001-of-00010.parquet,1119
00005966_003,00005966_003.jpg,test,1,Infiltration|Pneumothorax,5966,3,51,F,AP,2500,2048,test,data/test-00001-of-00010.parquet,1152
00005966_005,00005966_005.jpg,test,1,Consolidation|Infiltration|Pneumothorax,5966,5,51,F,AP,2500,2048,test,data/test-00001-of-00010.parquet,1154
00005986_010,00005986_010.jpg,test,1,Pneumothorax,5986,10,33,M,PA,2048,2500,test,data/test-00001-of-00010.parquet,1170
00005986_012,00005986_012.jpg,test,1,Emphysema|Pneumothorax,5986,12,33,M,PA,2500,2048,test,data/test-00001-of-00010.parquet,1172
00005986_013,00005986_013.jpg,test,1,Emphysema|Pneumothorax,5986,13,33,M,PA,2500,2048,test,data/test-00001-of-00010.parquet,1173
00006096_000,00006096_000.jpg,test,1,Atelectasis|Pneumothorax,6096,0,47,M,AP,2500,2048,test,data/test-00001-of-00010.parquet,1185
00006096_002,00006096_002.jpg,test,1,Pneumothorax,6096,2,47,M,PA,2992,2991,test,data/test-00001-of-00010.parquet,1187
00006134_001,00006134_001.jpg,test,0,Atelectasis,6134,1,61,M,AP,2500,2048,test,data/test-00001-of-00010.parquet,1199
00006165_000,00006165_000.jpg,lakehouse,0,Fibrosis,6165,0,26,F,PA,2048,2500,test,data/test-00001-of-00010.parquet,1222
00006291_000,00006291_000.jpg,lakehouse,0,Consolidation|Nodule,6291,0,71,F,PA,2544,3056,test,data/test-00001-of-00010.parquet,1332
00006378_000,00006378_000.jpg,test,0,Pleural_Thickening,6378,1,63,F,PA,2992,2991,test,data/test-00001-of-00010.parquet,1412
00006416_000,00006416_000.jpg,test,0,No Finding,6416,0,51,M,PA,2048,2500,test,data/test-00001-of-00010.parquet,1419
00006425_026,00006425_026.jpg,test,1,Mass|Pneumothorax,6425,25,49,M,AP,2500,2048,test,data/test-00001-of-00010.parquet,1454
00006425_027,00006425_027.jpg,test,1,Edema|Emphysema|Pneumothorax,6425,27,49,M,AP,2500,2048,test,data/test-00001-of-00010.parquet,1455
00006472_000,00006472_000.jpg,test,0,No Finding,6472,0,21,M,PA,2500,2048,test,data/test-00001-of-00010.parquet,1457
00006472_001,00006472_001.jpg,test,0,Edema,6472,1,21,M,AP,2500,2048,test,data/test-00001-of-00010.parquet,1458
00006472_002,00006472_002.jpg,test,0,Edema,6472,2,21,M,AP,2500,2048,test,data/test-00001-of-00010.parquet,1459
00006481_001,00006481_001.jpg,test,0,Cardiomegaly|Infiltration,6481,1,49,M,AP,2500,2048,test,data/test-00001-of-00010.parquet,1464
00006481_002,00006481_002.jpg,test,0,No Finding,6481,2,49,M,AP,2048,2500,test,data/test-00001-of-00010.parquet,1465
00006496_000,00006496_000.jpg,test,0,Fibrosis,6496,0,56,M,PA,2500,2048,test,data/test-00001-of-00010.parquet,1497
00006538_001,00006538_001.jpg,test,0,No Finding,6538,1,45,F,PA,2992,2991,test,data/test-00001-of-00010.parquet,1499
00006538_002,00006538_002.jpg,test,1,Pneumothorax,6538,2,46,F,PA,2694,2991,test,data/test-00001-of-00010.parquet,1500
00006586_000,00006586_000.jpg,lakehouse,0,Nodule,6586,0,60,M,PA,2500,2048,test,data/test-00001-of-00010.parquet,1519
00006586_001,00006586_001.jpg,lakehouse,0,Mass|Nodule|Pleural_Thickening,6586,1,60,M,PA,2500,2048,test,data/test-00001-of-00010.parquet,1520
00006586_002,00006586_002.jpg,lakehouse,0,Nodule,6586,2,61,M,PA,2500,2048,test,data/test-00001-of-00010.parquet,1521
00006621_000,00006621_000.jpg,test,0,No Finding,6621,0,49,F,PA,2048,2500,test,data/test-00001-of-00010.parquet,1525
00006674_001,00006674_001.jpg,test,0,No Finding,6674,1,30,M,PA,2500,2048,test,data/test-00001-of-00010.parquet,1535
00006674_002,00006674_002.jpg,test,0,No Finding,6674,2,30,M,AP,2500,2048,test,data/test-00001-of-00010.parquet,1536
00006713_000,00006713_000.jpg,test,0,Effusion|Nodule,6713,0,71,M,PA,2500,2048,test,data/test-00001-of-00010.parquet,1547
00006717_000,00006717_000.jpg,test,0,No Finding,6717,0,58,F,AP,2500,2048,test,data/test-00001-of-00010.parquet,1565
00006717_001,00006717_001.jpg,test,0,No Finding,6717,1,58,F,PA,2048,2500,test,data/test-00001-of-00010.parquet,1566
00006736_000,00006736_000.jpg,test,0,Infiltration|Nodule,6736,0,51,M,PA,2500,2048,test,data/test-00001-of-00010.parquet,1573
00006736_001,00006736_001.jpg,test,0,Nodule,6736,1,51,M,AP,2500,2048,test,data/test-00001-of-00010.parquet,1574
00006751_000,00006751_000.jpg,test,0,Cardiomegaly|Mass|Nodule,6751,0,56,F,PA,2048,2500,test,data/test-00001-of-00010.parquet,1583
00006808_000,00006808_000.jpg,test,0,Atelectasis|Cardiomegaly,6808,0,38,F,PA,2048,2500,test,data/test-00001-of-00010.parquet,1585
00006808_001,00006808_001.jpg,test,0,Atelectasis,6808,1,38,F,AP,2500,2048,test,data/test-00001-of-00010.parquet,1586
00006819_001,00006819_001.jpg,test,0,Effusion,6819,1,64,F,AP,2500,2048,test,data/test-00001-of-00010.parquet,1624
00006821_001,00006821_001.jpg,test,0,Nodule|Pleural_Thickening,6821,1,65,M,PA,2500,2048,test,data/test-00001-of-00010.parquet,1628
00006821_002,00006821_002.jpg,test,0,Mass|Nodule,6821,2,65,M,PA,2500,2048,test,data/test-00001-of-00010.parquet,1629
00006836_000,00006836_000.jpg,test,0,No Finding,6836,0,74,F,AP,2500,2048,test,data/test-00001-of-00010.parquet,1636
00006836_002,00006836_002.jpg,test,0,Atelectasis|Infiltration,6836,2,74,F,AP,2500,2048,test,data/test-00001-of-00010.parquet,1638
00006851_022,00006851_022.jpg,test,1,Atelectasis|Pneumothorax,6851,11,41,M,PA,2500,2048,test,data/test-00001-of-00010.parquet,1670
00006890_000,00006890_000.jpg,lakehouse,0,No Finding,6890,0,31,M,PA,2500,2048,test,data/test-00001-of-00010.parquet,1687
00006912_001,00006912_001.jpg,test,0,No Finding,6912,1,23,M,AP,2500,2048,test,data/test-00001-of-00010.parquet,1694
00006912_005,00006912_005.jpg,test,1,Pneumothorax,6912,5,24,M,AP,2500,2048,test,data/test-00001-of-00010.parquet,1698
00006948_000,00006948_000.jpg,test,0,No Finding,6948,0,50,F,PA,2048,2500,test,data/test-00001-of-00010.parquet,1705
00006964_011,00006964_011.jpg,test,1,Effusion|Infiltration|Pneumothorax,6964,11,51,M,PA,2990,2991,test,data/test-00001-of-00010.parquet,1742
00007017_000,00007017_000.jpg,test,0,No Finding,7017,0,58,F,PA,2048,2500,test,data/test-00001-of-00010.parquet,1761
00007017_001,00007017_001.jpg,test,0,No Finding,7017,1,59,F,PA,2048,2500,test,data/test-00001-of-00010.parquet,1762
00007018_000,00007018_000.jpg,test,0,No Finding,7018,0,20,M,AP,2500,2048,test,data/test-00001-of-00010.parquet,1771
00007034_074,00007034_074.jpg,lakehouse,1,Fibrosis|Pneumothorax,7034,3,26,F,AP,3056,2544,test,data/test-00001-of-00010.parquet,1907
00007034_076,00007034_076.jpg,lakehouse,1,Fibrosis|Pleural_Thickening|Pneumothorax,7034,5,26,F,AP,3032,2544,test,data/test-00001-of-00010.parquet,1909
00007046_008,00007046_008.jpg,test,1,Atelectasis|Consolidation|Pneumothorax,7046,5,42,M,AP,2500,2048,test,data/test-00001-of-00010.parquet,1926
00007099_000,00007099_000.jpg,test,0,Fibrosis,7099,0,30,F,PA,2048,2500,test,data/test-00001-of-00010.parquet,1933
00007120_004,00007120_004.jpg,test,0,Pleural_Thickening,7120,2,51,F,PA,2048,2500,test,data/test-00001-of-00010.parquet,1938
00007124_000,00007124_000.jpg,test,0,No Finding,7124,0,46,F,AP,2500,2048,test,data/test-00001-of-00010.parquet,1951
00007124_001,00007124_001.jpg,test,0,No Finding,7124,1,46,F,AP,2500,2048,test,data/test-00001-of-00010.parquet,1952
00007129_000,00007129_000.jpg,test,0,Pleural_Thickening,7129,0,71,F,PA,2486,2991,test,data/test-00001-of-00010.parquet,1960
00007129_001,00007129_001.jpg,test,0,No Finding,7129,1,72,F,PA,2526,2557,test,data/test-00001-of-00010.parquet,1961
00007305_000,00007305_000.jpg,test,0,Emphysema,7305,0,76,M,PA,2500,2048,test,data/test-00001-of-00010.parquet,1968
00007322_000,00007322_000.jpg,test,0,Mass,7322,0,68,F,AP,2500,2048,test,data/test-00001-of-00010.parquet,1970
00007322_002,00007322_002.jpg,test,0,Effusion|Mass,7322,2,68,F,AP,2500,2048,test,data/test-00001-of-00010.parquet,1972
00007417_000,00007417_000.jpg,test,0,Atelectasis|Consolidation,7417,0,52,M,AP,2500,2048,test,data/test-00001-of-00010.parquet,2003
00007444_002,00007444_002.jpg,test,0,Atelectasis|Mass,7444,2,38,M,PA,2500,2048,test,data/test-00001-of-00010.parquet,2012
00007471_003,00007471_003.jpg,test,1,Atelectasis|Effusion|Pneumothorax,7471,3,58,F,PA,2048,2500,test,data/test-00001-of-00010.parquet,2018
00007471_004,00007471_004.jpg,test,1,Pneumothorax,7471,4,58,F,PA,2048,2500,test,data/test-00001-of-00010.parquet,2019
00007498_000,00007498_000.jpg,lakehouse,0,Fibrosis,7498,0,62,M,PA,2500,2048,test,data/test-00001-of-00010.parquet,2021
00007551_002,00007551_002.jpg,lakehouse,0,No Finding,7551,0,23,M,PA,2048,2500,test,data/test-00001-of-00010.parquet,2031
00007557_014,00007557_014.jpg,test,1,Effusion|Pneumothorax,7557,12,59,M,PA,2500,2048,test,data/test-00001-of-00010.parquet,2065
00007569_001,00007569_001.jpg,test,0,No Finding,7569,0,45,M,PA,2500,2048,test,data/test-00001-of-00010.parquet,2081
00007569_002,00007569_002.jpg,test,0,No Finding,7569,1,46,M,PA,2500,2048,test,data/test-00001-of-00010.parquet,2082
00007629_001,00007629_001.jpg,test,0,Atelectasis|Pneumonia,7629,1,52,M,PA,2500,2048,test,data/test-00001-of-00010.parquet,2102
00007668_000,00007668_000.jpg,test,0,No Finding,7668,0,48,F,PA,2500,2048,test,data/test-00001-of-00010.parquet,2122
00007668_001,00007668_001.jpg,test,0,Infiltration,7668,1,49,F,PA,2500,2048,test,data/test-00001-of-00010.parquet,2123
00007668_002,00007668_002.jpg,test,0,No Finding,7668,2,49,F,AP,2500,2048,test,data/test-00001-of-00010.parquet,2124
00007670_003,00007670_003.jpg,test,1,Pneumothorax,7670,3,45,F,PA,2992,2991,test,data/test-00001-of-00010.parquet,2135
00007676_001,00007676_001.jpg,test,1,Atelectasis|Pneumothorax,7676,1,46,M,AP,2500,2048,test,data/test-00001-of-00010.parquet,2180
00007676_002,00007676_002.jpg,test,1,Atelectasis|Pneumothorax,7676,2,46,M,AP,2500,2048,test,data/test-00001-of-00010.parquet,2181
00007710_000,00007710_000.jpg,test,0,Atelectasis,7710,0,58,F,AP,2500,2048,test,data/test-00001-of-00010.parquet,2197
00007728_002,00007728_002.jpg,lakehouse,0,No Finding,7728,2,26,M,AP,2500,2048,test,data/test-00001-of-00010.parquet,2200
00007750_008,00007750_008.jpg,lakehouse,1,Atelectasis|Effusion|Pneumothorax,7750,8,55,M,PA,2500,2048,test,data/test-00001-of-00010.parquet,2278
00007768_000,00007768_000.jpg,lakehouse,0,Atelectasis|Effusion|Nodule,7768,0,60,F,PA,2500,2048,test,data/test-00001-of-00010.parquet,2286
00007882_001,00007882_001.jpg,test,0,Effusion|Nodule,7882,1,57,M,PA,2500,2048,test,data/test-00001-of-00010.parquet,2308
00007882_002,00007882_002.jpg,test,0,No Finding,7882,2,57,M,AP,2048,2500,test,data/test-00001-of-00010.parquet,2309
00007886_010,00007886_010.jpg,test,1,Mass|Pneumothorax,7886,10,45,F,AP,2500,2048,test,data/test-00001-of-00010.parquet,2320
00007886_011,00007886_011.jpg,test,1,Mass|Pneumothorax,7886,11,45,F,AP,2500,2048,test,data/test-00001-of-00010.parquet,2321
00007886_012,00007886_012.jpg,test,1,Mass|Pneumothorax,7886,12,45,F,PA,2048,2500,test,data/test-00001-of-00010.parquet,2322
00007894_001,00007894_001.jpg,test,0,Fibrosis|Mass,7894,1,70,M,PA,2500,2048,test,data/test-00001-of-00010.parquet,2334
00007914_001,00007914_001.jpg,test,0,No Finding,7914,1,67,M,AP,2500,2048,test,data/test-00001-of-00010.parquet,2342
00007914_002,00007914_002.jpg,test,0,No Finding,7914,2,67,M,PA,2500,2048,test,data/test-00001-of-00010.parquet,2343
00007943_006,00007943_006.jpg,test,1,Emphysema|Pneumothorax,7943,6,70,M,AP,2500,2048,test,data/test-00001-of-00010.parquet,2362
00008005_000,00008005_000.jpg,test,0,No Finding,8005,0,61,F,PA,2048,2500,test,data/test-00001-of-00010.parquet,2371
00008005_005,00008005_005.jpg,test,1,Atelectasis|Infiltration|Pneumothorax,8005,5,62,F,AP,2500,2048,test,data/test-00001-of-00010.parquet,2376
00008008_014,00008008_014.jpg,test,1,Emphysema|Pneumothorax,8008,14,21,F,PA,2992,2991,test,data/test-00001-of-00010.parquet,2393
00008008_015,00008008_015.jpg,test,1,Emphysema|Pneumothorax,8008,15,21,F,PA,2992,2991,test,data/test-00001-of-00010.parquet,2394
00008269_001,00008269_001.jpg,test,0,No Finding,8269,1,44,F,AP,2500,2048,test,data/test-00001-of-00010.parquet,2449
00008295_021,00008295_021.jpg,test,1,Pneumothorax,8295,2,55,M,AP,2500,2048,test,data/test-00001-of-00010.parquet,2498
00008339_000,00008339_000.jpg,lakehouse,0,Cardiomegaly,8339,0,55,M,PA,2500,2048,test,data/test-00001-of-00010.parquet,2523
00008339_001,00008339_001.jpg,lakehouse,0,No Finding,8339,1,55,M,PA,2500,2048,test,data/test-00001-of-00010.parquet,2524
00008339_002,00008339_002.jpg,lakehouse,0,Atelectasis|Infiltration,8339,2,56,M,PA,2500,2048,test,data/test-00001-of-00010.parquet,2525
00008383_006,00008383_006.jpg,test,1,Pneumothorax,8383,6,44,F,PA,2790,2991,test,data/test-00001-of-00010.parquet,2546
00008386_001,00008386_001.jpg,test,0,No Finding,8386,1,51,M,PA,2992,2991,test,data/test-00001-of-00010.parquet,2548
00008397_010,00008397_010.jpg,test,1,Pneumothorax,8397,10,53,M,PA,2500,2048,test,data/test-00002-of-00010.parquet,0
00008397_011,00008397_011.jpg,test,1,Pneumothorax,8397,12,53,M,PA,2500,2048,test,data/test-00002-of-00010.parquet,1
00008399_001,00008399_001.jpg,test,0,Atelectasis,8399,1,40,F,PA,2500,2048,test,data/test-00002-of-00010.parquet,12
00008399_002,00008399_002.jpg,test,0,No Finding,8399,2,40,F,AP,2500,2048,test,data/test-00002-of-00010.parquet,13
00008404_000,00008404_000.jpg,test,0,Cardiomegaly,8404,0,55,M,PA,2992,2991,test,data/test-00002-of-00010.parquet,20
00008407_000,00008407_000.jpg,test,0,Fibrosis,8407,0,55,F,PA,2500,2048,test,data/test-00002-of-00010.parquet,21
00008499_000,00008499_000.jpg,test,0,No Finding,8499,0,51,F,PA,2500,2048,test,data/test-00002-of-00010.parquet,22
00008499_001,00008499_001.jpg,test,1,Emphysema|Fibrosis|Pneumothorax,8499,1,51,F,AP,2500,2048,test,data/test-00002-of-00010.parquet,23
00008499_002,00008499_002.jpg,test,0,Emphysema,8499,2,51,F,AP,2500,2048,test,data/test-00002-of-00010.parquet,24
00008508_002,00008508_002.jpg,lakehouse,0,Cardiomegaly,8508,2,64,M,PA,2992,2991,test,data/test-00002-of-00010.parquet,29
00008566_003,00008566_003.jpg,lakehouse,1,Atelectasis|Emphysema|Pneumothorax,8566,3,34,F,PA,2048,2500,test,data/test-00002-of-00010.parquet,121
00008566_004,00008566_004.jpg,lakehouse,1,Atelectasis|Infiltration|Pleural_Thickening|Pneumothorax,8566,4,34,F,PA,2048,2500,test,data/test-00002-of-00010.parquet,122
00008729_002,00008729_002.jpg,test,0,Pleural_Thickening,8729,2,39,F,PA,2500,2048,test,data/test-00002-of-00010.parquet,207
00008814_004,00008814_004.jpg,test,0,No Finding,8814,0,30,M,PA,2698,2991,test,data/test-00002-of-00010.parquet,212
00008814_005,00008814_005.jpg,test,1,Pneumothorax,8814,1,30,M,AP,2500,2048,test,data/test-00002-of-00010.parquet,213
00008814_006,00008814_006.jpg,test,1,Pneumothorax,8814,2,30,M,AP,2500,2048,test,data/test-00002-of-00010.parquet,214
00008841_012,00008841_012.jpg,lakehouse,1,Atelectasis|Emphysema|Pneumothorax,8841,7,48,F,PA,2738,2873,test,data/test-00002-of-00010.parquet,231
00008841_014,00008841_014.jpg,lakehouse,1,Atelectasis|Emphysema|Pneumothorax,8841,9,48,F,PA,2048,2500,test,data/test-00002-of-00010.parquet,233
00008841_018,00008841_018.jpg,lakehouse,1,Atelectasis|Pneumothorax,8841,13,48,F,PA,2592,2697,test,data/test-00002-of-00010.parquet,237
00008866_000,00008866_000.jpg,test,1,Emphysema|Pneumothorax,8866,0,20,M,AP,2500,2048,test,data/test-00002-of-00010.parquet,284
00008866_001,00008866_001.jpg,test,0,Emphysema,8866,1,20,M,AP,2500,2048,test,data/test-00002-of-00010.parquet,285
00008866_004,00008866_004.jpg,test,1,Pneumothorax,8866,4,20,M,PA,2500,2048,test,data/test-00002-of-00010.parquet,288
00008911_000,00008911_000.jpg,test,0,No Finding,8911,0,63,M,AP,2500,2048,test,data/test-00002-of-00010.parquet,290
00008911_024,00008911_024.jpg,test,1,Emphysema|Pleural_Thickening|Pneumothorax,8911,24,63,M,AP,2500,2048,test,data/test-00002-of-00010.parquet,314
00008911_025,00008911_025.jpg,test,1,Emphysema|Pneumothorax,8911,25,63,M,AP,2500,2048,test,data/test-00002-of-00010.parquet,315
00008924_000,00008924_000.jpg,test,0,Mass,8924,0,52,M,PA,2500,2048,test,data/test-00002-of-00010.parquet,324
00008924_002,00008924_002.jpg,test,0,Infiltration,8924,2,53,M,AP,2500,2048,test,data/test-00002-of-00010.parquet,326
00008978_001,00008978_001.jpg,test,0,No Finding,8978,1,58,M,PA,2500,2048,test,data/test-00002-of-00010.parquet,335
00008978_002,00008978_002.jpg,test,0,Emphysema,8978,2,58,M,PA,2500,2048,test,data/test-00002-of-00010.parquet,336
00009015_002,00009015_002.jpg,test,0,Atelectasis|Effusion|Fibrosis|Infiltration,9015,2,56,M,PA,2500,2048,test,data/test-00002-of-00010.parquet,341
00009107_000,00009107_000.jpg,test,0,Atelectasis,9107,0,41,M,AP,2500,2048,test,data/test-00002-of-00010.parquet,343
00009107_001,00009107_001.jpg,test,0,Atelectasis|Infiltration,9107,1,46,M,PA,2992,2991,test,data/test-00002-of-00010.parquet,344
00009107_002,00009107_002.jpg,test,0,Atelectasis,9107,2,46,M,PA,2992,2991,test,data/test-00002-of-00010.parquet,345
00009138_006,00009138_006.jpg,test,1,Infiltration|Pneumothorax,9138,5,68,M,AP,2500,2048,test,data/test-00002-of-00010.parquet,361
00009138_007,00009138_007.jpg,test,1,Infiltration|Pneumothorax,9138,7,68,M,AP,2500,2048,test,data/test-00002-of-00010.parquet,362
00009218_012,00009218_012.jpg,test,1,Pneumothorax,9218,12,39,M,AP,2500,2048,test,data/test-00002-of-00010.parquet,434
00009229_001,00009229_001.jpg,test,0,No Finding,9229,1,35,M,AP,2500,2048,test,data/test-00002-of-00010.parquet,463
00009229_002,00009229_002.jpg,test,0,Infiltration,9229,2,35,M,AP,2048,2500,test,data/test-00002-of-00010.parquet,464
00009256_003,00009256_003.jpg,test,0,Atelectasis|Consolidation,9256,2,54,F,AP,2500,2048,test,data/test-00002-of-00010.parquet,536
00009290_000,00009290_000.jpg,test,0,Mass,9290,0,41,F,PA,2500,2048,test,data/test-00002-of-00010.parquet,542
00009342_000,00009342_000.jpg,test,0,Cardiomegaly|Effusion,9342,0,53,F,PA,2048,2500,test,data/test-00002-of-00010.parquet,543
00009349_014,00009349_014.jpg,test,1,Atelectasis|Emphysema|Infiltration|Mass|Pneumothorax,9349,14,69,M,PA,2500,2048,test,data/test-00002-of-00010.parquet,569
00009368_003,00009368_003.jpg,test,1,Pneumothorax,9368,3,82,M,AP,2500,2048,test,data/test-00002-of-00010.parquet,603
00009375_000,00009375_000.jpg,test,0,Infiltration|Mass,9375,0,63,F,PA,2048,2500,test,data/test-00002-of-00010.parquet,623
00009375_001,00009375_001.jpg,test,0,Fibrosis|Mass,9375,1,63,F,PA,2048,2500,test,data/test-00002-of-00010.parquet,624
00009403_004,00009403_004.jpg,test,1,Pneumothorax,9403,4,56,M,PA,2500,2048,test,data/test-00002-of-00010.parquet,634
00009403_005,00009403_005.jpg,test,1,Nodule|Pneumothorax,9403,5,56,M,PA,2500,2048,test,data/test-00002-of-00010.parquet,635
00009437_003,00009437_003.jpg,test,1,Pneumothorax,9437,11,44,F,PA,2412,2607,test,data/test-00002-of-00010.parquet,664
00009437_008,00009437_008.jpg,test,0,Atelectasis|Effusion,9437,1,38,F,PA,2442,2991,test,data/test-00002-of-00010.parquet,669
00009669_000,00009669_000.jpg,lakehouse,0,Atelectasis|Mass,9669,0,38,M,AP,2500,2048,test,data/test-00002-of-00010.parquet,816
00009669_001,00009669_001.jpg,lakehouse,0,No Finding,9669,1,38,M,AP,2500,2048,test,data/test-00002-of-00010.parquet,817
00009669_002,00009669_002.jpg,lakehouse,0,No Finding,9669,2,38,M,AP,2500,2048,test,data/test-00002-of-00010.parquet,818
00009745_000,00009745_000.jpg,lakehouse,0,Cardiomegaly,9745,1,54,F,PA,2021,2021,test,data/test-00002-of-00010.parquet,836
00009745_001,00009745_001.jpg,lakehouse,0,No Finding,9745,0,44,F,AP,2048,2500,test,data/test-00002-of-00010.parquet,837
00009863_044,00009863_044.jpg,test,1,Pneumothorax,9863,43,40,F,AP,2500,2048,test,data/test-00002-of-00010.parquet,947
00009863_045,00009863_045.jpg,test,1,Infiltration|Pneumothorax,9863,45,40,F,AP,2500,2048,test,data/test-00002-of-00010.parquet,948
00009889_013,00009889_013.jpg,test,1,Emphysema|Pneumothorax,9889,13,24,M,AP,2500,2048,test,data/test-00002-of-00010.parquet,976
00009889_015,00009889_015.jpg,test,1,Pneumothorax,9889,15,24,M,AP,2500,2048,test,data/test-00002-of-00010.parquet,978
00009953_025,00009953_025.jpg,test,1,Edema|Infiltration|Mass|Pneumonia|Pneumothorax,9953,25,56,F,AP,2500,2048,test,data/test-00002-of-00010.parquet,1106
00009979_000,00009979_000.jpg,lakehouse,0,Consolidation|Fibrosis|Mass,9979,0,72,M,PA,2048,2500,test,data/test-00002-of-00010.parquet,1123
00010012_035,00010012_035.jpg,lakehouse,1,Consolidation|Emphysema|Pneumothorax,10012,35,52,M,AP,2500,2048,test,data/test-00002-of-00010.parquet,1344
00010071_004,00010071_004.jpg,test,1,Atelectasis|Emphysema|Pneumonia|Pneumothorax,10071,4,34,F,PA,2048,2500,test,data/test-00002-of-00010.parquet,1359
00010092_016,00010092_016.jpg,test,1,Infiltration|Pneumothorax,10092,15,47,F,PA,2990,2485,test,data/test-00002-of-00010.parquet,1384
00010103_000,00010103_000.jpg,test,0,Atelectasis|Emphysema|Infiltration,10103,0,68,M,PA,2500,2048,test,data/test-00002-of-00010.parquet,1422
00010103_001,00010103_001.jpg,test,0,Infiltration|Mass,10103,1,68,M,AP,2500,2048,test,data/test-00002-of-00010.parquet,1423
00010103_002,00010103_002.jpg,test,0,Emphysema|Mass|Pleural_Thickening,10103,2,68,M,PA,2500,2048,test,data/test-00002-of-00010.parquet,1424
00010120_002,00010120_002.jpg,test,0,No Finding,10120,0,48,M,PA,2992,2991,test,data/test-00002-of-00010.parquet,1439
00010120_003,00010120_003.jpg,test,0,No Finding,10120,1,48,M,PA,2992,2991,test,data/test-00002-of-00010.parquet,1440
00010120_021,00010120_021.jpg,test,1,Emphysema|Pneumothorax,10120,19,52,M,PA,2890,2991,test,data/test-00002-of-00010.parquet,1458
00010125_000,00010125_000.jpg,test,0,Fibrosis,10125,0,50,F,PA,2992,2991,test,data/test-00002-of-00010.parquet,1468
00010172_000,00010172_000.jpg,lakehouse,0,Effusion,10172,0,58,F,PA,2992,2991,test,data/test-00002-of-00010.parquet,1473
00010172_001,00010172_001.jpg,lakehouse,0,Atelectasis|Effusion,10172,1,59,F,AP,2500,2048,test,data/test-00002-of-00010.parquet,1474
00010172_002,00010172_002.jpg,lakehouse,0,Atelectasis|Effusion|Pleural_Thickening,10172,2,59,F,PA,2992,2991,test,data/test-00002-of-00010.parquet,1475
00010198_001,00010198_001.jpg,test,0,No Finding,10198,0,60,M,PA,2992,2991,test,data/test-00002-of-00010.parquet,1479
00010198_002,00010198_002.jpg,test,0,No Finding,10198,1,60,M,PA,2992,2991,test,data/test-00002-of-00010.parquet,1480
00010198_006,00010198_006.jpg,test,1,Atelectasis|Emphysema|Pneumothorax,10198,4,61,M,PA,2992,2991,test,data/test-00002-of-00010.parquet,1484
00010338_001,00010338_001.jpg,test,0,No Finding,10338,1,69,M,PA,2992,2991,test,data/test-00002-of-00010.parquet,1502
00010380_007,00010380_007.jpg,test,0,No Finding,10380,2,36,F,AP,2500,2048,test,data/test-00002-of-00010.parquet,1528
00010447_011,00010447_011.jpg,test,1,Atelectasis|Infiltration|Pneumothorax,10447,11,63,F,AP,2500,2048,test,data/test-00002-of-00010.parquet,1546
00010447_013,00010447_013.jpg,test,1,Consolidation|Infiltration|Mass|Pneumothorax,10447,13,63,F,AP,2500,2048,test,data/test-00002-of-00010.parquet,1548
00010478_001,00010478_001.jpg,test,0,No Finding,10478,1,53,F,PA,2862,2982,test,data/test-00002-of-00010.parquet,1566
00010478_002,00010478_002.jpg,test,0,No Finding,10478,2,54,F,AP,2500,2048,test,data/test-00002-of-00010.parquet,1567
00010481_012,00010481_012.jpg,test,0,No Finding,10481,1,44,M,AP,2500,2048,test,data/test-00002-of-00010.parquet,1591
00010512_006,00010512_006.jpg,test,1,Atelectasis|Effusion|Pneumothorax,10512,6,49,M,PA,2992,2991,test,data/test-00002-of-00010.parquet,1626
00010512_009,00010512_009.jpg,test,1,Effusion|Pneumothorax,10512,9,49,M,PA,2894,2725,test,data/test-00002-of-00010.parquet,1629
00010535_001,00010535_001.jpg,test,0,Atelectasis,10535,1,62,M,PA,2992,2991,test,data/test-00002-of-00010.parquet,1632
00010535_002,00010535_002.jpg,test,0,Edema|Infiltration,10535,2,62,M,PA,2992,2991,test,data/test-00002-of-00010.parquet,1633
00010563_000,00010563_000.jpg,test,0,No Finding,10563,0,30,M,PA,2798,2873,test,data/test-00002-of-00010.parquet,1663
00010563_001,00010563_001.jpg,test,0,No Finding,10563,1,30,M,PA,2814,2773,test,data/test-00002-of-00010.parquet,1664
00010563_002,00010563_002.jpg,test,0,No Finding,10563,2,30,M,PA,2850,2793,test,data/test-00002-of-00010.parquet,1665
00010568_001,00010568_001.jpg,test,1,Atelectasis|Pneumothorax,10568,1,54,F,AP,2500,2048,test,data/test-00002-of-00010.parquet,1693
00010568_002,00010568_002.jpg,test,1,Atelectasis|Effusion|Pneumothorax,10568,2,54,F,AP,2500,2048,test,data/test-00002-of-00010.parquet,1694
00010575_001,00010575_001.jpg,test,0,Nodule,10575,1,66,M,AP,2500,2048,test,data/test-00002-of-00010.parquet,1702
00010575_002,00010575_002.jpg,test,0,Atelectasis|Effusion|Infiltration,10575,2,66,M,PA,2898,2633,test,data/test-00002-of-00010.parquet,1703
00010610_002,00010610_002.jpg,test,0,No Finding,10610,0,27,M,PA,2992,2973,test,data/test-00002-of-00010.parquet,1708
00010610_004,00010610_004.jpg,test,0,Infiltration,10610,2,27,M,PA,2992,2991,test,data/test-00002-of-00010.parquet,1710
00010625_000,00010625_000.jpg,test,0,Atelectasis|Effusion|Infiltration,10625,0,35,F,PA,2974,2991,test,data/test-00002-of-00010.parquet,1714
00010625_001,00010625_001.jpg,test,0,No Finding,10625,1,35,F,PA,2992,2991,test,data/test-00002-of-00010.parquet,1715
00010625_002,00010625_002.jpg,test,0,No Finding,10625,2,35,F,AP,2500,2048,test,data/test-00002-of-00010.parquet,1716
00010650_000,00010650_000.jpg,test,0,No Finding,10650,0,58,F,PA,2562,2597,test,data/test-00002-of-00010.parquet,1738
00010650_001,00010650_001.jpg,test,0,No Finding,10650,1,59,F,PA,2754,2633,test,data/test-00002-of-00010.parquet,1739
00010652_000,00010652_000.jpg,test,0,Atelectasis|Pneumonia,10652,1,43,F,PA,3056,2544,test,data/test-00002-of-00010.parquet,1740
00010652_001,00010652_001.jpg,test,0,No Finding,10652,2,44,F,PA,3056,2544,test,data/test-00002-of-00010.parquet,1741
00010677_005,00010677_005.jpg,lakehouse,1,Effusion|Pneumothorax,10677,5,55,F,AP,2500,2048,test,data/test-00002-of-00010.parquet,1751
00010709_000,00010709_000.jpg,test,0,Atelectasis,10709,0,45,M,AP,2500,2048,test,data/test-00002-of-00010.parquet,1784
00010709_001,00010709_001.jpg,test,0,Atelectasis|Effusion,10709,1,45,M,AP,2500,2048,test,data/test-00002-of-00010.parquet,1785
00010709_002,00010709_002.jpg,test,0,Effusion,10709,2,46,M,PA,2992,2991,test,data/test-00002-of-00010.parquet,1786
00010767_004,00010767_004.jpg,test,1,Emphysema|Pneumothorax,10767,4,57,M,AP,2500,2048,test,data/test-00002-of-00010.parquet,1797
00010770_000,00010770_000.jpg,test,0,Atelectasis|Cardiomegaly|Pleural_Thickening,10770,0,62,F,PA,2682,2991,test,data/test-00002-of-00010.parquet,1820
00010775_009,00010775_009.jpg,test,1,Atelectasis|Effusion|Pneumothorax,10775,9,36,F,PA,2992,2729,test,data/test-00002-of-00010.parquet,1830
00010815_000,00010815_000.jpg,test,0,Mass|Nodule|Pleural_Thickening,10815,0,65,M,PA,2500,2048,test,data/test-00002-of-00010.parquet,1893
00010815_001,00010815_001.jpg,test,0,No Finding,10815,1,65,M,AP,2500,2048,test,data/test-00002-of-00010.parquet,1894
00010936_009,00010936_009.jpg,test,1,Atelectasis|Emphysema|Pneumothorax,10936,5,36,F,PA,2992,2991,test,data/test-00002-of-00010.parquet,2013
00010936_010,00010936_010.jpg,test,1,Atelectasis|Emphysema|Infiltration|Pneumothorax,10936,6,36,F,PA,2734,2649,test,data/test-00002-of-00010.parquet,2014
00010943_000,00010943_000.jpg,test,0,Atelectasis|Pneumonia,10943,0,37,F,PA,2500,2048,test,data/test-00002-of-00010.parquet,2034
00010943_001,00010943_001.jpg,test,0,No Finding,10943,1,37,F,AP,2500,2048,test,data/test-00002-of-00010.parquet,2035
00010948_000,00010948_000.jpg,test,0,No Finding,10948,0,18,M,AP,2500,2048,test,data/test-00002-of-00010.parquet,2038
00010948_001,00010948_001.jpg,test,0,Effusion|Mass,10948,1,18,M,AP,2500,2048,test,data/test-00002-of-00010.parquet,2039
00010959_000,00010959_000.jpg,test,0,No Finding,10959,0,38,M,PA,2678,2801,test,data/test-00002-of-00010.parquet,2040
00010959_001,00010959_001.jpg,test,0,No Finding,10959,1,39,M,PA,2936,2991,test,data/test-00002-of-00010.parquet,2041
00010959_002,00010959_002.jpg,test,0,No Finding,10959,2,39,M,PA,2882,2633,test,data/test-00002-of-00010.parquet,2042
00010967_000,00010967_000.jpg,test,0,Fibrosis|Mass,10967,0,68,M,PA,2806,2889,test,data/test-00002-of-00010.parquet,2056
00011121_000,00011121_000.jpg,test,0,No Finding,11121,0,46,F,PA,2048,2500,test,data/test-00002-of-00010.parquet,2075
00011121_001,00011121_001.jpg,test,0,No Finding,11121,1,46,F,PA,2048,2500,test,data/test-00002-of-00010.parquet,2076
00011121_003,00011121_003.jpg,test,0,No Finding,11121,2,46,F,AP,2500,2048,test,data/test-00002-of-00010.parquet,2078
00011124_002,00011124_002.jpg,test,0,Edema|Emphysema,11124,2,66,M,PA,2630,2991,test,data/test-00002-of-00010.parquet,2088
00011136_006,00011136_006.jpg,lakehouse,0,Effusion|Infiltration,11136,2,27,M,PA,2992,2991,test,data/test-00002-of-00010.parquet,2096
00011151_000,00011151_000.jpg,test,0,Mass,11151,0,58,M,PA,2500,2048,test,data/test-00002-of-00010.parquet,2113
00011151_002,00011151_002.jpg,test,0,No Finding,11151,2,58,M,AP,2500,2048,test,data/test-00002-of-00010.parquet,2115
00011157_000,00011157_000.jpg,lakehouse,0,Mass,11157,0,23,M,PA,2992,2991,test,data/test-00002-of-00010.parquet,2120
00011157_001,00011157_001.jpg,lakehouse,0,Mass,11157,1,23,M,PA,2500,2048,test,data/test-00002-of-00010.parquet,2121
00011214_000,00011214_000.jpg,test,0,Infiltration,11214,0,65,M,PA,2992,2991,test,data/test-00002-of-00010.parquet,2122
00011214_001,00011214_001.jpg,test,0,Fibrosis,11214,1,65,M,PA,2992,2991,test,data/test-00002-of-00010.parquet,2123
00011226_009,00011226_009.jpg,test,1,Effusion|Pneumothorax,11226,3,43,F,AP,2048,2500,test,data/test-00002-of-00010.parquet,2134
00011226_026,00011226_026.jpg,test,1,Effusion|Infiltration|Nodule|Pneumothorax,11226,20,44,F,AP,2500,2048,test,data/test-00002-of-00010.parquet,2151
00011269_008,00011269_008.jpg,lakehouse,1,Consolidation|Pneumothorax,11269,8,41,M,PA,2992,2991,test,data/test-00002-of-00010.parquet,2288
00011463_000,00011463_000.jpg,test,0,Cardiomegaly,11463,0,28,F,PA,2786,2649,test,data/test-00003-of-00010.parquet,5
00011463_001,00011463_001.jpg,test,0,Cardiomegaly,11463,1,29,F,PA,2442,2461,test,data/test-00003-of-00010.parquet,6
00011463_002,00011463_002.jpg,test,0,Cardiomegaly|Edema,11463,2,29,F,AP,2500,2048,test,data/test-00003-of-00010.parquet,7
00011514_001,00011514_001.jpg,test,0,No Finding,11514,0,45,M,PA,2992,2991,test,data/test-00003-of-00010.parquet,12
00011514_002,00011514_002.jpg,test,0,Atelectasis,11514,1,45,M,AP,2500,2048,test,data/test-00003-of-00010.parquet,13
00011514_003,00011514_003.jpg,test,0,No Finding,11514,2,45,M,AP,2500,2048,test,data/test-00003-of-00010.parquet,14
00011557_001,00011557_001.jpg,test,0,No Finding,11557,0,36,M,AP,2500,2048,test,data/test-00003-of-00010.parquet,40
00011576_000,00011576_000.jpg,test,0,Fibrosis|Nodule,11576,0,70,M,PA,2992,2991,test,data/test-00003-of-00010.parquet,44
00011576_001,00011576_001.jpg,test,0,No Finding,11576,1,70,M,PA,2992,2991,test,data/test-00003-of-00010.parquet,45
00011579_000,00011579_000.jpg,test,0,No Finding,11579,0,57,M,PA,2992,2991,test,data/test-00003-of-00010.parquet,49
00011579_018,00011579_018.jpg,test,1,Pneumothorax,11579,18,57,M,AP,2500,2048,test,data/test-00003-of-00010.parquet,67
00011702_029,00011702_029.jpg,test,1,Atelectasis|Consolidation|Infiltration|Pneumothorax,11702,27,25,F,AP,2500,2048,test,data/test-00003-of-00010.parquet,215
00011702_030,00011702_030.jpg,test,1,Pneumothorax,11702,28,25,F,AP,2500,2048,test,data/test-00003-of-00010.parquet,216
00011749_000,00011749_000.jpg,test,0,Cardiomegaly,11749,0,44,M,PA,2992,2991,test,data/test-00003-of-00010.parquet,272
00011804_012,00011804_012.jpg,test,1,Effusion|Mass|Pleural_Thickening|Pneumothorax,11804,12,56,M,AP,2500,2048,test,data/test-00003-of-00010.parquet,286
00011814_010,00011814_010.jpg,test,1,Atelectasis|Effusion|Infiltration|Pneumothorax,11814,10,66,M,PA,2610,2701,test,data/test-00003-of-00010.parquet,310
00011827_000,00011827_000.jpg,test,0,No Finding,11827,0,29,F,AP,2500,2048,test,data/test-00003-of-00010.parquet,332
00011831_003,00011831_003.jpg,lakehouse,1,Pneumothorax,11831,3,56,F,AP,2500,2048,test,data/test-00003-of-00010.parquet,351
00011831_004,00011831_004.jpg,lakehouse,1,Pneumothorax,11831,4,56,F,PA,2990,2991,test,data/test-00003-of-00010.parquet,352
00011832_000,00011832_000.jpg,test,0,Nodule,11832,0,64,M,PA,2992,2991,test,data/test-00003-of-00010.parquet,374
00011832_001,00011832_001.jpg,test,0,No Finding,11832,1,64,M,PA,2902,2729,test,data/test-00003-of-00010.parquet,375
00011833_000,00011833_000.jpg,test,0,Pleural_Thickening,11833,0,28,M,PA,2770,2991,test,data/test-00003-of-00010.parquet,380
00011833_001,00011833_001.jpg,test,0,No Finding,11833,1,28,M,PA,2650,2991,test,data/test-00003-of-00010.parquet,381
00011857_000,00011857_000.jpg,test,0,Atelectasis|Infiltration,11857,0,45,M,AP,2500,2048,test,data/test-00003-of-00010.parquet,382
00011857_001,00011857_001.jpg,test,0,Atelectasis|Consolidation|Effusion|Infiltration,11857,1,45,M,PA,2992,2991,test,data/test-00003-of-00010.parquet,383
00011986_002,00011986_002.jpg,lakehouse,0,No Finding,11986,0,61,F,PA,2530,2529,test,data/test-00003-of-00010.parquet,524
00012005_000,00012005_000.jpg,lakehouse,0,No Finding,12005,0,47,M,PA,2992,2991,test,data/test-00003-of-00010.parquet,525
00012012_001,00012012_001.jpg,lakehouse,1,Pneumothorax,12012,7,42,F,PA,2992,2991,test,data/test-00003-of-00010.parquet,532
00012012_007,00012012_007.jpg,lakehouse,1,Effusion|Pneumonia|Pneumothorax,12012,1,37,F,PA,2718,2948,test,data/test-00003-of-00010.parquet,538
00012045_041,00012045_041.jpg,test,1,Effusion|Pneumothorax,12045,40,45,F,PA,2992,2991,test,data/test-00003-of-00010.parquet,670
00012048_001,00012048_001.jpg,test,0,Mass|Nodule,12048,1,64,M,PA,2992,2991,test,data/test-00003-of-00010.parquet,688
00012048_003,00012048_003.jpg,test,0,Mass,12048,2,64,M,AP,2500,2048,test,data/test-00003-of-00010.parquet,690
00012087_025,00012087_025.jpg,test,1,Effusion|Pneumothorax,12087,13,64,F,PA,2992,2991,test,data/test-00003-of-00010.parquet,723
00012094_003,00012094_003.jpg,test,1,Effusion|Pneumothorax,12094,3,63,F,PA,2992,2991,test,data/test-00003-of-00010.parquet,766
00012094_004,00012094_004.jpg,test,1,Edema|Emphysema|Pneumothorax,12094,4,63,F,AP,2500,2048,test,data/test-00003-of-00010.parquet,767
00012141_001,00012141_001.jpg,test,0,No Finding,12141,1,31,M,PA,2500,2048,test,data/test-00003-of-00010.parquet,836
00012156_000,00012156_000.jpg,lakehouse,0,Nodule,12156,0,57,M,PA,2562,2553,test,data/test-00003-of-00010.parquet,862
00012156_002,00012156_002.jpg,lakehouse,0,Nodule,12156,2,58,M,PA,2992,2991,test,data/test-00003-of-00010.parquet,864
00012174_000,00012174_000.jpg,test,0,Effusion|Mass,12174,0,83,F,PA,2992,2991,test,data/test-00003-of-00010.parquet,870
00012175_001,00012175_001.jpg,test,0,No Finding,12175,1,42,M,PA,2992,2991,test,data/test-00003-of-00010.parquet,872
00012217_000,00012217_000.jpg,test,0,Fibrosis,12217,0,76,M,PA,2992,2991,test,data/test-00003-of-00010.parquet,881
00012261_001,00012261_001.jpg,lakehouse,0,Atelectasis|Cardiomegaly|Pneumonia,12261,1,60,M,AP,3056,2544,test,data/test-00003-of-00010.parquet,884
00012263_002,00012263_002.jpg,test,0,Effusion|Mass,12263,2,34,F,PA,2992,2991,test,data/test-00003-of-00010.parquet,887
00012270_000,00012270_000.jpg,test,1,Infiltration|Mass|Pneumothorax,12270,0,26,F,PA,2992,2991,test,data/test-00003-of-00010.parquet,896
00012270_002,00012270_002.jpg,test,0,Consolidation|Infiltration,12270,2,26,F,PA,2992,2991,test,data/test-00003-of-00010.parquet,898
00012288_000,00012288_000.jpg,test,0,Cardiomegaly,12288,0,65,F,PA,2990,2991,test,data/test-00003-of-00010.parquet,903
00012288_001,00012288_001.jpg,test,0,No Finding,12288,1,65,F,AP,2500,2048,test,data/test-00003-of-00010.parquet,904
00012291_000,00012291_000.jpg,test,0,No Finding,12291,0,51,M,PA,2738,2991,test,data/test-00003-of-00010.parquet,905
00012291_001,00012291_001.jpg,test,0,No Finding,12291,1,52,M,PA,2992,2991,test,data/test-00003-of-00010.parquet,906
00012291_007,00012291_007.jpg,test,1,Atelectasis|Pneumothorax,12291,7,53,M,PA,2992,2991,test,data/test-00003-of-00010.parquet,912
00012294_001,00012294_001.jpg,test,0,No Finding,12294,1,37,M,PA,2992,2991,test,data/test-00003-of-00010.parquet,923
00012294_009,00012294_009.jpg,test,1,Consolidation|Effusion|Pneumothorax,12294,9,37,M,PA,2992,2991,test,data/test-00003-of-00010.parquet,931
00012298_006,00012298_006.jpg,test,0,No Finding,12298,0,60,M,PA,2992,2991,test,data/test-00003-of-00010.parquet,945
00012298_007,00012298_007.jpg,test,0,Emphysema,12298,1,61,M,PA,2500,2048,test,data/test-00003-of-00010.parquet,946
00012299_001,00012299_001.jpg,test,0,No Finding,12299,1,22,M,PA,2992,2991,test,data/test-00003-of-00010.parquet,958
00012310_000,00012310_000.jpg,test,0,No Finding,12310,0,49,M,PA,2992,2991,test,data/test-00003-of-00010.parquet,963
00012310_001,00012310_001.jpg,test,0,No Finding,12310,1,49,M,PA,2500,2048,test,data/test-00003-of-00010.parquet,964
00012310_002,00012310_002.jpg,test,0,No Finding,12310,2,49,M,PA,2992,2991,test,data/test-00003-of-00010.parquet,965
00012364_000,00012364_000.jpg,lakehouse,0,No Finding,12364,0,51,F,PA,2690,2845,test,data/test-00003-of-00010.parquet,969
00012386_002,00012386_002.jpg,lakehouse,0,No Finding,12386,2,49,F,AP,2500,2048,test,data/test-00003-of-00010.parquet,1075
00012415_004,00012415_004.jpg,test,1,Nodule|Pneumothorax,12415,4,44,F,PA,2992,2991,test,data/test-00003-of-00010.parquet,1108
00012415_005,00012415_005.jpg,test,1,Infiltration|Pneumothorax,12415,5,44,F,PA,2992,2991,test,data/test-00003-of-00010.parquet,1109
00012505_001,00012505_001.jpg,test,0,Effusion|Infiltration,12505,1,64,F,AP,2500,2048,test,data/test-00003-of-00010.parquet,1116
00012505_002,00012505_002.jpg,test,0,No Finding,12505,2,64,F,AP,2500,2048,test,data/test-00003-of-00010.parquet,1117
00012515_000,00012515_000.jpg,lakehouse,0,Mass,12515,0,27,F,PA,2734,2685,test,data/test-00003-of-00010.parquet,1132
00012576_001,00012576_001.jpg,test,0,Effusion,12576,1,58,M,AP,2500,2048,test,data/test-00003-of-00010.parquet,1152
00012576_004,00012576_004.jpg,test,1,Effusion|Pneumonia|Pneumothorax,12576,4,59,M,PA,2974,2741,test,data/test-00003-of-00010.parquet,1155
00012592_001,00012592_001.jpg,test,0,Effusion,12592,1,64,M,AP,2500,2048,test,data/test-00003-of-00010.parquet,1177
00012609_002,00012609_002.jpg,test,0,Hernia,12609,2,86,F,PA,2992,2991,test,data/test-00003-of-00010.parquet,1187
00012636_000,00012636_000.jpg,lakehouse,0,Atelectasis|Infiltration|Nodule,12636,0,32,M,PA,2992,2991,test,data/test-00003-of-00010.parquet,1229
00012636_001,00012636_001.jpg,lakehouse,0,No Finding,12636,1,32,M,PA,2992,2991,test,data/test-00003-of-00010.parquet,1230
00012636_002,00012636_002.jpg,lakehouse,0,Infiltration,12636,2,32,M,PA,2992,2991,test,data/test-00003-of-00010.parquet,1231
00012829_002,00012829_002.jpg,lakehouse,0,Effusion,12829,2,52,M,AP,2500,2048,test,data/test-00003-of-00010.parquet,1282
00012834_089,00012834_089.jpg,test,1,Effusion|Infiltration|Pneumothorax,12834,90,33,M,AP,2500,2048,test,data/test-00003-of-00010.parquet,1383
00012834_099,00012834_099.jpg,test,1,Effusion|Pneumothorax,12834,99,33,M,AP,2500,2048,test,data/test-00003-of-00010.parquet,1393
00012878_000,00012878_000.jpg,test,0,No Finding,12878,0,59,F,AP,2500,2048,test,data/test-00003-of-00010.parquet,1451
00012879_000,00012879_000.jpg,test,0,Nodule,12879,0,62,M,PA,2992,2991,test,data/test-00003-of-00010.parquet,1455
00012879_002,00012879_002.jpg,test,0,No Finding,12879,1,63,M,AP,2500,2048,test,data/test-00003-of-00010.parquet,1457
00012883_000,00012883_000.jpg,test,0,Effusion|Infiltration,12883,0,67,M,PA,2021,2021,test,data/test-00003-of-00010.parquet,1461
00012892_000,00012892_000.jpg,lakehouse,0,No Finding,12892,0,38,M,PA,2992,2991,test,data/test-00003-of-00010.parquet,1463
00012892_001,00012892_001.jpg,lakehouse,0,No Finding,12892,1,40,M,PA,2822,2991,test,data/test-00003-of-00010.parquet,1464
00012973_016,00012973_016.jpg,test,1,Pneumothorax,12973,17,58,M,PA,2992,2991,test,data/test-00003-of-00010.parquet,1493
00013111_053,00013111_053.jpg,test,1,Pneumothorax,13111,18,20,M,PA,2892,2965,test,data/test-00003-of-00010.parquet,1613
00013111_055,00013111_055.jpg,test,1,Emphysema|Pneumothorax,13111,20,20,M,PA,2048,2500,test,data/test-00003-of-00010.parquet,1615
00013112_000,00013112_000.jpg,test,0,No Finding,13112,0,50,F,PA,2992,2991,test,data/test-00003-of-00010.parquet,1676
00013112_001,00013112_001.jpg,test,0,No Finding,13112,1,50,F,PA,2992,2991,test,data/test-00003-of-00010.parquet,1677
00013118_001,00013118_001.jpg,test,0,Nodule,13118,1,65,M,PA,2992,2991,test,data/test-00003-of-00010.parquet,1689
00013118_002,00013118_002.jpg,test,0,No Finding,13118,2,65,M,PA,2992,2991,test,data/test-00003-of-00010.parquet,1690
00013125_000,00013125_000.jpg,test,0,Cardiomegaly|Effusion,13125,0,37,F,AP,2500,2048,test,data/test-00003-of-00010.parquet,1697
00013125_001,00013125_001.jpg,test,0,Atelectasis|Cardiomegaly|Infiltration,13125,1,37,F,AP,2500,2048,test,data/test-00003-of-00010.parquet,1698
00013150_003,00013150_003.jpg,test,0,Emphysema,13150,1,47,F,AP,2500,2048,test,data/test-00003-of-00010.parquet,1732
00013150_004,00013150_004.jpg,test,0,Atelectasis|Emphysema|Infiltration,13150,2,47,F,AP,2500,2048,test,data/test-00003-of-00010.parquet,1733
00013176_001,00013176_001.jpg,lakehouse,0,No Finding,13176,0,54,F,PA,2598,2753,test,data/test-00003-of-00010.parquet,1736
00013187_001,00013187_001.jpg,test,0,Atelectasis|Consolidation,13187,1,61,M,AP,2500,2048,test,data/test-00003-of-00010.parquet,1745
00013187_002,00013187_002.jpg,test,0,Atelectasis|Cardiomegaly,13187,2,61,M,AP,2500,2048,test,data/test-00003-of-00010.parquet,1746
00013192_000,00013192_000.jpg,test,0,Consolidation|Infiltration|Nodule,13192,0,59,F,AP,2500,2048,test,data/test-00003-of-00010.parquet,1750
00013192_001,00013192_001.jpg,test,0,Effusion|Pleural_Thickening,13192,1,59,F,PA,2992,2991,test,data/test-00003-of-00010.parquet,1751
00013192_002,00013192_002.jpg,test,0,Infiltration|Mass|Nodule,13192,2,59,F,PA,2992,2991,test,data/test-00003-of-00010.parquet,1752
00013209_001,00013209_001.jpg,test,1,Pneumothorax,13209,1,73,F,PA,2658,2991,test,data/test-00003-of-00010.parquet,1757
00013209_002,00013209_002.jpg,test,1,Emphysema|Pneumothorax,13209,2,73,F,AP,2500,2048,test,data/test-00003-of-00010.parquet,1758
00013272_000,00013272_000.jpg,lakehouse,0,Consolidation|Infiltration,13272,0,49,M,PA,2500,2048,test,data/test-00003-of-00010.parquet,1868
00013272_001,00013272_001.jpg,lakehouse,0,No Finding,13272,1,49,M,PA,2992,2991,test,data/test-00003-of-00010.parquet,1869
00013310_014,00013310_014.jpg,test,1,Effusion|Pneumothorax,13310,15,57,M,AP,2500,2048,test,data/test-00003-of-00010.parquet,1943
00013310_045,00013310_045.jpg,test,1,Infiltration|Pneumothorax,13310,47,58,M,AP,2500,2048,test,data/test-00003-of-00010.parquet,1974
00013337_000,00013337_000.jpg,test,0,Effusion,13337,0,65,M,PA,2906,2883,test,data/test-00003-of-00010.parquet,1998
00013337_001,00013337_001.jpg,test,0,Atelectasis|Effusion|Infiltration,13337,1,65,M,PA,2992,2991,test,data/test-00003-of-00010.parquet,1999
00013346_008,00013346_008.jpg,test,1,Mass|Pneumothorax,13346,8,28,M,PA,2992,2991,test,data/test-00003-of-00010.parquet,2009
00013346_009,00013346_009.jpg,test,1,Effusion|Infiltration|Pneumothorax,13346,9,28,M,AP,2500,2048,test,data/test-00003-of-00010.parquet,2010
00013370_001,00013370_001.jpg,test,0,Consolidation|Edema|Infiltration,13370,1,62,M,AP,2500,2048,test,data/test-00003-of-00010.parquet,2026
00013370_002,00013370_002.jpg,test,0,No Finding,13370,2,62,M,AP,2500,2048,test,data/test-00003-of-00010.parquet,2027
00013377_000,00013377_000.jpg,test,0,No Finding,13377,0,38,F,PA,2822,2989,test,data/test-00003-of-00010.parquet,2031
00013377_001,00013377_001.jpg,test,0,No Finding,13377,1,38,F,AP,2500,2048,test,data/test-00003-of-00010.parquet,2032
00013380_006,00013380_006.jpg,test,1,Hernia|Pneumothorax,13380,6,48,F,PA,2992,2991,test,data/test-00003-of-00010.parquet,2061
00013380_007,00013380_007.jpg,test,1,Pneumothorax,13380,7,48,F,AP,2500,2048,test,data/test-00003-of-00010.parquet,2062
00013391_002,00013391_002.jpg,test,1,Pneumothorax,13391,6,45,F,PA,2544,3056,test,data/test-00003-of-00010.parquet,2075
00013391_011,00013391_011.jpg,test,1,Pneumothorax,13391,3,42,F,PA,2992,2991,test,data/test-00003-of-00010.parquet,2084
00013461_001,00013461_001.jpg,test,0,Atelectasis|Effusion|Infiltration|Mass,13461,1,27,M,PA,2992,2991,test,data/test-00003-of-00010.parquet,2086
00013461_002,00013461_002.jpg,test,0,Mass,13461,2,27,M,PA,2992,2991,test,data/test-00003-of-00010.parquet,2087
00013471_002,00013471_002.jpg,test,1,Atelectasis|Effusion|Pneumothorax,13471,2,63,M,PA,2992,2991,test,data/test-00003-of-00010.parquet,2099
00013471_019,00013471_019.jpg,test,1,Atelectasis|Consolidation|Infiltration|Pleural_Thickening|Pneumothorax,13471,19,64,M,AP,2500,2048,test,data/test-00003-of-00010.parquet,2116
00013508_001,00013508_001.jpg,lakehouse,0,Atelectasis|Mass|Nodule,13508,1,47,M,AP,2500,2048,test,data/test-00003-of-00010.parquet,2140
00013531_002,00013531_002.jpg,test,0,No Finding,13531,2,51,M,AP,2500,2048,test,data/test-00003-of-00010.parquet,2170
00013659_000,00013659_000.jpg,test,0,Mass,13659,0,60,F,AP,2500,2048,test,data/test-00003-of-00010.parquet,2405
00013659_001,00013659_001.jpg,test,0,Mass,13659,1,61,F,PA,2598,2991,test,data/test-00003-of-00010.parquet,2406
00013659_019,00013659_019.jpg,test,1,Consolidation|Mass|Pneumonia|Pneumothorax,13659,19,62,F,AP,2500,2048,test,data/test-00003-of-00010.parquet,2424
00013673_001,00013673_001.jpg,test,0,Nodule,13673,1,46,M,PA,2992,2991,test,data/test-00004-of-00010.parquet,49
00013673_002,00013673_002.jpg,test,0,No Finding,13673,2,46,M,AP,2500,2048,test,data/test-00004-of-00010.parquet,50
00013674_000,00013674_000.jpg,test,0,Nodule,13674,0,60,M,PA,2992,2991,test,data/test-00004-of-00010.parquet,56
00013685_000,00013685_000.jpg,test,0,Atelectasis|Effusion,13685,0,49,F,PA,2992,2991,test,data/test-00004-of-00010.parquet,57
00013685_001,00013685_001.jpg,test,0,No Finding,13685,1,49,F,AP,2500,2048,test,data/test-00004-of-00010.parquet,58
00013685_040,00013685_040.jpg,test,1,Infiltration|Pneumothorax,13685,40,49,F,AP,2500,2048,test,data/test-00004-of-00010.parquet,97
00013731_000,00013731_000.jpg,test,0,Consolidation|Fibrosis|Mass|Pleural_Thickening,13731,2,51,M,PA,2892,2948,test,data/test-00004-of-00010.parquet,124
00013731_004,00013731_004.jpg,test,0,Fibrosis|Mass,13731,1,48,M,PA,2992,2991,test,data/test-00004-of-00010.parquet,128
00013750_001,00013750_001.jpg,test,0,No Finding,13750,1,55,M,PA,2988,2983,test,data/test-00004-of-00010.parquet,130
00013750_002,00013750_002.jpg,test,0,Infiltration,13750,2,55,M,PA,2992,2991,test,data/test-00004-of-00010.parquet,131
00013807_009,00013807_009.jpg,test,1,Pneumothorax,13807,9,66,F,AP,3056,2544,test,data/test-00004-of-00010.parquet,171
00013807_015,00013807_015.jpg,test,1,Pneumothorax,13807,15,66,F,PA,2406,2991,test,data/test-00004-of-00010.parquet,177
00013812_001,00013812_001.jpg,test,0,Atelectasis,13812,1,82,F,PA,2992,2991,test,data/test-00004-of-00010.parquet,181
00013812_002,00013812_002.jpg,test,0,No Finding,13812,2,82,F,AP,2500,2048,test,data/test-00004-of-00010.parquet,182
00013862_001,00013862_001.jpg,lakehouse,0,Pleural_Thickening,13862,1,52,M,PA,2500,2048,test,data/test-00004-of-00010.parquet,190
00013884_001,00013884_001.jpg,lakehouse,0,Fibrosis,13884,1,46,M,PA,2802,2762,test,data/test-00004-of-00010.parquet,196
00013885_000,00013885_000.jpg,test,0,Nodule,13885,0,65,F,PA,2992,2991,test,data/test-00004-of-00010.parquet,200
00013885_001,00013885_001.jpg,test,0,No Finding,13885,1,66,F,PA,2992,2991,test,data/test-00004-of-00010.parquet,201
00013911_009,00013911_009.jpg,test,1,Emphysema|Mass|Pneumothorax,13911,8,63,M,AP,2500,2048,test,data/test-00004-of-00010.parquet,211
00013911_012,00013911_012.jpg,test,1,Atelectasis|Effusion|Emphysema|Mass|Pneumothorax,13911,11,63,M,PA,2992,2991,test,data/test-00004-of-00010.parquet,214
00013922_032,00013922_032.jpg,test,0,Atelectasis,13922,1,51,M,AP,3056,2544,test,data/test-00004-of-00010.parquet,258
00013922_033,00013922_033.jpg,test,0,No Finding,13922,2,51,M,AP,3056,2544,test,data/test-00004-of-00010.parquet,259
00013951_002,00013951_002.jpg,test,0,No Finding,13951,2,63,F,AP,2500,2048,test,data/test-00004-of-00010.parquet,263
00013968_002,00013968_002.jpg,test,0,No Finding,13968,2,26,M,AP,2500,2048,test,data/test-00004-of-00010.parquet,271
00013977_002,00013977_002.jpg,test,0,Mass,13977,2,55,M,AP,2500,2048,test,data/test-00004-of-00010.parquet,284
00013991_000,00013991_000.jpg,lakehouse,0,Infiltration|Mass,13991,1,56,F,PA,2992,2991,test,data/test-00004-of-00010.parquet,288
00013991_002,00013991_002.jpg,lakehouse,0,Mass,13991,2,56,F,AP,2500,2048,test,data/test-00004-of-00010.parquet,290
00014014_003,00014014_003.jpg,lakehouse,1,Atelectasis|Pleural_Thickening|Pneumothorax,14014,8,19,F,PA,2021,2021,test,data/test-00004-of-00010.parquet,520
00014058_006,00014058_006.jpg,test,0,Atelectasis|Pneumonia,14058,0,47,M,PA,2990,2948,test,data/test-00004-of-00010.parquet,662
00014058_007,00014058_007.jpg,test,0,Atelectasis,14058,1,47,M,PA,2992,2991,test,data/test-00004-of-00010.parquet,663
00014083_003,00014083_003.jpg,test,1,Emphysema|Pneumothorax,14083,3,22,F,PA,2746,2991,test,data/test-00004-of-00010.parquet,690
00014083_006,00014083_006.jpg,test,1,Emphysema|Pneumothorax,14083,6,22,F,PA,2992,2991,test,data/test-00004-of-00010.parquet,693
00014083_007,00014083_007.jpg,test,1,Emphysema|Pneumothorax,14083,7,22,F,PA,2992,2991,test,data/test-00004-of-00010.parquet,694
00014203_000,00014203_000.jpg,lakehouse,0,No Finding,14203,0,29,M,PA,2500,2048,test,data/test-00004-of-00010.parquet,905
00014246_001,00014246_001.jpg,test,0,No Finding,14246,1,22,M,AP,2500,2048,test,data/test-00004-of-00010.parquet,1004
00014251_002,00014251_002.jpg,test,1,Atelectasis|Effusion|Infiltration|Mass|Pneumothorax,14251,2,68,M,AP,2500,2048,test,data/test-00004-of-00010.parquet,1015
00014253_000,00014253_000.jpg,test,0,No Finding,14253,0,59,M,PA,2992,2991,test,data/test-00004-of-00010.parquet,1043
00014280_000,00014280_000.jpg,test,0,Mass|Nodule|Pleural_Thickening,14280,0,60,M,PA,2742,2585,test,data/test-00004-of-00010.parquet,1100
00014280_001,00014280_001.jpg,test,0,Effusion|Mass|Nodule|Pleural_Thickening,14280,1,60,M,AP,2500,2048,test,data/test-00004-of-00010.parquet,1101
00014294_000,00014294_000.jpg,test,0,Infiltration,14294,0,37,M,PA,2992,2991,test,data/test-00004-of-00010.parquet,1106
00014294_001,00014294_001.jpg,test,0,No Finding,14294,1,37,M,AP,2500,2048,test,data/test-00004-of-00010.parquet,1107
00014294_002,00014294_002.jpg,test,0,No Finding,14294,2,37,M,PA,2608,2638,test,data/test-00004-of-00010.parquet,1108
00014337_000,00014337_000.jpg,test,0,Fibrosis,14337,0,47,M,PA,2992,2991,test,data/test-00004-of-00010.parquet,1122
00014337_001,00014337_001.jpg,test,0,No Finding,14337,1,47,M,PA,2992,2991,test,data/test-00004-of-00010.parquet,1123
00014337_002,00014337_002.jpg,test,0,No Finding,14337,2,47,M,PA,2992,2991,test,data/test-00004-of-00010.parquet,1124
00014346_020,00014346_020.jpg,test,1,Atelectasis|Effusion|Infiltration|Pneumothorax,14346,7,19,F,AP,3056,2544,test,data/test-00004-of-00010.parquet,1146
00014346_021,00014346_021.jpg,test,1,Atelectasis|Infiltration|Pneumothorax,14346,6,19,F,AP,3056,2544,test,data/test-00004-of-00010.parquet,1147
00014358_020,00014358_020.jpg,lakehouse,1,Mass|Pneumothorax,14358,20,43,F,PA,2992,2991,test,data/test-00004-of-00010.parquet,1194
00014387_000,00014387_000.jpg,test,0,Effusion|Mass,14387,0,35,M,PA,2654,2991,test,data/test-00004-of-00010.parquet,1195
00014387_001,00014387_001.jpg,test,0,Effusion,14387,1,35,M,AP,2500,2048,test,data/test-00004-of-00010.parquet,1196
00014387_002,00014387_002.jpg,test,0,No Finding,14387,2,35,M,AP,2500,2048,test,data/test-00004-of-00010.parquet,1197
00014398_000,00014398_000.jpg,test,0,Effusion|Mass,14398,0,56,F,PA,2610,2509,test,data/test-00004-of-00010.parquet,1209
00014398_001,00014398_001.jpg,test,0,No Finding,14398,1,56,F,AP,2500,2048,test,data/test-00004-of-00010.parquet,1210
00014398_002,00014398_002.jpg,test,0,Effusion|Mass,14398,2,56,F,AP,2500,2048,test,data/test-00004-of-00010.parquet,1211
00014447_001,00014447_001.jpg,test,0,Infiltration,14447,1,29,M,AP,2500,2048,test,data/test-00004-of-00010.parquet,1261
00014447_002,00014447_002.jpg,test,0,No Finding,14447,2,30,M,AP,2500,2048,test,data/test-00004-of-00010.parquet,1262
00014492_000,00014492_000.jpg,test,0,No Finding,14492,0,46,M,PA,2992,2991,test,data/test-00004-of-00010.parquet,1266
00014492_002,00014492_002.jpg,test,0,Fibrosis,14492,2,46,M,AP,2500,2048,test,data/test-00004-of-00010.parquet,1268
00014525_010,00014525_010.jpg,test,1,Pneumothorax,14525,18,58,M,PA,2992,2991,test,data/test-00004-of-00010.parquet,1282
00014525_011,00014525_011.jpg,test,1,Pneumothorax,14525,19,58,M,PA,2992,2991,test,data/test-00004-of-00010.parquet,1283
00014529_000,00014529_000.jpg,test,0,No Finding,14529,0,43,F,PA,2818,2725,test,data/test-00004-of-00010.parquet,1300
00014529_001,00014529_001.jpg,test,0,No Finding,14529,1,43,F,AP,2500,2048,test,data/test-00004-of-00010.parquet,1301
00014551_009,00014551_009.jpg,lakehouse,1,Effusion|Pneumothorax,14551,9,19,F,PA,2992,2991,test,data/test-00004-of-00010.parquet,1318
00014574_002,00014574_002.jpg,test,0,No Finding,14574,2,75,M,PA,2888,2948,test,data/test-00004-of-00010.parquet,1322
00014607_000,00014607_000.jpg,test,0,Mass,14607,0,59,M,PA,2992,2991,test,data/test-00004-of-00010.parquet,1324
00014607_001,00014607_001.jpg,test,0,No Finding,14607,1,59,M,PA,2992,2991,test,data/test-00004-of-00010.parquet,1325
00014607_002,00014607_002.jpg,test,0,Mass,14607,2,59,M,PA,2500,2048,test,data/test-00004-of-00010.parquet,1326
00014615_000,00014615_000.jpg,test,0,No Finding,14615,0,69,M,AP,2500,2048,test,data/test-00004-of-00010.parquet,1337
00014615_001,00014615_001.jpg,test,0,No Finding,14615,1,69,M,AP,2500,2048,test,data/test-00004-of-00010.parquet,1338
00014617_000,00014617_000.jpg,test,0,No Finding,14617,0,56,F,PA,2992,2991,test,data/test-00004-of-00010.parquet,1347
00014626_017,00014626_017.jpg,test,1,Consolidation|Effusion|Pneumothorax,14626,17,44,F,PA,2992,2991,test,data/test-00004-of-00010.parquet,1377
00014663_039,00014663_039.jpg,test,1,Emphysema|Infiltration|Nodule|Pneumothorax,14663,39,63,M,AP,2500,2048,test,data/test-00004-of-00010.parquet,1448
00014664_000,00014664_000.jpg,test,0,No Finding,14664,0,56,M,PA,2726,2991,test,data/test-00004-of-00010.parquet,1467
00014675_002,00014675_002.jpg,lakehouse,1,Pneumothorax,14675,2,67,F,PA,2048,2500,test,data/test-00004-of-00010.parquet,1483
00014719_002,00014719_002.jpg,lakehouse,0,No Finding,14719,2,60,F,PA,2992,2991,test,data/test-00004-of-00010.parquet,1604
00014731_004,00014731_004.jpg,test,1,Atelectasis|Infiltration|Pneumothorax,14731,3,54,M,PA,2992,2991,test,data/test-00004-of-00010.parquet,1615
00014731_005,00014731_005.jpg,test,1,Mass|Pneumothorax,14731,5,54,M,PA,2992,2991,test,data/test-00004-of-00010.parquet,1616
00014738_000,00014738_000.jpg,test,0,Effusion|Infiltration|Mass|Pleural_Thickening,14738,0,65,F,PA,2992,2991,test,data/test-00004-of-00010.parquet,1641
00014752_001,00014752_001.jpg,test,0,Emphysema,14752,1,59,M,PA,2476,2527,test,data/test-00004-of-00010.parquet,1643
00014752_002,00014752_002.jpg,test,0,No Finding,14752,2,59,M,PA,2614,2665,test,data/test-00004-of-00010.parquet,1644
00014785_000,00014785_000.jpg,test,0,No Finding,14785,0,19,M,PA,2992,2991,test,data/test-00004-of-00010.parquet,1646
00014785_002,00014785_002.jpg,test,0,Edema,14785,2,19,M,AP,2500,2048,test,data/test-00004-of-00010.parquet,1648
00014792_000,00014792_000.jpg,test,0,No Finding,14792,0,56,M,PA,2570,2991,test,data/test-00004-of-00010.parquet,1654
00014798_000,00014798_000.jpg,test,0,Mass,14798,0,22,M,PA,2718,2991,test,data/test-00004-of-00010.parquet,1673
00014798_001,00014798_001.jpg,test,0,Consolidation|Mass,14798,1,22,M,AP,2500,2048,test,data/test-00004-of-00010.parquet,1674
00014798_002,00014798_002.jpg,test,0,Consolidation|Mass,14798,2,22,M,AP,2500,2048,test,data/test-00004-of-00010.parquet,1675
00014839_013,00014839_013.jpg,test,1,Emphysema|Pneumothorax,14839,13,30,F,AP,2500,2048,test,data/test-00004-of-00010.parquet,1759
00014839_014,00014839_014.jpg,test,1,Atelectasis|Emphysema|Infiltration|Pneumothorax,14839,14,30,F,AP,2500,2048,test,data/test-00004-of-00010.parquet,1760
00014839_015,00014839_015.jpg,test,1,Pneumothorax,14839,15,30,F,AP,2500,2048,test,data/test-00004-of-00010.parquet,1761
00014870_000,00014870_000.jpg,test,0,Consolidation|Mass,14870,0,71,F,PA,2634,2991,test,data/test-00004-of-00010.parquet,1779
00014870_001,00014870_001.jpg,test,0,Atelectasis|Infiltration|Mass,14870,1,71,F,PA,2698,2991,test,data/test-00004-of-00010.parquet,1780
00014870_002,00014870_002.jpg,test,0,Fibrosis,14870,2,71,F,PA,2858,2991,test,data/test-00004-of-00010.parquet,1781
00014888_000,00014888_000.jpg,test,0,Infiltration,14888,0,43,M,AP,2500,2048,test,data/test-00004-of-00010.parquet,1784
00014888_001,00014888_001.jpg,test,0,No Finding,14888,1,43,M,AP,2500,2048,test,data/test-00004-of-00010.parquet,1785
00014888_002,00014888_002.jpg,test,0,Infiltration|Nodule,14888,2,43,M,PA,2500,2048,test,data/test-00004-of-00010.parquet,1786
00014906_001,00014906_001.jpg,lakehouse,0,No Finding,14906,1,65,M,AP,2500,2048,test,data/test-00004-of-00010.parquet,1817
00014906_002,00014906_002.jpg,lakehouse,0,No Finding,14906,2,65,M,AP,2500,2048,test,data/test-00004-of-00010.parquet,1818
00014996_003,00014996_003.jpg,lakehouse,0,No Finding,14996,1,49,M,PA,2990,2948,test,data/test-00004-of-00010.parquet,1885
00015014_002,00015014_002.jpg,test,0,Cardiomegaly,15014,2,60,F,PA,2992,2991,test,data/test-00004-of-00010.parquet,1921
00015018_001,00015018_001.jpg,test,0,Mass,15018,0,38,M,PA,2500,2048,test,data/test-00004-of-00010.parquet,1924
00015018_003,00015018_003.jpg,test,0,Pneumonia,15018,1,39,M,AP,2500,2048,test,data/test-00004-of-00010.parquet,1926
00015018_004,00015018_004.jpg,test,0,Atelectasis|Nodule,15018,2,39,M,AP,2500,2048,test,data/test-00004-of-00010.parquet,1927
00015054_000,00015054_000.jpg,test,0,No Finding,15054,0,45,M,PA,2048,2500,test,data/test-00004-of-00010.parquet,1937
00015054_001,00015054_001.jpg,test,0,Cardiomegaly,15054,1,46,M,PA,2870,2991,test,data/test-00004-of-00010.parquet,1938
00015056_000,00015056_000.jpg,test,0,Emphysema,15056,0,44,M,PA,2992,2991,test,data/test-00004-of-00010.parquet,1939
00015056_007,00015056_007.jpg,test,1,Cardiomegaly|Effusion|Pleural_Thickening|Pneumothorax,15056,7,45,M,AP,2500,2048,test,data/test-00004-of-00010.parquet,1946
00015056_008,00015056_008.jpg,test,1,Pleural_Thickening|Pneumothorax,15056,8,45,M,AP,2500,2048,test,data/test-00004-of-00010.parquet,1947
00015058_000,00015058_000.jpg,lakehouse,0,No Finding,15058,0,71,M,AP,2500,2048,test,data/test-00004-of-00010.parquet,1950
00015064_001,00015064_001.jpg,test,0,Cardiomegaly|Consolidation|Infiltration,15064,1,75,M,AP,2500,2048,test,data/test-00004-of-00010.parquet,1977
00015069_002,00015069_002.jpg,test,0,No Finding,15069,2,25,M,PA,2992,2991,test,data/test-00004-of-00010.parquet,1981
00015070_000,00015070_000.jpg,test,0,No Finding,15070,0,27,M,PA,2992,2991,test,data/test-00004-of-00010.parquet,1983
00015070_001,00015070_001.jpg,test,0,Nodule,15070,1,27,M,PA,2992,2991,test,data/test-00004-of-00010.parquet,1984
00015070_002,00015070_002.jpg,test,0,No Finding,15070,2,27,M,AP,2500,2048,test,data/test-00004-of-00010.parquet,1985
00015072_000,00015072_000.jpg,lakehouse,0,No Finding,15072,0,60,F,PA,2778,2733,test,data/test-00004-of-00010.parquet,1991
00015072_001,00015072_001.jpg,lakehouse,0,Emphysema|Mass,15072,1,60,F,AP,2500,2048,test,data/test-00004-of-00010.parquet,1992
00015078_007,00015078_007.jpg,test,1,Consolidation|Effusion|Pneumothorax,15078,7,53,M,PA,2992,2991,test,data/test-00004-of-00010.parquet,2018
00015090_000,00015090_000.jpg,test,0,Atelectasis|Effusion|Mass,15090,0,53,M,PA,2992,2991,test,data/test-00004-of-00010.parquet,2027
00015100_000,00015100_000.jpg,test,0,No Finding,15100,0,27,F,PA,2048,2500,test,data/test-00004-of-00010.parquet,2034
00015100_001,00015100_001.jpg,test,0,No Finding,15100,1,27,F,PA,2992,2991,test,data/test-00004-of-00010.parquet,2035
00015192_001,00015192_001.jpg,lakehouse,0,Infiltration,15192,0,35,F,PA,2992,2991,test,data/test-00004-of-00010.parquet,2071
00015255_000,00015255_000.jpg,test,0,No Finding,15255,0,46,M,PA,2846,2991,test,data/test-00004-of-00010.parquet,2073
00015255_001,00015255_001.jpg,test,0,No Finding,15255,1,46,M,AP,2500,2048,test,data/test-00004-of-00010.parquet,2074
00015262_000,00015262_000.jpg,lakehouse,0,No Finding,15262,0,63,F,PA,2992,2991,test,data/test-00004-of-00010.parquet,2096
00015264_000,00015264_000.jpg,test,0,No Finding,15264,0,52,M,PA,2970,2957,test,data/test-00004-of-00010.parquet,2104
00015300_000,00015300_000.jpg,test,0,Atelectasis|Consolidation|Effusion|Mass|Nodule|Pleural_Thickening,15300,0,53,F,PA,2048,2500,test,data/test-00004-of-00010.parquet,2113
00015300_001,00015300_001.jpg,test,0,Effusion|Mass,15300,1,53,F,PA,2992,2991,test,data/test-00004-of-00010.parquet,2114
00015300_002,00015300_002.jpg,test,0,Atelectasis|Infiltration,15300,2,53,F,PA,2992,2991,test,data/test-00004-of-00010.parquet,2115
00015310_001,00015310_001.jpg,test,0,Infiltration|Mass|Nodule,15310,1,31,F,PA,2992,2921,test,data/test-00004-of-00010.parquet,2119
00015310_002,00015310_002.jpg,test,0,No Finding,15310,2,31,F,AP,2500,2048,test,data/test-00004-of-00010.parquet,2120
00015313_020,00015313_020.jpg,test,0,No Finding,15313,1,29,F,PA,2606,2991,test,data/test-00004-of-00010.parquet,2143
00015313_021,00015313_021.jpg,test,0,No Finding,15313,2,30,F,PA,2992,2941,test,data/test-00004-of-00010.parquet,2144
00015386_002,00015386_002.jpg,test,1,Atelectasis|Effusion|Emphysema|Infiltration|Pneumothorax,15386,2,58,F,AP,2500,2048,test,data/test-00004-of-00010.parquet,2147
00015387_001,00015387_001.jpg,test,0,Fibrosis,15387,1,79,M,PA,2992,2991,test,data/test-00004-of-00010.parquet,2169
00015400_001,00015400_001.jpg,test,0,Cardiomegaly,15400,0,36,M,PA,2992,2991,test,data/test-00004-of-00010.parquet,2171
00015400_002,00015400_002.jpg,test,0,No Finding,15400,1,37,M,PA,2500,2048,test,data/test-00004-of-00010.parquet,2172
00015425_001,00015425_001.jpg,test,0,No Finding,15425,1,50,F,AP,2500,2048,test,data/test-00004-of-00010.parquet,2174
00015425_002,00015425_002.jpg,test,0,Atelectasis|Effusion|Infiltration,15425,2,50,F,PA,2990,2991,test,data/test-00004-of-00010.parquet,2175
00015442_006,00015442_006.jpg,test,0,No Finding,15442,0,58,F,AP,2500,2048,test,data/test-00004-of-00010.parquet,2193
00015442_007,00015442_007.jpg,test,0,No Finding,15442,1,58,F,AP,2500,2048,test,data/test-00004-of-00010.parquet,2194
00015502_004,00015502_004.jpg,test,1,Emphysema|Pneumothorax,15502,4,46,M,PA,2992,2991,test,data/test-00004-of-00010.parquet,2226
00015530_029,00015530_029.jpg,test,1,Emphysema|Infiltration|Pneumothorax,15530,35,20,M,AP,3056,2544,test,data/test-00004-of-00010.parquet,2260
00015530_053,00015530_053.jpg,test,1,Emphysema|Pneumothorax,15530,58,20,M,AP,3056,2544,test,data/test-00004-of-00010.parquet,2284
00015583_000,00015583_000.jpg,lakehouse,0,Nodule,15583,0,62,M,PA,2992,2991,test,data/test-00004-of-00010.parquet,2417
00015646_023,00015646_023.jpg,test,1,Effusion|Pneumothorax,15646,23,66,M,AP,2500,2048,test,data/test-00004-of-00010.parquet,2502
00015646_028,00015646_028.jpg,test,1,Pneumothorax,15646,30,66,M,AP,2500,2048,test,data/test-00004-of-00010.parquet,2507
00015649_000,00015649_000.jpg,test,0,Effusion|Mass|Nodule|Pleural_Thickening,15649,0,43,M,PA,2886,2991,test,data/test-00004-of-00010.parquet,2541
00015649_002,00015649_002.jpg,test,0,Atelectasis|Consolidation|Effusion|Mass|Nodule,15649,2,43,M,PA,2500,2048,test,data/test-00004-of-00010.parquet,2543
00015666_000,00015666_000.jpg,test,0,No Finding,15666,0,58,M,PA,2992,2991,test,data/test-00004-of-00010.parquet,2546
00015676_004,00015676_004.jpg,test,0,Fibrosis,15676,2,19,M,PA,2048,2500,test,data/test-00004-of-00010.parquet,2555
00015770_030,00015770_030.jpg,test,1,Atelectasis|Consolidation|Effusion|Pneumothorax,15770,30,66,F,AP,2500,2048,test,data/test-00005-of-00010.parquet,103
00015792_000,00015792_000.jpg,test,0,Nodule,15792,0,54,M,PA,2500,2048,test,data/test-00005-of-00010.parquet,120
00015794_000,00015794_000.jpg,lakehouse,0,Cardiomegaly|Nodule,15794,0,66,M,PA,2992,2991,test,data/test-00005-of-00010.parquet,130
00015794_001,00015794_001.jpg,lakehouse,0,Infiltration|Nodule,15794,1,66,M,PA,2992,2991,test,data/test-00005-of-00010.parquet,131
00015799_001,00015799_001.jpg,test,0,No Finding,15799,1,67,F,AP,2500,2048,test,data/test-00005-of-00010.parquet,135
00015831_001,00015831_001.jpg,test,0,No Finding,15831,1,62,M,AP,2500,2048,test,data/test-00005-of-00010.parquet,169
00015831_006,00015831_006.jpg,test,1,Atelectasis|Mass|Pneumothorax,15831,6,62,M,AP,2500,2048,test,data/test-00005-of-00010.parquet,174
00015843_000,00015843_000.jpg,test,0,Mass|Nodule,15843,0,56,M,PA,2992,2991,test,data/test-00005-of-00010.parquet,184
00016293_001,00016293_001.jpg,test,0,No Finding,16293,1,42,M,PA,2992,2991,test,data/test-00005-of-00010.parquet,622
00016293_002,00016293_002.jpg,test,0,No Finding,16293,2,42,M,PA,2992,2991,test,data/test-00005-of-00010.parquet,623
00016395_002,00016395_002.jpg,test,0,No Finding,16395,2,35,M,PA,2824,2870,test,data/test-00005-of-00010.parquet,632
00016403_000,00016403_000.jpg,test,0,No Finding,16403,0,58,M,PA,2828,2812,test,data/test-00005-of-00010.parquet,634
00016403_001,00016403_001.jpg,test,0,Nodule,16403,1,58,M,PA,2992,2991,test,data/test-00005-of-00010.parquet,635
00016403_002,00016403_002.jpg,test,0,No Finding,16403,2,58,M,AP,2500,2048,test,data/test-00005-of-00010.parquet,636
00016414_001,00016414_001.jpg,test,0,Cardiomegaly|Infiltration,16414,1,39,M,PA,2834,2991,test,data/test-00005-of-00010.parquet,639
00016414_002,00016414_002.jpg,test,0,Cardiomegaly,16414,2,39,M,PA,2704,2781,test,data/test-00005-of-00010.parquet,640
00016417_000,00016417_000.jpg,lakehouse,0,Effusion,16417,0,58,M,PA,2500,2916,test,data/test-00005-of-00010.parquet,641
00016417_001,00016417_001.jpg,lakehouse,0,Effusion,16417,1,58,M,PA,2048,2500,test,data/test-00005-of-00010.parquet,642
00016417_002,00016417_002.jpg,lakehouse,0,Effusion,16417,2,58,M,PA,2992,2991,test,data/test-00005-of-00010.parquet,643
00016429_012,00016429_012.jpg,test,1,Pneumothorax,16429,4,47,F,PA,2992,2991,test,data/test-00005-of-00010.parquet,663
00016429_013,00016429_013.jpg,test,1,Atelectasis|Effusion|Emphysema|Pneumothorax,16429,5,47,F,PA,2992,2991,test,data/test-00005-of-00010.parquet,664
00016434_000,00016434_000.jpg,test,0,No Finding,16434,0,60,M,AP,2500,2048,test,data/test-00005-of-00010.parquet,697
00016434_001,00016434_001.jpg,test,0,Effusion|Nodule|Pneumonia,16434,1,61,M,PA,2992,2991,test,data/test-00005-of-00010.parquet,698
00016434_004,00016434_004.jpg,test,1,Emphysema|Pneumothorax,16434,4,61,M,PA,2992,2991,test,data/test-00005-of-00010.parquet,701
00016487_000,00016487_000.jpg,test,0,Nodule,16487,2,67,M,PA,2840,2948,test,data/test-00005-of-00010.parquet,709
00016487_001,00016487_001.jpg,test,0,Mass,16487,0,62,M,PA,2048,2500,test,data/test-00005-of-00010.parquet,710
00016487_002,00016487_002.jpg,test,0,Nodule,16487,1,63,M,PA,2048,2500,test,data/test-00005-of-00010.parquet,711
00016508_000,00016508_000.jpg,test,0,No Finding,16508,0,50,F,AP,2500,2048,test,data/test-00005-of-00010.parquet,742
00016508_001,00016508_001.jpg,test,0,Infiltration,16508,1,50,F,PA,2992,2991,test,data/test-00005-of-00010.parquet,743
00016522_000,00016522_000.jpg,test,0,Effusion|Infiltration,16522,0,27,M,PA,2738,2991,test,data/test-00005-of-00010.parquet,808
00016522_001,00016522_001.jpg,test,0,Consolidation|Effusion|Mass,16522,1,28,M,PA,2990,2989,test,data/test-00005-of-00010.parquet,809
00016522_002,00016522_002.jpg,test,0,No Finding,16522,2,28,M,AP,2500,2048,test,data/test-00005-of-00010.parquet,810
00016564_001,00016564_001.jpg,test,0,Cardiomegaly,16564,0,59,F,PA,3056,2468,test,data/test-00005-of-00010.parquet,836
00016568_013,00016568_013.jpg,test,1,Atelectasis|Effusion|Infiltration|Nodule|Pneumothorax,16568,13,39,F,AP,2500,2048,test,data/test-00005-of-00010.parquet,850
00016568_014,00016568_014.jpg,test,1,Atelectasis|Effusion|Infiltration|Pneumothorax,16568,14,39,F,AP,2500,2048,test,data/test-00005-of-00010.parquet,851
00016587_055,00016587_055.jpg,test,1,Mass|Pneumothorax,16587,13,46,F,PA,2512,2418,test,data/test-00005-of-00010.parquet,947
00016607_000,00016607_000.jpg,test,0,Effusion|Infiltration|Pleural_Thickening,16607,0,63,M,PA,2992,2991,test,data/test-00005-of-00010.parquet,992
00016699_000,00016699_000.jpg,test,0,Fibrosis,16699,0,72,M,AP,3056,2544,test,data/test-00005-of-00010.parquet,1040
00016705_002,00016705_002.jpg,test,0,Pneumonia,16705,2,24,M,PA,2974,2991,test,data/test-00005-of-00010.parquet,1047
00016719_000,00016719_000.jpg,test,0,No Finding,16719,0,50,F,AP,2500,2048,test,data/test-00005-of-00010.parquet,1065
00016719_010,00016719_010.jpg,test,1,Pneumothorax,16719,10,51,F,AP,2500,2048,test,data/test-00005-of-00010.parquet,1075
00016732_023,00016732_023.jpg,test,1,Effusion|Pneumothorax,16732,23,79,F,PA,2992,2991,test,data/test-00005-of-00010.parquet,1118
00016732_024,00016732_024.jpg,test,1,Effusion|Pneumothorax,16732,24,79,F,PA,2986,2989,test,data/test-00005-of-00010.parquet,1119
00016732_036,00016732_036.jpg,test,1,Effusion|Pneumothorax,16732,36,79,F,PA,2722,2991,test,data/test-00005-of-00010.parquet,1131
00016786_000,00016786_000.jpg,test,0,No Finding,16786,0,23,F,AP,2544,3056,test,data/test-00005-of-00010.parquet,1137
00016786_001,00016786_001.jpg,test,0,Infiltration|Pneumonia,16786,1,23,F,AP,3056,2544,test,data/test-00005-of-00010.parquet,1138
00016786_002,00016786_002.jpg,test,0,Atelectasis|Consolidation|Edema|Infiltration,16786,2,23,F,AP,3056,2544,test,data/test-00005-of-00010.parquet,1139
00016801_000,00016801_000.jpg,test,0,Effusion|Fibrosis|Mass,16801,0,47,F,PA,2494,2661,test,data/test-00005-of-00010.parquet,1159
00016801_001,00016801_001.jpg,test,0,Mass|Pleural_Thickening,16801,1,47,F,PA,2992,2991,test,data/test-00005-of-00010.parquet,1160
00016807_004,00016807_004.jpg,lakehouse,1,Atelectasis|Emphysema|Pneumothorax,16807,4,59,M,PA,2992,2991,test,data/test-00005-of-00010.parquet,1173
00016807_005,00016807_005.jpg,lakehouse,1,Atelectasis|Emphysema|Pneumothorax,16807,5,59,M,PA,2992,2991,test,data/test-00005-of-00010.parquet,1174
00016807_015,00016807_015.jpg,lakehouse,1,Pneumothorax,16807,15,59,M,PA,2992,2991,test,data/test-00005-of-00010.parquet,1184
00016818_000,00016818_000.jpg,test,0,No Finding,16818,0,25,M,AP,2500,2048,test,data/test-00005-of-00010.parquet,1194
00016818_001,00016818_001.jpg,test,0,No Finding,16818,1,25,M,AP,2500,2048,test,data/test-00005-of-00010.parquet,1195
00016837_000,00016837_000.jpg,lakehouse,0,Nodule,16837,0,76,F,PA,2516,2329,test,data/test-00005-of-00010.parquet,1205
00016933_000,00016933_000.jpg,test,0,Fibrosis,16933,0,66,M,PA,2500,2048,test,data/test-00005-of-00010.parquet,1212
00016937_008,00016937_008.jpg,test,1,Emphysema|Pneumothorax,16937,4,51,F,PA,2992,2991,test,data/test-00005-of-00010.parquet,1221
00016944_001,00016944_001.jpg,test,0,No Finding,16944,1,21,M,AP,2500,2048,test,data/test-00005-of-00010.parquet,1234
00016944_002,00016944_002.jpg,test,0,Edema,16944,2,21,M,AP,2500,2048,test,data/test-00005-of-00010.parquet,1235
00016964_000,00016964_000.jpg,test,0,Atelectasis,16964,0,55,F,PA,2992,2991,test,data/test-00005-of-00010.parquet,1241
00016964_011,00016964_011.jpg,test,1,Atelectasis|Effusion|Pneumothorax,16964,11,56,F,PA,2992,2991,test,data/test-00005-of-00010.parquet,1252
00016971_000,00016971_000.jpg,test,0,Effusion|Infiltration|Mass|Nodule,16971,0,63,M,PA,2626,2692,test,data/test-00005-of-00010.parquet,1254
00016971_001,00016971_001.jpg,test,0,No Finding,16971,1,63,M,PA,2500,2048,test,data/test-00005-of-00010.parquet,1255
00016987_019,00016987_019.jpg,test,1,Atelectasis|Pneumothorax,16987,19,52,M,AP,2500,2048,test,data/test-00005-of-00010.parquet,1342
00016987_020,00016987_020.jpg,test,1,Consolidation|Pneumothorax,16987,20,52,M,AP,2500,2048,test,data/test-00005-of-00010.parquet,1343
00016990_001,00016990_001.jpg,test,0,No Finding,16990,0,61,M,PA,2500,2048,test,data/test-00005-of-00010.parquet,1349
00016990_002,00016990_002.jpg,test,0,No Finding,16990,1,61,M,AP,2500,2048,test,data/test-00005-of-00010.parquet,1350
00017028_000,00017028_000.jpg,test,0,Nodule|Pleural_Thickening,17028,0,54,F,PA,2270,2991,test,data/test-00005-of-00010.parquet,1356
00017036_009,00017036_009.jpg,test,1,Effusion|Pneumothorax,17036,9,27,M,PA,2992,2991,test,data/test-00005-of-00010.parquet,1366
00017036_010,00017036_010.jpg,test,1,Atelectasis|Infiltration|Pneumothorax,17036,10,27,M,PA,2992,2991,test,data/test-00005-of-00010.parquet,1367
00017081_000,00017081_000.jpg,lakehouse,0,Edema,17081,0,39,F,AP,2500,2048,test,data/test-00005-of-00010.parquet,1384
00017098_009,00017098_009.jpg,test,1,Effusion|Pneumothorax,17098,9,68,F,PA,2602,2991,test,data/test-00005-of-00010.parquet,1408
00017137_008,00017137_008.jpg,test,1,Pneumothorax,17137,8,48,F,PA,2990,2991,test,data/test-00005-of-00010.parquet,1431
00017257_003,00017257_003.jpg,test,1,Emphysema|Fibrosis|Mass|Pleural_Thickening|Pneumothorax,17257,3,41,M,PA,2814,2753,test,data/test-00005-of-00010.parquet,1759
00017318_013,00017318_013.jpg,test,0,No Finding,17318,4,19,M,AP,2896,2544,test,data/test-00005-of-00010.parquet,1773
00017403_001,00017403_001.jpg,test,0,No Finding,17403,1,51,F,PA,2992,2989,test,data/test-00005-of-00010.parquet,1786
00017403_002,00017403_002.jpg,test,0,Atelectasis|Mass,17403,2,51,F,AP,2500,2048,test,data/test-00005-of-00010.parquet,1787
00017405_000,00017405_000.jpg,test,0,Atelectasis,17405,0,64,M,PA,2992,2991,test,data/test-00005-of-00010.parquet,1798
00017448_000,00017448_000.jpg,lakehouse,0,Cardiomegaly|Mass|Pleural_Thickening,17448,0,57,M,PA,2658,2535,test,data/test-00005-of-00010.parquet,1842
00017500_001,00017500_001.jpg,lakehouse,0,No Finding,17500,1,54,M,PA,2950,2829,test,data/test-00005-of-00010.parquet,1851
00017500_002,00017500_002.jpg,lakehouse,0,Atelectasis|Effusion,17500,2,54,M,PA,2992,2991,test,data/test-00005-of-00010.parquet,1852
00017511_007,00017511_007.jpg,test,0,Cardiomegaly|Infiltration,17511,0,28,F,AP,2500,2048,test,data/test-00005-of-00010.parquet,1930
00017511_008,00017511_008.jpg,test,0,No Finding,17511,1,28,F,PA,2992,2991,test,data/test-00005-of-00010.parquet,1931
00017524_005,00017524_005.jpg,test,1,Atelectasis|Pneumothorax,17524,5,46,F,AP,2500,2048,test,data/test-00005-of-00010.parquet,1949
00017544_006,00017544_006.jpg,test,0,No Finding,17544,2,45,M,PA,2992,2991,test,data/test-00005-of-00010.parquet,1989
00017582_000,00017582_000.jpg,test,0,Atelectasis,17582,0,55,M,PA,2992,2991,test,data/test-00005-of-00010.parquet,1992
00017606_004,00017606_004.jpg,test,0,No Finding,17606,0,55,M,PA,2992,2991,test,data/test-00005-of-00010.parquet,2007
00017606_005,00017606_005.jpg,test,0,Effusion,17606,1,55,M,PA,2500,2048,test,data/test-00005-of-00010.parquet,2008
00017611_004,00017611_004.jpg,test,1,Nodule|Pneumothorax,17611,4,60,M,PA,2992,2991,test,data/test-00005-of-00010.parquet,2053
00017611_007,00017611_007.jpg,test,1,Emphysema|Pleural_Thickening|Pneumothorax,17611,7,60,M,PA,2678,2485,test,data/test-00005-of-00010.parquet,2056
00017641_002,00017641_002.jpg,test,0,No Finding,17641,2,67,M,AP,2500,2048,test,data/test-00005-of-00010.parquet,2061
00017670_001,00017670_001.jpg,test,0,Atelectasis|Nodule,17670,1,37,F,AP,2500,2048,test,data/test-00005-of-00010.parquet,2076
00017710_000,00017710_000.jpg,test,0,No Finding,17710,0,44,F,AP,2500,2048,test,data/test-00005-of-00010.parquet,2087
00017710_001,00017710_001.jpg,test,0,Infiltration|Pleural_Thickening,17710,1,44,F,PA,2992,2991,test,data/test-00005-of-00010.parquet,2088
00017710_002,00017710_002.jpg,test,0,No Finding,17710,2,44,F,AP,2500,2048,test,data/test-00005-of-00010.parquet,2089
00017714_022,00017714_022.jpg,lakehouse,1,Emphysema|Infiltration|Pneumothorax,17714,30,20,M,AP,3056,2544,test,data/test-00005-of-00010.parquet,2121
00017747_053,00017747_053.jpg,test,1,Emphysema|Pneumothorax,17747,18,31,M,PA,2992,2991,test,data/test-00005-of-00010.parquet,2190
00017755_000,00017755_000.jpg,test,0,Infiltration,17755,0,56,M,PA,3056,2544,test,data/test-00005-of-00010.parquet,2199
00018055_006,00018055_006.jpg,test,1,Effusion|Pneumothorax,18055,7,64,M,PA,2021,2021,test,data/test-00005-of-00010.parquet,2316
00018091_000,00018091_000.jpg,test,0,Atelectasis|Mass,18091,0,40,M,PA,2992,2991,test,data/test-00005-of-00010.parquet,2366
00018091_001,00018091_001.jpg,test,0,Fibrosis|Mass|Nodule,18091,1,40,M,PA,2992,2991,test,data/test-00005-of-00010.parquet,2367
00018203_000,00018203_000.jpg,lakehouse,0,Fibrosis,18203,0,42,F,PA,2746,2588,test,data/test-00005-of-00010.parquet,2487
00018203_002,00018203_002.jpg,lakehouse,0,Mass,18203,2,43,F,PA,2602,2589,test,data/test-00005-of-00010.parquet,2489
00018253_009,00018253_009.jpg,test,1,Effusion|Pneumothorax,18253,9,70,F,AP,2500,2048,test,data/test-00006-of-00010.parquet,27
00018253_012,00018253_012.jpg,test,1,Effusion|Pneumothorax,18253,12,70,F,AP,2500,2048,test,data/test-00006-of-00010.parquet,30
00018360_000,00018360_000.jpg,test,0,Infiltration,18360,0,61,M,PA,2992,2991,test,data/test-00006-of-00010.parquet,141
00018360_025,00018360_025.jpg,test,1,Infiltration|Pneumothorax,18360,25,62,M,AP,2500,2048,test,data/test-00006-of-00010.parquet,166
00018360_026,00018360_026.jpg,test,1,Infiltration|Pneumothorax,18360,26,62,M,AP,2500,2048,test,data/test-00006-of-00010.parquet,167
00018366_015,00018366_015.jpg,lakehouse,1,Pneumothorax,18366,15,64,F,AP,2500,2048,test,data/test-00006-of-00010.parquet,221
00018412_000,00018412_000.jpg,test,0,No Finding,18412,0,63,M,PA,2802,2693,test,data/test-00006-of-00010.parquet,313
00018412_001,00018412_001.jpg,test,0,Atelectasis,18412,1,63,M,AP,2500,2048,test,data/test-00006-of-00010.parquet,314
00018412_002,00018412_002.jpg,test,0,No Finding,18412,2,63,M,AP,2500,2048,test,data/test-00006-of-00010.parquet,315
00018419_001,00018419_001.jpg,test,0,Atelectasis,18419,0,54,M,PA,2992,2991,test,data/test-00006-of-00010.parquet,322
00018427_002,00018427_002.jpg,test,0,Effusion,18427,2,63,M,PA,2992,2991,test,data/test-00006-of-00010.parquet,326
00018488_005,00018488_005.jpg,test,1,Fibrosis|Pneumothorax,18488,7,46,M,PA,2021,2021,test,data/test-00006-of-00010.parquet,343
00018496_001,00018496_001.jpg,test,1,Effusion|Pneumothorax,18496,1,70,M,PA,2992,2991,test,data/test-00006-of-00010.parquet,351
00018615_000,00018615_000.jpg,lakehouse,0,Infiltration,18615,0,18,M,PA,2992,2991,test,data/test-00006-of-00010.parquet,367
00018657_016,00018657_016.jpg,lakehouse,0,No Finding,18657,2,70,F,AP,2500,2048,test,data/test-00006-of-00010.parquet,428
00018840_038,00018840_038.jpg,test,1,Pneumothorax,18840,38,21,F,AP,3020,2544,test,data/test-00006-of-00010.parquet,516
00018860_028,00018860_028.jpg,test,1,Emphysema|Infiltration|Pneumothorax,18860,27,37,M,PA,2992,2991,test,data/test-00006-of-00010.parquet,554
00018867_000,00018867_000.jpg,test,0,Mass,18867,0,31,F,PA,2778,2577,test,data/test-00006-of-00010.parquet,615
00018898_002,00018898_002.jpg,test,1,Pneumothorax,18898,6,40,F,PA,2992,2991,test,data/test-00006-of-00010.parquet,657
00018898_003,00018898_003.jpg,test,1,Pneumothorax,18898,0,36,F,PA,2578,2991,test,data/test-00006-of-00010.parquet,658
00018921_002,00018921_002.jpg,lakehouse,1,Pneumothorax,18921,0,42,F,AP,2500,2048,test,data/test-00006-of-00010.parquet,664
00018921_004,00018921_004.jpg,lakehouse,1,Pneumothorax,18921,2,42,F,AP,2500,2048,test,data/test-00006-of-00010.parquet,666
00019013_000,00019013_000.jpg,lakehouse,0,Mass,19013,1,43,M,AP,3056,2544,test,data/test-00006-of-00010.parquet,746
00019124_084,00019124_084.jpg,test,1,Nodule|Pneumothorax,19124,13,51,F,AP,3056,2544,test,data/test-00006-of-00010.parquet,905
00019150_011,00019150_011.jpg,test,0,No Finding,19150,1,66,M,AP,2500,2048,test,data/test-00006-of-00010.parquet,962
00019150_012,00019150_012.jpg,test,0,No Finding,19150,2,66,M,AP,2500,2048,test,data/test-00006-of-00010.parquet,963
00019154_000,00019154_000.jpg,test,0,Consolidation|Effusion|Pleural_Thickening,19154,0,57,F,PA,2762,2769,test,data/test-00006-of-00010.parquet,974
00019154_002,00019154_002.jpg,test,0,Atelectasis|Pleural_Thickening,19154,2,58,F,PA,2682,2757,test,data/test-00006-of-00010.parquet,976
00019157_002,00019157_002.jpg,test,0,No Finding,19157,2,57,M,PA,2970,2991,test,data/test-00006-of-00010.parquet,980
00019177_000,00019177_000.jpg,test,0,Infiltration|Nodule,19177,0,61,M,AP,2500,2048,test,data/test-00006-of-00010.parquet,991
00019177_001,00019177_001.jpg,test,0,Consolidation|Effusion|Nodule,19177,1,61,M,AP,2500,2048,test,data/test-00006-of-00010.parquet,992
00019177_002,00019177_002.jpg,test,0,Edema|Effusion|Infiltration,19177,2,61,M,AP,2500,2048,test,data/test-00006-of-00010.parquet,993
00019187_000,00019187_000.jpg,test,0,Atelectasis|Cardiomegaly,19187,0,64,M,PA,2992,2991,test,data/test-00006-of-00010.parquet,994
00019208_000,00019208_000.jpg,test,0,No Finding,19208,0,43,M,PA,2618,2793,test,data/test-00006-of-00010.parquet,995
00019208_002,00019208_002.jpg,test,0,No Finding,19208,2,43,M,AP,2048,2500,test,data/test-00006-of-00010.parquet,997
00019238_001,00019238_001.jpg,test,0,No Finding,19238,0,69,M,PA,2482,2557,test,data/test-00006-of-00010.parquet,1004
00019238_004,00019238_004.jpg,test,1,Emphysema|Pneumothorax,19238,3,69,M,PA,2870,2991,test,data/test-00006-of-00010.parquet,1007
00019265_000,00019265_000.jpg,test,0,No Finding,19265,0,41,M,PA,2992,2991,test,data/test-00006-of-00010.parquet,1023
00019271_002,00019271_002.jpg,test,0,No Finding,19271,2,54,M,PA,2992,2991,test,data/test-00006-of-00010.parquet,1036
00019275_003,00019275_003.jpg,lakehouse,0,Pleural_Thickening,19275,0,50,F,PA,2992,2991,test,data/test-00006-of-00010.parquet,1110
00019275_005,00019275_005.jpg,lakehouse,0,No Finding,19275,2,50,F,PA,2622,2991,test,data/test-00006-of-00010.parquet,1112
00019313_002,00019313_002.jpg,test,0,Atelectasis|Consolidation|Effusion|Nodule,19313,0,65,M,PA,2500,2048,test,data/test-00006-of-00010.parquet,1121
00019313_004,00019313_004.jpg,test,0,Atelectasis|Effusion,19313,2,65,M,PA,2766,2902,test,data/test-00006-of-00010.parquet,1123
00019363_000,00019363_000.jpg,test,0,No Finding,19363,0,55,F,PA,2694,2751,test,data/test-00006-of-00010.parquet,1132
00019363_001,00019363_001.jpg,test,0,No Finding,19363,1,55,F,AP,2500,2048,test,data/test-00006-of-00010.parquet,1133
00019363_002,00019363_002.jpg,test,0,No Finding,19363,2,55,F,AP,2500,2048,test,data/test-00006-of-00010.parquet,1134
00019373_003,00019373_003.jpg,test,1,Emphysema|Mass|Pneumothorax,19373,19,39,M,PA,2992,2991,test,data/test-00006-of-00010.parquet,1179
00019499_002,00019499_002.jpg,test,0,No Finding,19499,2,56,M,AP,2500,2048,test,data/test-00006-of-00010.parquet,1300
00019508_000,00019508_000.jpg,test,0,No Finding,19508,0,34,M,PA,2992,2991,test,data/test-00006-of-00010.parquet,1305
00019508_002,00019508_002.jpg,test,0,No Finding,19508,2,34,M,AP,3056,2544,test,data/test-00006-of-00010.parquet,1307
00019606_000,00019606_000.jpg,test,0,No Finding,19606,0,66,M,PA,2500,2048,test,data/test-00006-of-00010.parquet,1320
00019606_001,00019606_001.jpg,test,0,No Finding,19606,1,66,M,PA,2992,2991,test,data/test-00006-of-00010.parquet,1321
00019606_002,00019606_002.jpg,test,0,Fibrosis,19606,2,66,M,PA,2992,2991,test,data/test-00006-of-00010.parquet,1322
00019625_000,00019625_000.jpg,test,0,Infiltration,19625,0,73,M,PA,2992,2991,test,data/test-00006-of-00010.parquet,1324
00019625_001,00019625_001.jpg,test,0,Atelectasis|Edema|Effusion|Infiltration,19625,1,73,M,AP,3056,2544,test,data/test-00006-of-00010.parquet,1325
00019625_002,00019625_002.jpg,test,0,Edema|Effusion|Infiltration,19625,2,73,M,AP,3056,2544,test,data/test-00006-of-00010.parquet,1326
00019634_001,00019634_001.jpg,test,0,No Finding,19634,1,64,F,PA,2500,2048,test,data/test-00006-of-00010.parquet,1337
00019637_003,00019637_003.jpg,test,1,Effusion|Pneumothorax,19637,12,75,M,PA,2826,2609,test,data/test-00006-of-00010.parquet,1352
00019637_004,00019637_004.jpg,test,1,Nodule|Pneumothorax,19637,0,72,M,PA,2992,2991,test,data/test-00006-of-00010.parquet,1353
00019637_005,00019637_005.jpg,test,0,Nodule,19637,1,73,M,PA,2992,2991,test,data/test-00006-of-00010.parquet,1354
00019646_005,00019646_005.jpg,test,0,No Finding,19646,0,29,F,AP,2500,2048,test,data/test-00006-of-00010.parquet,1367
00019646_006,00019646_006.jpg,test,0,Atelectasis|Infiltration,19646,1,29,F,AP,2500,2048,test,data/test-00006-of-00010.parquet,1368
00019651_000,00019651_000.jpg,test,0,Mass,19651,0,24,F,PA,2500,2048,test,data/test-00006-of-00010.parquet,1371
00019651_002,00019651_002.jpg,test,0,Mass,19651,2,24,F,AP,3040,2544,test,data/test-00006-of-00010.parquet,1373
00019658_008,00019658_008.jpg,test,0,No Finding,19658,0,64,F,PA,2992,2991,test,data/test-00006-of-00010.parquet,1383
00019658_009,00019658_009.jpg,test,0,Fibrosis|Infiltration,19658,1,64,F,PA,2602,2829,test,data/test-00006-of-00010.parquet,1384
00019684_001,00019684_001.jpg,lakehouse,0,No Finding,19684,1,52,M,PA,2990,2991,test,data/test-00006-of-00010.parquet,1393
00019706_002,00019706_002.jpg,test,1,Pneumothorax,19706,1,34,M,AP,3056,2544,test,data/test-00006-of-00010.parquet,1400
00019742_003,00019742_003.jpg,test,0,Atelectasis,19742,2,60,M,PA,2850,2991,test,data/test-00006-of-00010.parquet,1419
00019750_023,00019750_023.jpg,test,0,No Finding,19750,0,56,M,PA,2500,2048,test,data/test-00006-of-00010.parquet,1452
00019750_024,00019750_024.jpg,test,0,No Finding,19750,1,56,M,AP,2500,2048,test,data/test-00006-of-00010.parquet,1453
00019750_025,00019750_025.jpg,test,0,No Finding,19750,2,57,M,PA,3056,2544,test,data/test-00006-of-00010.parquet,1454
00019765_000,00019765_000.jpg,lakehouse,0,No Finding,19765,0,70,M,PA,2576,2689,test,data/test-00006-of-00010.parquet,1461
00019766_013,00019766_013.jpg,test,1,Pneumothorax,19766,25,39,M,PA,2544,3056,test,data/test-00006-of-00010.parquet,1487
00019769_000,00019769_000.jpg,test,0,Infiltration,19769,0,48,F,PA,2602,2729,test,data/test-00006-of-00010.parquet,1532
00019861_010,00019861_010.jpg,test,1,Atelectasis|Cardiomegaly|Effusion|Infiltration|Pneumothorax,19861,23,66,M,PA,2992,2991,test,data/test-00006-of-00010.parquet,1557
00019861_011,00019861_011.jpg,test,0,No Finding,19861,0,62,M,PA,2992,2991,test,data/test-00006-of-00010.parquet,1558
00019861_012,00019861_012.jpg,test,0,Atelectasis|Pleural_Thickening,19861,1,62,M,PA,2850,2991,test,data/test-00006-of-00010.parquet,1559
00019863_008,00019863_008.jpg,test,1,Infiltration|Pneumonia|Pneumothorax,19863,10,35,F,PA,2992,2991,test,data/test-00006-of-00010.parquet,1579
00019863_013,00019863_013.jpg,test,0,No Finding,19863,0,32,F,PA,2500,2048,test,data/test-00006-of-00010.parquet,1584
00019892_003,00019892_003.jpg,lakehouse,1,Pneumothorax,19892,3,58,F,PA,2048,2500,test,data/test-00006-of-00010.parquet,1589
00019919_017,00019919_017.jpg,test,1,Emphysema|Pneumothorax,19919,12,52,M,PA,2666,2991,test,data/test-00006-of-00010.parquet,1628
00019924_000,00019924_000.jpg,test,0,Mass,19924,0,56,F,PA,2992,2991,test,data/test-00006-of-00010.parquet,1633
00019924_001,00019924_001.jpg,test,0,Atelectasis|Mass,19924,1,56,F,AP,2500,2048,test,data/test-00006-of-00010.parquet,1634
00019924_002,00019924_002.jpg,test,0,Atelectasis|Effusion,19924,2,56,F,PA,2992,2991,test,data/test-00006-of-00010.parquet,1635
00019938_000,00019938_000.jpg,test,0,No Finding,19938,0,39,F,PA,2992,2991,test,data/test-00006-of-00010.parquet,1680
00020065_012,00020065_012.jpg,lakehouse,0,No Finding,20065,0,60,M,PA,2992,2991,test,data/test-00006-of-00010.parquet,1700
00020146_006,00020146_006.jpg,lakehouse,1,Pneumothorax,20146,5,22,M,PA,2992,2991,test,data/test-00006-of-00010.parquet,1749
00020259_002,00020259_002.jpg,test,0,Consolidation|Infiltration|Pneumonia,20259,2,52,F,AP,3056,2544,test,data/test-00006-of-00010.parquet,1901
00020274_005,00020274_005.jpg,test,1,Mass|Pleural_Thickening|Pneumothorax,20274,14,53,F,PA,2742,2627,test,data/test-00006-of-00010.parquet,1907
00020274_007,00020274_007.jpg,test,1,Effusion|Mass|Nodule|Pneumothorax,20274,15,53,F,PA,2946,2937,test,data/test-00006-of-00010.parquet,1909
00020277_001,00020277_001.jpg,test,0,Effusion,20277,1,34,F,AP,3056,2544,test,data/test-00006-of-00010.parquet,1926
00020318_001,00020318_001.jpg,test,1,Pneumothorax,20318,8,60,M,AP,3056,2544,test,data/test-00006-of-00010.parquet,1931
00020333_002,00020333_002.jpg,test,0,Edema|Effusion,20333,2,64,F,AP,3056,2544,test,data/test-00006-of-00010.parquet,1970
00020349_000,00020349_000.jpg,test,0,Cardiomegaly,20349,0,18,F,AP,3056,2544,test,data/test-00006-of-00010.parquet,1973
00020349_001,00020349_001.jpg,test,0,Cardiomegaly|Consolidation,20349,1,18,F,AP,3056,2544,test,data/test-00006-of-00010.parquet,1974
00020349_003,00020349_003.jpg,test,0,No Finding,20349,2,18,F,AP,3056,2544,test,data/test-00006-of-00010.parquet,1976
00020393_000,00020393_000.jpg,test,0,No Finding,20393,0,42,M,PA,2992,2991,test,data/test-00006-of-00010.parquet,1985
00020393_002,00020393_002.jpg,test,0,Nodule,20393,2,42,M,AP,2884,2544,test,data/test-00006-of-00010.parquet,1987
00020405_027,00020405_027.jpg,test,1,Pneumothorax,20405,26,49,M,PA,3056,2496,test,data/test-00006-of-00010.parquet,2022
00020405_033,00020405_033.jpg,test,1,Infiltration|Pneumothorax,20405,32,49,M,AP,3056,2544,test,data/test-00006-of-00010.parquet,2028
00020408_058,00020408_058.jpg,test,1,Infiltration|Pneumothorax,20408,58,46,M,AP,3056,2544,test,data/test-00006-of-00010.parquet,2095
00020429_000,00020429_000.jpg,lakehouse,0,Pleural_Thickening,20429,0,59,M,PA,2992,2991,test,data/test-00006-of-00010.parquet,2108
00020434_001,00020434_001.jpg,test,0,No Finding,20434,1,33,F,AP,3056,2544,test,data/test-00006-of-00010.parquet,2143
00020434_002,00020434_002.jpg,test,0,No Finding,20434,2,33,F,AP,3056,2544,test,data/test-00006-of-00010.parquet,2144
00020437_001,00020437_001.jpg,test,1,Nodule|Pneumothorax,20437,2,56,F,PA,2492,3056,test,data/test-00006-of-00010.parquet,2156
00020438_017,00020438_017.jpg,test,0,No Finding,20438,0,25,M,AP,2500,2048,test,data/test-00006-of-00010.parquet,2192
00020438_018,00020438_018.jpg,test,0,Infiltration,20438,1,25,M,PA,2844,2862,test,data/test-00006-of-00010.parquet,2193
00020482_002,00020482_002.jpg,test,0,No Finding,20482,2,29,F,AP,2888,2544,test,data/test-00006-of-00010.parquet,2196
00020499_007,00020499_007.jpg,test,1,Emphysema|Mass|Pneumothorax,20499,7,24,M,AP,3056,2544,test,data/test-00006-of-00010.parquet,2264
00020499_009,00020499_009.jpg,test,1,Emphysema|Pneumothorax,20499,9,24,M,AP,3056,2544,test,data/test-00006-of-00010.parquet,2266
00020603_000,00020603_000.jpg,lakehouse,0,Emphysema,20603,0,64,M,PA,2562,2418,test,data/test-00006-of-00010.parquet,2271
00020603_002,00020603_002.jpg,lakehouse,0,Infiltration,20603,2,65,M,PA,2992,2991,test,data/test-00006-of-00010.parquet,2273
00020656_000,00020656_000.jpg,lakehouse,0,No Finding,20656,0,47,M,PA,2992,2991,test,data/test-00006-of-00010.parquet,2278
00020671_000,00020671_000.jpg,test,0,Effusion,20671,0,39,M,PA,2992,2991,test,data/test-00006-of-00010.parquet,2280
00020673_002,00020673_002.jpg,lakehouse,0,Infiltration,20673,2,31,F,AP,3056,2544,test,data/test-00006-of-00010.parquet,2302
00020751_002,00020751_002.jpg,test,1,Pneumothorax,20751,2,33,M,PA,3056,2520,test,data/test-00006-of-00010.parquet,2403
00020772_005,00020772_005.jpg,test,1,Pneumothorax,20772,6,72,F,PA,2550,2991,test,data/test-00006-of-00010.parquet,2416
00020774_000,00020774_000.jpg,test,0,Nodule,20774,0,59,M,PA,3056,2504,test,data/test-00006-of-00010.parquet,2426
00020791_002,00020791_002.jpg,lakehouse,0,Infiltration,20791,1,30,M,PA,2522,2991,test,data/test-00006-of-00010.parquet,2429
00020810_000,00020810_000.jpg,lakehouse,0,No Finding,20810,0,66,M,AP,3056,2544,test,data/test-00006-of-00010.parquet,2430
00020810_002,00020810_002.jpg,lakehouse,0,Atelectasis,20810,2,66,M,AP,2500,2048,test,data/test-00006-of-00010.parquet,2432
00020819_012,00020819_012.jpg,test,1,Atelectasis|Fibrosis|Pneumothorax,20819,12,71,F,PA,2992,2991,test,data/test-00006-of-00010.parquet,2447
00020845_000,00020845_000.jpg,test,0,No Finding,20845,0,51,F,PA,3056,2496,test,data/test-00006-of-00010.parquet,2452
00020852_000,00020852_000.jpg,test,0,No Finding,20852,0,75,M,AP,3056,2544,test,data/test-00006-of-00010.parquet,2458
00020857_003,00020857_003.jpg,lakehouse,1,Atelectasis|Pneumothorax,20857,5,38,M,AP,3056,2544,test,data/test-00006-of-00010.parquet,2485
00020915_000,00020915_000.jpg,test,0,Hernia,20915,2,65,M,PA,2992,2991,test,data/test-00006-of-00010.parquet,2494
00020915_003,00020915_003.jpg,test,0,Hernia,20915,1,65,M,PA,2992,2991,test,data/test-00006-of-00010.parquet,2497
00020986_001,00020986_001.jpg,test,0,Cardiomegaly,20986,1,23,M,AP,3056,2544,test,data/test-00007-of-00010.parquet,0
00021007_000,00021007_000.jpg,test,0,Atelectasis|Effusion|Fibrosis,21007,0,40,F,PA,2558,2654,test,data/test-00007-of-00010.parquet,1
00021009_002,00021009_002.jpg,test,0,Effusion|Infiltration,21009,2,48,F,PA,2992,2991,test,data/test-00007-of-00010.parquet,4
00021024_022,00021024_022.jpg,test,0,Atelectasis|Cardiomegaly,21024,1,23,M,PA,2946,2894,test,data/test-00007-of-00010.parquet,27
00021024_023,00021024_023.jpg,test,0,Infiltration,21024,2,23,M,AP,3056,2544,test,data/test-00007-of-00010.parquet,28
00021047_005,00021047_005.jpg,test,0,Effusion|Mass,21047,2,52,M,PA,2992,2991,test,data/test-00007-of-00010.parquet,34
00021070_000,00021070_000.jpg,test,0,Consolidation|Nodule,21070,0,32,M,PA,2798,2797,test,data/test-00007-of-00010.parquet,54
00021070_002,00021070_002.jpg,test,0,Infiltration,21070,2,32,M,AP,3056,2544,test,data/test-00007-of-00010.parquet,56
00021132_000,00021132_000.jpg,test,0,Effusion|Fibrosis,21132,0,43,F,AP,3056,2544,test,data/test-00007-of-00010.parquet,59
00021179_005,00021179_005.jpg,test,1,Nodule|Pneumothorax,21179,5,48,M,PA,2544,3056,test,data/test-00007-of-00010.parquet,65
00021181_000,00021181_000.jpg,test,0,Effusion,21181,0,58,F,PA,2594,2991,test,data/test-00007-of-00010.parquet,72
00021181_002,00021181_002.jpg,test,0,Effusion,21181,2,58,F,PA,2354,2991,test,data/test-00007-of-00010.parquet,74
00021201_012,00021201_012.jpg,test,1,Pneumothorax,21201,14,65,M,AP,3056,2544,test,data/test-00007-of-00010.parquet,87
00021201_013,00021201_013.jpg,test,1,Infiltration|Mass|Pneumothorax,21201,12,65,M,AP,3056,2544,test,data/test-00007-of-00010.parquet,88
00021222_005,00021222_005.jpg,test,1,Effusion|Pneumothorax,21222,5,57,M,AP,3056,2544,test,data/test-00007-of-00010.parquet,194
00021222_006,00021222_006.jpg,test,1,Atelectasis|Effusion|Pneumothorax,21222,6,57,M,PA,2992,2991,test,data/test-00007-of-00010.parquet,195
00021321_001,00021321_001.jpg,lakehouse,1,Pneumothorax,21321,9,48,F,PA,3056,2544,test,data/test-00007-of-00010.parquet,295
00021321_002,00021321_002.jpg,lakehouse,1,Effusion|Infiltration|Pneumothorax,21321,10,48,F,AP,3056,2544,test,data/test-00007-of-00010.parquet,296
00021364_000,00021364_000.jpg,test,0,Infiltration,21364,0,59,M,PA,2992,2991,test,data/test-00007-of-00010.parquet,319
00021364_001,00021364_001.jpg,test,0,Cardiomegaly|Infiltration|Nodule,21364,1,59,M,PA,2608,2638,test,data/test-00007-of-00010.parquet,320
00021364_002,00021364_002.jpg,test,0,Consolidation,21364,2,59,M,AP,3056,2544,test,data/test-00007-of-00010.parquet,321
00021374_002,00021374_002.jpg,test,1,Pneumothorax,21374,2,80,M,PA,3056,2544,test,data/test-00007-of-00010.parquet,326
00021377_003,00021377_003.jpg,test,1,Effusion|Pneumothorax,21377,3,52,M,PA,2786,2746,test,data/test-00007-of-00010.parquet,367
00021377_008,00021377_008.jpg,test,1,Pneumothorax,21377,8,52,M,PA,2992,2991,test,data/test-00007-of-00010.parquet,372
00021381_002,00021381_002.jpg,test,1,Pneumothorax,21381,2,65,F,AP,3056,2544,test,data/test-00007-of-00010.parquet,387
00021381_006,00021381_006.jpg,test,1,Atelectasis|Effusion|Nodule|Pneumothorax,21381,6,65,F,PA,2554,2623,test,data/test-00007-of-00010.parquet,391
00021458_000,00021458_000.jpg,lakehouse,0,Cardiomegaly|Nodule|Pneumonia,21458,0,60,F,PA,2992,2991,test,data/test-00007-of-00010.parquet,471
00021710_001,00021710_001.jpg,test,0,No Finding,21710,0,59,M,PA,2958,2991,test,data/test-00007-of-00010.parquet,600
00021711_002,00021711_002.jpg,test,1,Atelectasis|Effusion|Emphysema|Pneumothorax,21711,3,71,M,AP,3056,2544,test,data/test-00007-of-00010.parquet,605
00021748_001,00021748_001.jpg,test,1,Pneumothorax,21748,1,20,M,AP,3056,2544,test,data/test-00007-of-00010.parquet,623
00021748_002,00021748_002.jpg,test,0,Emphysema,21748,3,20,M,PA,2524,2654,test,data/test-00007-of-00010.parquet,624
00021772_001,00021772_001.jpg,test,0,Atelectasis,21772,1,62,M,AP,3056,2544,test,data/test-00007-of-00010.parquet,627
00021782_026,00021782_026.jpg,test,1,Atelectasis|Pneumothorax,21782,1,31,F,AP,3056,2544,test,data/test-00007-of-00010.parquet,669
00021782_027,00021782_027.jpg,test,1,Pneumothorax,21782,2,31,F,AP,3056,2544,test,data/test-00007-of-00010.parquet,670
00021796_001,00021796_001.jpg,test,0,Effusion,21796,1,54,M,PA,3056,2456,test,data/test-00007-of-00010.parquet,681
00021840_005,00021840_005.jpg,test,1,Effusion|Pneumothorax,21840,5,59,F,PA,2992,2991,test,data/test-00007-of-00010.parquet,726
00021840_011,00021840_011.jpg,test,1,Effusion|Pneumothorax,21840,11,59,F,PA,2992,2991,test,data/test-00007-of-00010.parquet,732
00021845_002,00021845_002.jpg,test,0,Infiltration,21845,2,19,M,PA,2021,2021,test,data/test-00007-of-00010.parquet,749
00021860_000,00021860_000.jpg,test,0,Edema|Infiltration,21860,1,46,F,PA,2544,3056,test,data/test-00007-of-00010.parquet,755
00021860_001,00021860_001.jpg,test,0,No Finding,21860,2,46,F,AP,3056,2544,test,data/test-00007-of-00010.parquet,756
00021862_000,00021862_000.jpg,lakehouse,0,Effusion|Nodule|Pleural_Thickening,21862,1,58,M,PA,2992,2991,test,data/test-00007-of-00010.parquet,767
00021862_004,00021862_004.jpg,lakehouse,0,Atelectasis|Nodule,21862,0,58,M,PA,2862,2855,test,data/test-00007-of-00010.parquet,771
00021878_001,00021878_001.jpg,test,0,No Finding,21878,0,44,F,PA,2986,2991,test,data/test-00007-of-00010.parquet,773
00021887_001,00021887_001.jpg,test,0,Effusion|Mass,21887,1,62,M,PA,3056,2544,test,data/test-00007-of-00010.parquet,775
00021972_001,00021972_001.jpg,test,1,Effusion|Pneumothorax,21972,21,49,F,PA,2846,2899,test,data/test-00007-of-00010.parquet,803
00021972_009,00021972_009.jpg,test,1,Pneumothorax,21972,30,52,F,PA,2021,2021,test,data/test-00007-of-00010.parquet,811
00021972_010,00021972_010.jpg,test,1,Pneumothorax,21972,31,52,F,PA,2021,2021,test,data/test-00007-of-00010.parquet,812
00022021_001,00022021_001.jpg,test,0,No Finding,22021,0,57,M,PA,2992,2991,test,data/test-00007-of-00010.parquet,836
00022021_002,00022021_002.jpg,test,0,Infiltration|Pneumonia,22021,1,57,M,PA,2992,2991,test,data/test-00007-of-00010.parquet,837
00022021_003,00022021_003.jpg,test,0,Atelectasis|Effusion|Infiltration,22021,2,57,M,PA,2870,2991,test,data/test-00007-of-00010.parquet,838
00022084_000,00022084_000.jpg,test,0,Edema|Pneumonia,22084,0,48,F,PA,2544,2796,test,data/test-00007-of-00010.parquet,840
00022098_002,00022098_002.jpg,test,1,Atelectasis|Infiltration|Pneumothorax,22098,3,46,F,AP,3056,2544,test,data/test-00007-of-00010.parquet,843
00022098_003,00022098_003.jpg,test,1,Atelectasis|Infiltration|Pneumothorax,22098,2,46,F,AP,3056,2544,test,data/test-00007-of-00010.parquet,844
00022098_004,00022098_004.jpg,test,1,Atelectasis|Consolidation|Effusion|Pneumothorax,22098,4,46,F,AP,3056,2544,test,data/test-00007-of-00010.parquet,845
00022141_000,00022141_000.jpg,test,1,Infiltration|Pleural_Thickening|Pneumothorax,22141,0,30,M,AP,2544,3056,test,data/test-00007-of-00010.parquet,853
00022141_001,00022141_001.jpg,test,1,Atelectasis|Consolidation|Pleural_Thickening|Pneumothorax,22141,1,30,M,AP,3056,2544,test,data/test-00007-of-00010.parquet,854
00022155_005,00022155_005.jpg,test,1,Effusion|Pneumothorax,22155,11,40,F,PA,2992,2991,test,data/test-00007-of-00010.parquet,891
00022215_010,00022215_010.jpg,lakehouse,0,Cardiomegaly|Edema,22215,1,53,F,AP,3056,2544,test,data/test-00007-of-00010.parquet,968
00022237_026,00022237_026.jpg,lakehouse,0,No Finding,22237,2,68,M,PA,3056,2492,test,data/test-00007-of-00010.parquet,1001
00022470_002,00022470_002.jpg,test,0,Infiltration,22470,2,46,M,PA,3056,2544,test,data/test-00007-of-00010.parquet,1145
00022572_000,00022572_000.jpg,test,0,Atelectasis|Infiltration,22572,1,47,M,AP,3056,2544,test,data/test-00007-of-00010.parquet,1156
00022572_026,00022572_026.jpg,test,1,Pneumothorax,22572,27,48,M,AP,3056,2544,test,data/test-00007-of-00010.parquet,1182
00022611_000,00022611_000.jpg,test,0,Atelectasis|Effusion|Mass,22611,1,30,F,PA,2992,2991,test,data/test-00007-of-00010.parquet,1246
00022611_011,00022611_011.jpg,test,0,No Finding,22611,0,30,F,PA,2386,2991,test,data/test-00007-of-00010.parquet,1257
00022707_002,00022707_002.jpg,test,1,Effusion|Pneumothorax,22707,2,45,F,PA,2630,2397,test,data/test-00007-of-00010.parquet,1264
00022707_003,00022707_003.jpg,test,1,Atelectasis|Infiltration|Pneumothorax,22707,3,45,F,PA,2206,2991,test,data/test-00007-of-00010.parquet,1265
00022707_005,00022707_005.jpg,test,1,Consolidation|Effusion|Pneumothorax,22707,5,45,F,AP,3056,2544,test,data/test-00007-of-00010.parquet,1267
00022717_000,00022717_000.jpg,test,0,No Finding,22717,0,57,M,AP,3056,2544,test,data/test-00007-of-00010.parquet,1278
00022717_002,00022717_002.jpg,test,0,No Finding,22717,2,57,M,AP,3056,2544,test,data/test-00007-of-00010.parquet,1280
00022726_017,00022726_017.jpg,test,1,Nodule|Pneumothorax,22726,2,43,F,AP,3056,2544,test,data/test-00007-of-00010.parquet,1308
00022726_018,00022726_018.jpg,test,1,Mass|Pneumothorax,22726,4,43,F,PA,2992,2991,test,data/test-00007-of-00010.parquet,1309
00022726_019,00022726_019.jpg,test,1,Nodule|Pneumothorax,22726,5,43,F,PA,2048,2500,test,data/test-00007-of-00010.parquet,1310
00022727_001,00022727_001.jpg,lakehouse,0,Effusion|Infiltration|Nodule|Pleural_Thickening,22727,1,54,F,PA,2742,2991,test,data/test-00007-of-00010.parquet,1314
00022737_002,00022737_002.jpg,test,0,Infiltration|Nodule,22737,0,40,F,PA,2992,2991,test,data/test-00007-of-00010.parquet,1317
00022765_000,00022765_000.jpg,test,0,Fibrosis,22765,0,61,F,PA,2992,2991,test,data/test-00007-of-00010.parquet,1318
00022787_001,00022787_001.jpg,lakehouse,0,Pleural_Thickening,22787,0,43,M,PA,3056,2516,test,data/test-00007-of-00010.parquet,1320
00022837_009,00022837_009.jpg,test,1,Mass|Nodule|Pneumothorax,22837,9,66,M,PA,2992,2991,test,data/test-00007-of-00010.parquet,1411
00022837_011,00022837_011.jpg,test,1,Effusion|Emphysema|Mass|Pneumothorax,22837,11,66,M,PA,2992,2991,test,data/test-00007-of-00010.parquet,1413
00022877_009,00022877_009.jpg,test,1,Infiltration|Pneumonia|Pneumothorax,22877,9,56,F,AP,3056,2544,test,data/test-00007-of-00010.parquet,1465
00022877_015,00022877_015.jpg,test,1,Infiltration|Nodule|Pleural_Thickening|Pneumothorax,22877,15,56,F,AP,2544,3056,test,data/test-00007-of-00010.parquet,1471
00022883_000,00022883_000.jpg,test,0,Consolidation,22883,1,66,M,PA,3056,2544,test,data/test-00007-of-00010.parquet,1484
00022883_001,00022883_001.jpg,test,0,Infiltration,22883,2,67,M,PA,2992,2991,test,data/test-00007-of-00010.parquet,1485
00022899_000,00022899_000.jpg,test,0,Effusion|Infiltration,22899,0,59,M,AP,3056,2544,test,data/test-00007-of-00010.parquet,1501
00022899_007,00022899_007.jpg,test,1,Atelectasis|Cardiomegaly|Effusion|Infiltration|Pneumothorax,22899,7,59,M,PA,2992,2991,test,data/test-00007-of-00010.parquet,1508
00022961_009,00022961_009.jpg,test,0,No Finding,22961,1,61,F,AP,3056,2544,test,data/test-00007-of-00010.parquet,1546
00022961_010,00022961_010.jpg,test,0,No Finding,22961,2,61,F,AP,3056,2544,test,data/test-00007-of-00010.parquet,1547
00022977_000,00022977_000.jpg,test,0,Mass|Nodule,22977,1,43,M,PA,3056,2544,test,data/test-00007-of-00010.parquet,1548
00022993_002,00022993_002.jpg,test,0,Infiltration,22993,2,55,M,PA,2992,2991,test,data/test-00007-of-00010.parquet,1569
00023026_000,00023026_000.jpg,test,0,No Finding,23026,0,30,F,PA,2992,2991,test,data/test-00007-of-00010.parquet,1597
00023026_002,00023026_002.jpg,test,0,Nodule,23026,2,30,F,PA,2540,3016,test,data/test-00007-of-00010.parquet,1599
00023065_009,00023065_009.jpg,lakehouse,1,Atelectasis|Pneumothorax,23065,8,49,F,AP,3056,2544,test,data/test-00007-of-00010.parquet,1642
00023075_002,00023075_002.jpg,lakehouse,1,Emphysema|Pneumothorax,23075,2,29,M,PA,2990,2991,test,data/test-00007-of-00010.parquet,1726
00023078_003,00023078_003.jpg,lakehouse,1,Atelectasis|Nodule|Pneumothorax,23078,3,64,M,PA,2992,2991,test,data/test-00007-of-00010.parquet,1777
00023089_000,00023089_000.jpg,test,0,Infiltration,23089,0,58,M,AP,3056,2544,test,data/test-00007-of-00010.parquet,1807
00023089_001,00023089_001.jpg,test,0,No Finding,23089,1,58,M,AP,3056,2544,test,data/test-00007-of-00010.parquet,1808
00023091_000,00023091_000.jpg,test,0,No Finding,23091,0,65,F,PA,2992,2991,test,data/test-00007-of-00010.parquet,1813
00023091_003,00023091_003.jpg,test,1,Effusion|Mass|Pneumothorax,23091,3,66,F,PA,2484,2534,test,data/test-00007-of-00010.parquet,1816
00023093_000,00023093_000.jpg,test,0,No Finding,23093,0,45,F,PA,3056,2544,test,data/test-00007-of-00010.parquet,1829
00023093_001,00023093_001.jpg,test,0,No Finding,23093,1,45,F,PA,2992,2991,test,data/test-00007-of-00010.parquet,1830
00023097_000,00023097_000.jpg,test,0,Effusion|Fibrosis,23097,0,36,M,PA,2992,2991,test,data/test-00007-of-00010.parquet,1849
00023097_001,00023097_001.jpg,test,0,Atelectasis|Effusion,23097,1,37,M,PA,2992,2991,test,data/test-00007-of-00010.parquet,1850
00023097_002,00023097_002.jpg,test,0,Atelectasis|Effusion,23097,2,37,M,PA,2992,2991,test,data/test-00007-of-00010.parquet,1851
00023116_007,00023116_007.jpg,test,1,Atelectasis|Pneumothorax,23116,7,47,M,AP,3056,2544,test,data/test-00007-of-00010.parquet,1867
00023116_011,00023116_011.jpg,test,1,Pneumothorax,23116,14,47,M,PA,2992,2991,test,data/test-00007-of-00010.parquet,1871
00023116_014,00023116_014.jpg,test,1,Emphysema|Pneumothorax,23116,10,47,M,AP,3056,2544,test,data/test-00007-of-00010.parquet,1874
00023138_000,00023138_000.jpg,test,0,Mass,23138,0,40,M,PA,2544,3056,test,data/test-00007-of-00010.parquet,1881
00023138_001,00023138_001.jpg,test,0,Infiltration,23138,1,40,M,PA,2992,2991,test,data/test-00007-of-00010.parquet,1882
00023156_004,00023156_004.jpg,lakehouse,1,Infiltration|Pneumothorax,23156,4,65,F,PA,2544,3056,test,data/test-00007-of-00010.parquet,1899
00023156_005,00023156_005.jpg,lakehouse,1,Emphysema|Fibrosis|Infiltration|Pneumothorax,23156,5,65,F,PA,2992,2991,test,data/test-00007-of-00010.parquet,1900
00023168_000,00023168_000.jpg,test,0,Mass|Nodule,23168,0,21,M,PA,2992,2991,test,data/test-00007-of-00010.parquet,1948
00023168_001,00023168_001.jpg,test,0,Nodule,23168,1,21,M,PA,3056,2544,test,data/test-00007-of-00010.parquet,1949
00023168_005,00023168_005.jpg,test,1,Atelectasis|Emphysema|Infiltration|Pleural_Thickening|Pneumothorax,23168,5,21,M,PA,2992,2991,test,data/test-00007-of-00010.parquet,1953
00023176_002,00023176_002.jpg,test,0,No Finding,23176,2,76,M,PA,2992,2991,test,data/test-00007-of-00010.parquet,1966
00023178_000,00023178_000.jpg,test,0,Infiltration,23178,0,58,F,AP,3056,2544,test,data/test-00007-of-00010.parquet,1984
00023178_001,00023178_001.jpg,test,0,Consolidation,23178,1,58,F,PA,2992,2991,test,data/test-00007-of-00010.parquet,1985
00023228_001,00023228_001.jpg,test,0,Fibrosis,23228,1,62,M,AP,3056,2544,test,data/test-00007-of-00010.parquet,1996
00023271_000,00023271_000.jpg,test,0,No Finding,23271,0,40,F,PA,2544,3056,test,data/test-00007-of-00010.parquet,2000
00023271_001,00023271_001.jpg,test,0,No Finding,23271,1,40,F,AP,3056,2544,test,data/test-00007-of-00010.parquet,2001
00023283_003,00023283_003.jpg,test,1,Effusion|Pneumothorax,23283,3,50,F,PA,2992,2991,test,data/test-00007-of-00010.parquet,2026
00023283_010,00023283_010.jpg,test,1,Atelectasis|Effusion|Pneumothorax,23283,10,50,F,PA,2526,2991,test,data/test-00007-of-00010.parquet,2033
00023283_011,00023283_011.jpg,test,1,Atelectasis|Effusion|Pneumothorax,23283,11,50,F,AP,3056,2544,test,data/test-00007-of-00010.parquet,2034
00023309_000,00023309_000.jpg,test,0,No Finding,23309,0,66,M,PA,2992,2991,test,data/test-00007-of-00010.parquet,2044
00023309_002,00023309_002.jpg,test,0,Consolidation,23309,2,67,M,PA,2992,2991,test,data/test-00007-of-00010.parquet,2046
00023325_001,00023325_001.jpg,test,0,No Finding,23325,1,75,F,AP,2500,2048,test,data/test-00007-of-00010.parquet,2088
00023325_002,00023325_002.jpg,test,0,No Finding,23325,2,78,F,AP,2048,2500,test,data/test-00007-of-00010.parquet,2089
00023696_003,00023696_003.jpg,test,0,No Finding,23696,0,48,M,PA,2992,2713,test,data/test-00007-of-00010.parquet,2134
00024435_000,00024435_000.jpg,test,0,No Finding,24435,0,46,M,PA,2870,2885,test,data/test-00007-of-00010.parquet,2140
00024466_000,00024466_000.jpg,test,0,Hernia,24466,0,54,M,PA,2992,2991,test,data/test-00007-of-00010.parquet,2141
00024561_000,00024561_000.jpg,test,0,Pleural_Thickening,24561,0,60,M,PA,2992,2991,test,data/test-00007-of-00010.parquet,2142
00025085_004,00025085_004.jpg,test,1,Pneumothorax,25085,4,24,M,PA,2992,2991,test,data/test-00007-of-00010.parquet,2148
00025085_007,00025085_007.jpg,test,1,Pneumothorax,25085,6,24,M,AP,3056,2544,test,data/test-00007-of-00010.parquet,2151
00025210_000,00025210_000.jpg,test,0,Atelectasis,25210,0,61,F,PA,2992,2991,test,data/test-00007-of-00010.parquet,2164
00025228_000,00025228_000.jpg,test,0,No Finding,25228,0,56,F,PA,2546,2991,test,data/test-00007-of-00010.parquet,2170
00025228_002,00025228_002.jpg,test,0,No Finding,25228,2,56,F,PA,2992,2991,test,data/test-00007-of-00010.parquet,2172
00025252_007,00025252_007.jpg,test,1,Effusion|Pleural_Thickening|Pneumothorax,25252,7,30,M,AP,3056,2544,test,data/test-00007-of-00010.parquet,2190
00025346_001,00025346_001.jpg,test,0,No Finding,25346,1,43,M,AP,3056,2544,test,data/test-00007-of-00010.parquet,2269
00025346_004,00025346_004.jpg,test,1,Emphysema|Pneumothorax,25346,4,43,M,AP,3056,2544,test,data/test-00007-of-00010.parquet,2272
00025368_016,00025368_016.jpg,test,1,Pleural_Thickening|Pneumothorax,25368,16,42,M,PA,2992,2991,test,data/test-00007-of-00010.parquet,2289
00025368_018,00025368_018.jpg,test,1,Infiltration|Nodule|Pneumothorax,25368,18,42,M,PA,2992,2991,test,data/test-00007-of-00010.parquet,2291
00025416_000,00025416_000.jpg,test,0,Infiltration,25416,0,74,F,PA,2544,3056,test,data/test-00007-of-00010.parquet,2307
00025416_001,00025416_001.jpg,test,0,Cardiomegaly,25416,1,74,F,PA,2990,2991,test,data/test-00007-of-00010.parquet,2308
00025443_001,00025443_001.jpg,test,0,Consolidation,25443,1,45,M,AP,3056,2544,test,data/test-00007-of-00010.parquet,2310
00025520_000,00025520_000.jpg,test,0,Infiltration,25520,0,56,M,PA,2992,2991,test,data/test-00007-of-00010.parquet,2319
00025521_001,00025521_001.jpg,test,0,No Finding,25521,1,30,F,AP,3056,2544,test,data/test-00007-of-00010.parquet,2322
00025521_002,00025521_002.jpg,test,0,No Finding,25521,2,30,F,AP,3056,2544,test,data/test-00007-of-00010.parquet,2323
00025529_002,00025529_002.jpg,lakehouse,1,Mass|Pneumothorax,25529,2,35,M,AP,3056,2544,test,data/test-00007-of-00010.parquet,2327
00025612_002,00025612_002.jpg,test,1,Effusion|Emphysema|Infiltration|Pneumothorax,25612,2,32,M,PA,2992,2991,test,data/test-00007-of-00010.parquet,2349
00025664_000,00025664_000.jpg,test,0,No Finding,25664,0,71,M,PA,2992,2991,test,data/test-00007-of-00010.parquet,2371
00025664_011,00025664_011.jpg,test,1,Effusion|Pneumothorax,25664,11,71,M,AP,3056,2544,test,data/test-00007-of-00010.parquet,2382
00025664_039,00025664_039.jpg,test,1,Atelectasis|Effusion|Infiltration|Pneumothorax,25664,40,71,M,AP,3056,2544,test,data/test-00007-of-00010.parquet,2410
00025686_000,00025686_000.jpg,lakehouse,0,Atelectasis|Effusion,25686,0,52,M,PA,2992,2991,test,data/test-00007-of-00010.parquet,2417
00025707_000,00025707_000.jpg,lakehouse,0,Nodule,25707,0,60,F,PA,2706,2693,test,data/test-00007-of-00010.parquet,2421
00025707_001,00025707_001.jpg,lakehouse,0,Infiltration,25707,1,60,F,PA,2992,2991,test,data/test-00007-of-00010.parquet,2422
00025707_002,00025707_002.jpg,lakehouse,0,No Finding,25707,2,60,F,AP,3056,2544,test,data/test-00007-of-00010.parquet,2423
00025732_000,00025732_000.jpg,test,0,Atelectasis|Consolidation,25732,0,41,M,PA,2992,2991,test,data/test-00007-of-00010.parquet,2441
00025732_001,00025732_001.jpg,test,0,No Finding,25732,1,41,M,AP,3056,2544,test,data/test-00007-of-00010.parquet,2442
00025732_002,00025732_002.jpg,test,0,No Finding,25732,2,41,M,AP,3056,2544,test,data/test-00007-of-00010.parquet,2443
00025747_000,00025747_000.jpg,test,0,Cardiomegaly|Mass,25747,0,65,F,PA,2544,3056,test,data/test-00007-of-00010.parquet,2446
00025769_009,00025769_009.jpg,test,1,Pneumothorax,25769,9,59,M,AP,3056,2544,test,data/test-00007-of-00010.parquet,2456
00025769_011,00025769_011.jpg,test,1,Effusion|Pneumothorax,25769,11,59,M,AP,3056,2544,test,data/test-00007-of-00010.parquet,2458
00025787_027,00025787_027.jpg,test,1,Effusion|Infiltration|Pneumothorax,25787,27,28,M,AP,3056,2544,test,data/test-00007-of-00010.parquet,2499
00025936_000,00025936_000.jpg,test,0,Mass|Nodule,25936,0,59,M,PA,2992,2991,test,data/test-00007-of-00010.parquet,2544
00025936_002,00025936_002.jpg,test,0,No Finding,25936,2,59,M,PA,2992,2991,test,data/test-00007-of-00010.parquet,2546
00025954_004,00025954_004.jpg,test,1,Atelectasis|Pneumothorax,25954,4,57,F,PA,2992,2991,test,data/test-00007-of-00010.parquet,2555
00025954_005,00025954_005.jpg,test,1,Atelectasis|Mass|Pneumothorax,25954,5,57,F,PA,2992,2991,test,data/test-00007-of-00010.parquet,2556
00025962_000,00025962_000.jpg,test,0,Consolidation|Infiltration|Pneumonia,25962,0,18,F,PA,2992,2991,test,data/test-00008-of-00010.parquet,36
00025969_000,00025969_000.jpg,test,0,Cardiomegaly,25969,0,55,F,AP,3056,2544,test,data/test-00008-of-00010.parquet,37
00025969_002,00025969_002.jpg,test,0,Cardiomegaly|Effusion,25969,2,57,F,PA,2590,2991,test,data/test-00008-of-00010.parquet,39
00025997_001,00025997_001.jpg,test,0,No Finding,25997,1,71,M,AP,3056,2544,test,data/test-00008-of-00010.parquet,41
00025997_002,00025997_002.jpg,test,0,Edema|Effusion|Infiltration,25997,2,71,M,AP,3056,2544,test,data/test-00008-of-00010.parquet,42
00026078_001,00026078_001.jpg,lakehouse,1,Pneumothorax,26078,1,18,M,AP,3056,2544,test,data/test-00008-of-00010.parquet,49
00026078_002,00026078_002.jpg,lakehouse,1,Infiltration|Pneumothorax,26078,2,18,M,PA,2992,2991,test,data/test-00008-of-00010.parquet,50
00026078_003,00026078_003.jpg,lakehouse,1,Pneumothorax,26078,3,18,M,AP,3056,2544,test,data/test-00008-of-00010.parquet,51
00026087_000,00026087_000.jpg,test,0,Cardiomegaly,26087,0,58,M,PA,2021,2021,test,data/test-00008-of-00010.parquet,58
00026098_011,00026098_011.jpg,test,1,Effusion|Pneumothorax,26098,11,42,M,AP,3056,2544,test,data/test-00008-of-00010.parquet,70
00026098_028,00026098_028.jpg,test,1,Effusion|Pneumothorax,26098,28,42,M,AP,3056,2544,test,data/test-00008-of-00010.parquet,87
00026125_001,00026125_001.jpg,lakehouse,0,Nodule,26125,1,56,F,PA,2842,2991,test,data/test-00008-of-00010.parquet,90
00026125_002,00026125_002.jpg,lakehouse,0,Edema,26125,2,56,F,AP,3056,2544,test,data/test-00008-of-00010.parquet,91
00026132_005,00026132_005.jpg,test,1,Effusion|Infiltration|Pneumothorax,26132,5,29,M,AP,3056,2544,test,data/test-00008-of-00010.parquet,100
00026136_000,00026136_000.jpg,test,0,No Finding,26136,0,64,F,AP,3056,2544,test,data/test-00008-of-00010.parquet,126
00026136_001,00026136_001.jpg,test,0,No Finding,26136,1,64,F,AP,3056,2544,test,data/test-00008-of-00010.parquet,127
00026196_001,00026196_001.jpg,test,0,Mass|Nodule|Pneumonia,26196,1,64,M,PA,2992,2991,test,data/test-00008-of-00010.parquet,150
00026196_002,00026196_002.jpg,test,0,Atelectasis,26196,2,64,M,AP,3056,2544,test,data/test-00008-of-00010.parquet,151
00026204_001,00026204_001.jpg,test,0,No Finding,26204,1,37,M,AP,3056,2544,test,data/test-00008-of-00010.parquet,155
00026204_002,00026204_002.jpg,test,0,No Finding,26204,2,37,M,AP,3056,2544,test,data/test-00008-of-00010.parquet,156
00026221_000,00026221_000.jpg,test,1,Pneumothorax,26221,0,40,M,PA,2992,2991,test,data/test-00008-of-00010.parquet,172
00026221_001,00026221_001.jpg,test,1,Effusion|Mass|Nodule|Pneumothorax,26221,1,40,M,AP,3056,2544,test,data/test-00008-of-00010.parquet,173
00026261_000,00026261_000.jpg,test,0,Mass,26261,0,46,M,PA,3056,2544,test,data/test-00008-of-00010.parquet,195
00026261_001,00026261_001.jpg,test,0,Mass,26261,1,46,M,PA,2992,2991,test,data/test-00008-of-00010.parquet,196
00026261_002,00026261_002.jpg,test,0,Mass,26261,2,46,M,AP,3056,2544,test,data/test-00008-of-00010.parquet,197
00026263_000,00026263_000.jpg,test,0,No Finding,26263,0,38,M,PA,2992,2991,test,data/test-00008-of-00010.parquet,204
00026263_001,00026263_001.jpg,test,0,Nodule,26263,1,38,M,PA,2992,2991,test,data/test-00008-of-00010.parquet,205
00026263_002,00026263_002.jpg,test,0,Consolidation|Nodule,26263,2,38,M,AP,3056,2544,test,data/test-00008-of-00010.parquet,206
00026285_000,00026285_000.jpg,test,0,Nodule,26285,0,66,M,AP,3056,2544,test,data/test-00008-of-00010.parquet,219
00026285_001,00026285_001.jpg,test,0,No Finding,26285,1,66,M,AP,3056,2544,test,data/test-00008-of-00010.parquet,220
00026287_001,00026287_001.jpg,lakehouse,0,No Finding,26287,1,30,F,PA,2992,2991,test,data/test-00008-of-00010.parquet,227
00026290_000,00026290_000.jpg,test,0,Atelectasis,26290,0,47,M,PA,3056,2544,test,data/test-00008-of-00010.parquet,235
00026290_001,00026290_001.jpg,test,0,Fibrosis|Pleural_Thickening,26290,1,48,M,PA,2992,2991,test,data/test-00008-of-00010.parquet,236
00026319_000,00026319_000.jpg,lakehouse,0,Infiltration|Mass|Nodule,26319,0,39,F,PA,2634,2991,test,data/test-00008-of-00010.parquet,237
00026346_000,00026346_000.jpg,test,0,No Finding,26346,0,58,M,PA,2992,2991,test,data/test-00008-of-00010.parquet,244
00026346_002,00026346_002.jpg,test,0,Edema,26346,2,58,M,AP,3056,2544,test,data/test-00008-of-00010.parquet,246
00026389_000,00026389_000.jpg,test,0,No Finding,26389,0,74,M,PA,2992,2991,test,data/test-00008-of-00010.parquet,265
00026389_001,00026389_001.jpg,test,0,No Finding,26389,1,75,M,PA,2992,2991,test,data/test-00008-of-00010.parquet,266
00026392_001,00026392_001.jpg,test,1,Pneumothorax,26392,1,21,M,AP,3056,2544,test,data/test-00008-of-00010.parquet,270
00026398_000,00026398_000.jpg,test,0,Nodule|Pleural_Thickening,26398,0,49,F,PA,2992,2991,test,data/test-00008-of-00010.parquet,277
00026399_000,00026399_000.jpg,test,0,No Finding,26399,0,56,M,AP,3056,2544,test,data/test-00008-of-00010.parquet,278
00026399_011,00026399_011.jpg,test,1,Effusion|Infiltration|Pneumothorax,26399,11,56,M,PA,2992,2991,test,data/test-00008-of-00010.parquet,289
00026412_030,00026412_030.jpg,test,1,Emphysema|Pneumothorax,26412,30,26,M,PA,2021,2021,test,data/test-00008-of-00010.parquet,321
00026412_032,00026412_032.jpg,test,1,Emphysema|Pneumothorax,26412,31,26,M,PA,2021,2021,test,data/test-00008-of-00010.parquet,323
00026451_005,00026451_005.jpg,test,1,Pneumothorax,26451,5,51,M,AP,3056,2544,test,data/test-00008-of-00010.parquet,362
00026451_006,00026451_006.jpg,test,1,Effusion|Infiltration|Pneumothorax,26451,6,51,M,AP,2544,3056,test,data/test-00008-of-00010.parquet,363
00026586_006,00026586_006.jpg,test,1,Pneumothorax,26586,6,37,M,PA,2992,2991,test,data/test-00008-of-00010.parquet,538
00026610_001,00026610_001.jpg,test,0,Atelectasis,26610,1,46,M,AP,3056,2544,test,data/test-00008-of-00010.parquet,546
00026610_002,00026610_002.jpg,test,0,Atelectasis|Consolidation,26610,2,46,M,AP,3056,2544,test,data/test-00008-of-00010.parquet,547
00026695_000,00026695_000.jpg,test,0,Mass|Nodule,26695,0,27,F,PA,2450,2991,test,data/test-00008-of-00010.parquet,549
00026769_000,00026769_000.jpg,test,0,Nodule,26769,0,56,M,PA,2992,2991,test,data/test-00008-of-00010.parquet,572
00026769_001,00026769_001.jpg,test,0,Mass,26769,1,56,M,PA,2992,2991,test,data/test-00008-of-00010.parquet,573
00026769_002,00026769_002.jpg,test,0,No Finding,26769,2,56,M,PA,2992,2991,test,data/test-00008-of-00010.parquet,574
00026810_009,00026810_009.jpg,test,1,Atelectasis|Consolidation|Pneumothorax,26810,9,55,M,AP,3056,2544,test,data/test-00008-of-00010.parquet,593
00026810_013,00026810_013.jpg,test,1,Effusion|Infiltration|Pneumothorax,26810,13,55,M,PA,2992,2991,test,data/test-00008-of-00010.parquet,597
00026810_014,00026810_014.jpg,test,1,Pneumothorax,26810,14,55,M,AP,3056,2544,test,data/test-00008-of-00010.parquet,598
00026818_000,00026818_000.jpg,lakehouse,0,Effusion|Infiltration|Nodule,26818,0,31,M,AP,3056,2544,test,data/test-00008-of-00010.parquet,633
00026827_001,00026827_001.jpg,test,0,No Finding,26827,1,83,M,AP,3056,2544,test,data/test-00008-of-00010.parquet,671
00026848_005,00026848_005.jpg,test,1,Atelectasis|Emphysema|Infiltration|Pneumothorax,26848,5,22,M,AP,3056,2544,test,data/test-00008-of-00010.parquet,679
00026865_000,00026865_000.jpg,test,0,No Finding,26865,0,43,M,PA,3056,2544,test,data/test-00008-of-00010.parquet,708
00026865_002,00026865_002.jpg,test,0,No Finding,26865,2,43,M,AP,3056,2544,test,data/test-00008-of-00010.parquet,710
00026886_003,00026886_003.jpg,lakehouse,1,Infiltration|Pneumothorax,26886,3,48,F,PA,2514,2991,test,data/test-00008-of-00010.parquet,716
00026889_000,00026889_000.jpg,test,0,Cardiomegaly|Effusion|Fibrosis|Mass,26889,0,67,F,PA,2214,2393,test,data/test-00008-of-00010.parquet,726
00026923_005,00026923_005.jpg,test,1,Edema|Pneumothorax,26923,5,59,M,PA,2992,2991,test,data/test-00008-of-00010.parquet,745
00026923_006,00026923_006.jpg,test,1,Pneumothorax,26923,6,59,M,PA,2992,2991,test,data/test-00008-of-00010.parquet,746
00026923_007,00026923_007.jpg,test,1,Pneumothorax,26923,7,59,M,AP,3056,2544,test,data/test-00008-of-00010.parquet,747
00026971_001,00026971_001.jpg,test,0,No Finding,26971,1,44,M,AP,3056,2544,test,data/test-00008-of-00010.parquet,753
00026971_002,00026971_002.jpg,test,0,Atelectasis,26971,2,44,M,AP,3056,2544,test,data/test-00008-of-00010.parquet,754
00027028_001,00027028_001.jpg,test,0,No Finding,27028,1,57,M,AP,3056,2544,test,data/test-00008-of-00010.parquet,790
00027079_009,00027079_009.jpg,lakehouse,1,Fibrosis|Pneumothorax,27079,9,52,M,PA,2992,2991,test,data/test-00008-of-00010.parquet,817
00027079_010,00027079_010.jpg,lakehouse,1,Fibrosis|Pneumothorax,27079,10,52,M,PA,2992,2991,test,data/test-00008-of-00010.parquet,818
00027093_001,00027093_001.jpg,test,1,Pneumothorax,27093,1,30,F,PA,1950,2021,test,data/test-00008-of-00010.parquet,826
00027093_002,00027093_002.jpg,test,1,Pneumonia|Pneumothorax,27093,2,30,F,AP,3056,2544,test,data/test-00008-of-00010.parquet,827
00027094_000,00027094_000.jpg,test,0,Infiltration,27094,0,52,F,PA,2992,2991,test,data/test-00008-of-00010.parquet,834
00027094_001,00027094_001.jpg,test,0,No Finding,27094,1,53,F,AP,3056,2544,test,data/test-00008-of-00010.parquet,835
00027113_000,00027113_000.jpg,test,0,No Finding,27113,0,26,F,PA,2766,2669,test,data/test-00008-of-00010.parquet,844
00027113_001,00027113_001.jpg,test,0,Edema,27113,1,26,F,AP,3056,2544,test,data/test-00008-of-00010.parquet,845
00027213_004,00027213_004.jpg,test,1,Pneumothorax,27213,4,73,F,PA,2992,2991,test,data/test-00008-of-00010.parquet,852
00027213_006,00027213_006.jpg,test,1,Infiltration|Pneumothorax,27213,7,73,F,AP,3056,2544,test,data/test-00008-of-00010.parquet,854
00027213_007,00027213_007.jpg,test,1,Emphysema|Pneumothorax,27213,10,73,F,AP,3056,2544,test,data/test-00008-of-00010.parquet,855
00027278_005,00027278_005.jpg,lakehouse,1,Infiltration|Pneumothorax,27278,5,55,F,PA,2282,2309,test,data/test-00008-of-00010.parquet,943
00027278_008,00027278_008.jpg,lakehouse,1,Infiltration|Pneumothorax,27278,6,55,F,PA,2992,2991,test,data/test-00008-of-00010.parquet,946
00027357_000,00027357_000.jpg,test,1,Infiltration|Pneumothorax,27357,0,26,M,AP,3056,2544,test,data/test-00008-of-00010.parquet,952
00027357_001,00027357_001.jpg,test,0,Emphysema,27357,1,26,M,AP,3056,2544,test,data/test-00008-of-00010.parquet,953
00027368_009,00027368_009.jpg,test,1,Emphysema|Pneumothorax,27368,9,20,F,AP,3056,2544,test,data/test-00008-of-00010.parquet,978
00027464_003,00027464_003.jpg,test,0,Infiltration,27464,2,34,F,AP,3056,2544,test,data/test-00008-of-00010.parquet,1016
00027470_001,00027470_001.jpg,test,0,No Finding,27470,1,65,M,AP,3056,2544,test,data/test-00008-of-00010.parquet,1048
00027479_000,00027479_000.jpg,test,0,Mass|Pleural_Thickening,27479,0,51,M,PA,2992,2991,test,data/test-00008-of-00010.parquet,1071
00027479_001,00027479_001.jpg,test,0,No Finding,27479,1,51,M,PA,2992,2991,test,data/test-00008-of-00010.parquet,1072
00027542_002,00027542_002.jpg,test,1,Pneumothorax,27542,2,78,M,PA,2992,2991,test,data/test-00008-of-00010.parquet,1093
00027542_004,00027542_004.jpg,test,1,Atelectasis|Effusion|Emphysema|Pneumothorax,27542,4,78,M,PA,2992,2991,test,data/test-00008-of-00010.parquet,1095
00027577_000,00027577_000.jpg,lakehouse,0,No Finding,27577,0,68,M,PA,2544,3056,test,data/test-00008-of-00010.parquet,1113
00027592_001,00027592_001.jpg,test,1,Pneumothorax,27592,1,63,M,AP,3056,2544,test,data/test-00008-of-00010.parquet,1118
00027631_001,00027631_001.jpg,lakehouse,0,No Finding,27631,1,63,M,AP,3056,2544,test,data/test-00008-of-00010.parquet,1139
00027637_000,00027637_000.jpg,test,0,Infiltration,27637,0,57,F,PA,2646,2991,test,data/test-00008-of-00010.parquet,1147
00027637_001,00027637_001.jpg,test,0,No Finding,27637,1,57,F,PA,2754,2213,test,data/test-00008-of-00010.parquet,1148
00027637_002,00027637_002.jpg,test,0,No Finding,27637,2,57,F,PA,2992,2991,test,data/test-00008-of-00010.parquet,1149
00027652_002,00027652_002.jpg,test,1,Atelectasis|Pneumothorax,27652,2,49,M,PA,2992,2991,test,data/test-00008-of-00010.parquet,1156
00027652_003,00027652_003.jpg,test,1,Atelectasis|Pneumothorax,27652,3,49,M,AP,3056,2544,test,data/test-00008-of-00010.parquet,1157
00027652_004,00027652_004.jpg,test,1,Atelectasis|Pneumothorax,27652,4,49,M,PA,2992,2991,test,data/test-00008-of-00010.parquet,1158
00027657_000,00027657_000.jpg,test,0,Edema|Effusion,27657,0,75,F,AP,3056,2544,test,data/test-00008-of-00010.parquet,1164
00027657_002,00027657_002.jpg,test,0,Atelectasis,27657,2,75,F,AP,3056,2544,test,data/test-00008-of-00010.parquet,1166
00027685_000,00027685_000.jpg,test,0,Cardiomegaly,27685,0,61,F,PA,2802,2991,test,data/test-00008-of-00010.parquet,1189
00027685_001,00027685_001.jpg,test,0,Infiltration,27685,1,61,F,PA,2992,2991,test,data/test-00008-of-00010.parquet,1190
00027697_004,00027697_004.jpg,test,1,Pneumothorax,27697,4,24,F,AP,3056,2544,test,data/test-00008-of-00010.parquet,1206
00027697_006,00027697_006.jpg,test,1,Pneumothorax,27697,6,24,F,PA,2544,3056,test,data/test-00008-of-00010.parquet,1208
00027726_035,00027726_035.jpg,lakehouse,1,Pneumothorax,27726,35,58,M,AP,3056,2544,test,data/test-00008-of-00010.parquet,1253
00027726_036,00027726_036.jpg,lakehouse,1,Infiltration|Pneumothorax,27726,36,58,M,AP,3056,2544,test,data/test-00008-of-00010.parquet,1254
00027758_000,00027758_000.jpg,test,0,Atelectasis,27758,0,49,F,AP,3056,2544,test,data/test-00008-of-00010.parquet,1279
00027782_000,00027782_000.jpg,test,0,Infiltration,27782,0,55,F,PA,2544,3056,test,data/test-00008-of-00010.parquet,1287
00027782_001,00027782_001.jpg,test,0,No Finding,27782,1,55,F,AP,3056,2544,test,data/test-00008-of-00010.parquet,1288
00027817_001,00027817_001.jpg,test,1,Effusion|Emphysema|Pleural_Thickening|Pneumothorax,27817,1,43,M,PA,2021,2021,test,data/test-00008-of-00010.parquet,1299
00027817_002,00027817_002.jpg,test,1,Pneumothorax,27817,2,43,M,PA,2021,2021,test,data/test-00008-of-00010.parquet,1300
00027833_011,00027833_011.jpg,test,1,Pneumothorax,27833,11,50,M,AP,3056,2544,test,data/test-00008-of-00010.parquet,1316
00027833_013,00027833_013.jpg,test,1,Emphysema|Pneumothorax,27833,13,50,M,AP,3056,2544,test,data/test-00008-of-00010.parquet,1318
00027837_002,00027837_002.jpg,test,1,Nodule|Pneumothorax,27837,2,50,M,PA,2992,2991,test,data/test-00008-of-00010.parquet,1332
00027838_004,00027838_004.jpg,test,1,Mass|Pneumothorax,27838,5,48,F,PA,2992,2991,test,data/test-00008-of-00010.parquet,1339
00027838_005,00027838_005.jpg,test,1,Pneumothorax,27838,4,48,F,PA,2674,2325,test,data/test-00008-of-00010.parquet,1340
00027866_002,00027866_002.jpg,lakehouse,0,Atelectasis|Effusion|Infiltration,27866,2,33,F,AP,3056,2544,test,data/test-00008-of-00010.parquet,1361
00027875_002,00027875_002.jpg,test,0,Atelectasis|Cardiomegaly|Effusion|Nodule,27875,2,53,M,AP,3056,2544,test,data/test-00008-of-00010.parquet,1366
00027927_004,00027927_004.jpg,test,1,Effusion|Pneumothorax,27927,4,57,F,PA,2802,2991,test,data/test-00008-of-00010.parquet,1374
00027927_005,00027927_005.jpg,test,1,Atelectasis|Pneumothorax,27927,5,57,F,PA,2674,2991,test,data/test-00008-of-00010.parquet,1375
00027935_000,00027935_000.jpg,test,0,No Finding,27935,0,56,M,PA,2992,2991,test,data/test-00008-of-00010.parquet,1412
00027935_002,00027935_002.jpg,test,0,Cardiomegaly|Infiltration,27935,2,56,M,AP,3056,2544,test,data/test-00008-of-00010.parquet,1414
00027937_001,00027937_001.jpg,test,1,Pneumothorax,27937,1,49,F,AP,3032,2544,test,data/test-00008-of-00010.parquet,1426
00027937_004,00027937_004.jpg,test,1,Effusion|Mass|Nodule|Pneumothorax,27937,4,49,F,PA,2992,2991,test,data/test-00008-of-00010.parquet,1429
00027957_000,00027957_000.jpg,test,0,Nodule,27957,0,42,F,PA,2992,2989,test,data/test-00008-of-00010.parquet,1434
00027957_001,00027957_001.jpg,test,0,No Finding,27957,1,42,F,PA,2804,2623,test,data/test-00008-of-00010.parquet,1435
00028012_000,00028012_000.jpg,test,0,Cardiomegaly|Effusion,28012,0,71,M,AP,3056,2544,test,data/test-00008-of-00010.parquet,1439
00028012_001,00028012_001.jpg,test,1,Atelectasis|Cardiomegaly|Consolidation|Effusion|Pneumothorax,28012,1,71,M,PA,2992,2991,test,data/test-00008-of-00010.parquet,1440
00028027_000,00028027_000.jpg,test,0,Cardiomegaly|Effusion|Infiltration|Mass,28027,0,34,F,PA,2358,2991,test,data/test-00008-of-00010.parquet,1442
00028027_001,00028027_001.jpg,test,0,Atelectasis|Mass,28027,1,34,F,PA,2544,3056,test,data/test-00008-of-00010.parquet,1443
00028027_002,00028027_002.jpg,test,0,No Finding,28027,2,34,F,PA,2758,2991,test,data/test-00008-of-00010.parquet,1444
00028101_000,00028101_000.jpg,test,0,No Finding,28101,0,25,F,PA,2992,2991,test,data/test-00008-of-00010.parquet,1451
00028104_000,00028104_000.jpg,test,0,No Finding,28104,0,34,M,PA,2902,2952,test,data/test-00008-of-00010.parquet,1453
00028108_000,00028108_000.jpg,test,0,No Finding,28108,0,25,F,PA,3056,2544,test,data/test-00008-of-00010.parquet,1454
00028110_000,00028110_000.jpg,test,0,No Finding,28110,0,51,F,PA,2508,2666,test,data/test-00008-of-00010.parquet,1455
00028112_000,00028112_000.jpg,test,0,No Finding,28112,0,29,F,PA,2570,2991,test,data/test-00008-of-00010.parquet,1457
00028112_001,00028112_001.jpg,test,0,No Finding,28112,1,30,F,PA,1756,1812,test,data/test-00008-of-00010.parquet,1458
00028123_001,00028123_001.jpg,lakehouse,0,No Finding,28123,1,19,F,AP,3056,2544,test,data/test-00008-of-00010.parquet,1465
00028125_001,00028125_001.jpg,test,0,No Finding,28125,1,50,M,PA,2021,2020,test,data/test-00008-of-00010.parquet,1470
00028125_002,00028125_002.jpg,test,0,No Finding,28125,2,50,M,PA,2021,2021,test,data/test-00008-of-00010.parquet,1471
00028128_000,00028128_000.jpg,test,0,No Finding,28128,0,60,M,PA,2910,2991,test,data/test-00008-of-00010.parquet,1473
00028132_000,00028132_000.jpg,test,0,No Finding,28132,0,29,F,PA,2544,3056,test,data/test-00008-of-00010.parquet,1476
00028139_000,00028139_000.jpg,test,0,No Finding,28139,0,47,M,PA,2992,2991,test,data/test-00008-of-00010.parquet,1481
00028146_000,00028146_000.jpg,test,0,No Finding,28146,0,37,M,PA,3044,2544,test,data/test-00008-of-00010.parquet,1483
00028148_005,00028148_005.jpg,test,1,Pneumothorax,28148,5,19,F,PA,1804,2021,test,data/test-00008-of-00010.parquet,1489
00028148_006,00028148_006.jpg,test,1,Pneumothorax,28148,6,19,F,PA,1755,2021,test,data/test-00008-of-00010.parquet,1490
00028153_000,00028153_000.jpg,test,0,No Finding,28153,0,43,M,PA,2662,2573,test,data/test-00008-of-00010.parquet,1507
00028155_001,00028155_001.jpg,lakehouse,0,No Finding,28155,1,61,F,AP,3056,2544,test,data/test-00008-of-00010.parquet,1509
00028157_000,00028157_000.jpg,test,0,No Finding,28157,0,31,F,PA,2322,2991,test,data/test-00008-of-00010.parquet,1510
00028158_000,00028158_000.jpg,lakehouse,0,No Finding,28158,0,27,F,PA,2746,2991,test,data/test-00008-of-00010.parquet,1511
00028159_000,00028159_000.jpg,lakehouse,0,No Finding,28159,0,21,F,PA,2544,3056,test,data/test-00008-of-00010.parquet,1512
00028160_000,00028160_000.jpg,test,0,No Finding,28160,0,18,M,AP,2544,3056,test,data/test-00008-of-00010.parquet,1513
00028160_001,00028160_001.jpg,test,0,No Finding,28160,1,18,M,AP,2544,3056,test,data/test-00008-of-00010.parquet,1514
00028160_002,00028160_002.jpg,test,0,No Finding,28160,2,18,M,AP,3056,2544,test,data/test-00008-of-00010.parquet,1515
00028169_000,00028169_000.jpg,test,0,No Finding,28169,0,24,M,PA,2992,2991,test,data/test-00008-of-00010.parquet,1520
00028169_001,00028169_001.jpg,test,0,No Finding,28169,1,25,M,PA,2021,2021,test,data/test-00008-of-00010.parquet,1521
00028174_000,00028174_000.jpg,test,0,No Finding,28174,0,57,M,PA,1763,2020,test,data/test-00008-of-00010.parquet,1540
00028177_000,00028177_000.jpg,test,0,No Finding,28177,0,39,F,PA,2544,3056,test,data/test-00008-of-00010.parquet,1541
00028178_000,00028178_000.jpg,test,0,No Finding,28178,0,19,M,PA,2992,2991,test,data/test-00008-of-00010.parquet,1542
00028181_000,00028181_000.jpg,test,0,No Finding,28181,0,55,M,PA,2021,2021,test,data/test-00008-of-00010.parquet,1552
00028184_000,00028184_000.jpg,test,0,No Finding,28184,0,21,F,PA,2992,2991,test,data/test-00008-of-00010.parquet,1555
00028184_001,00028184_001.jpg,test,0,No Finding,28184,1,21,F,AP,3056,2544,test,data/test-00008-of-00010.parquet,1556
00028188_000,00028188_000.jpg,test,0,No Finding,28188,0,30,F,PA,2544,3056,test,data/test-00008-of-00010.parquet,1559
00028190_000,00028190_000.jpg,test,0,No Finding,28190,0,54,M,PA,2992,2991,test,data/test-00008-of-00010.parquet,1560
00028202_000,00028202_000.jpg,test,0,No Finding,28202,0,47,M,PA,2021,2021,test,data/test-00008-of-00010.parquet,1567
00028203_000,00028203_000.jpg,lakehouse,0,No Finding,28203,0,29,F,PA,3056,2544,test,data/test-00008-of-00010.parquet,1569
00028203_001,00028203_001.jpg,lakehouse,0,No Finding,28203,1,30,F,PA,2021,2021,test,data/test-00008-of-00010.parquet,1570
00028206_000,00028206_000.jpg,lakehouse,0,No Finding,28206,0,44,M,PA,2992,2991,test,data/test-00008-of-00010.parquet,1571
00028208_001,00028208_001.jpg,test,1,Pneumothorax,28208,3,64,M,PA,3056,2544,test,data/test-00008-of-00010.parquet,1573
00028208_004,00028208_004.jpg,test,1,Effusion|Pneumothorax,28208,4,64,M,PA,3056,2544,test,data/test-00008-of-00010.parquet,1576
00028208_006,00028208_006.jpg,test,1,Consolidation|Infiltration|Mass|Pleural_Thickening|Pneumothorax,28208,6,64,M,AP,3056,2544,test,data/test-00008-of-00010.parquet,1578
00028213_000,00028213_000.jpg,lakehouse,0,No Finding,28213,0,42,F,PA,2566,2991,test,data/test-00008-of-00010.parquet,1615
00028226_000,00028226_000.jpg,lakehouse,0,No Finding,28226,0,85,F,PA,2658,2991,test,data/test-00008-of-00010.parquet,1628
00028229_000,00028229_000.jpg,lakehouse,0,No Finding,28229,0,36,F,PA,2992,2991,test,data/test-00008-of-00010.parquet,1631
00028252_000,00028252_000.jpg,lakehouse,0,No Finding,28252,0,29,F,PA,2544,3056,test,data/test-00008-of-00010.parquet,1648
00028309_000,00028309_000.jpg,test,0,No Finding,28309,0,21,M,PA,2544,3056,test,data/test-00008-of-00010.parquet,1702
00028311_000,00028311_000.jpg,test,0,No Finding,28311,0,32,F,PA,2544,3056,test,data/test-00008-of-00010.parquet,1704
00028312_001,00028312_001.jpg,test,0,No Finding,28312,1,58,F,AP,3056,2544,test,data/test-00008-of-00010.parquet,1706
00028317_005,00028317_005.jpg,test,1,Emphysema|Infiltration|Pneumothorax,28317,5,53,M,AP,3056,2544,test,data/test-00008-of-00010.parquet,1712
00028317_006,00028317_006.jpg,test,1,Emphysema|Pneumothorax,28317,6,53,M,AP,3056,2544,test,data/test-00008-of-00010.parquet,1713
00028321_000,00028321_000.jpg,test,0,No Finding,28321,0,70,F,PA,2544,3056,test,data/test-00008-of-00010.parquet,1725
00028321_001,00028321_001.jpg,test,0,Atelectasis,28321,1,70,F,AP,3056,2544,test,data/test-00008-of-00010.parquet,1726
00028323_000,00028323_000.jpg,test,0,No Finding,28323,0,29,F,PA,2021,2021,test,data/test-00008-of-00010.parquet,1728
00028325_000,00028325_000.jpg,test,0,No Finding,28325,0,35,F,PA,2544,3056,test,data/test-00008-of-00010.parquet,1729
00028328_000,00028328_000.jpg,test,0,No Finding,28328,0,29,M,PA,3044,2544,test,data/test-00008-of-00010.parquet,1730
00028331_000,00028331_000.jpg,lakehouse,0,No Finding,28331,0,19,M,PA,2544,3056,test,data/test-00008-of-00010.parquet,1743
00028332_000,00028332_000.jpg,test,0,No Finding,28332,0,19,M,PA,2544,3056,test,data/test-00008-of-00010.parquet,1744
00028339_000,00028339_000.jpg,test,0,No Finding,28339,0,33,M,PA,2992,2991,test,data/test-00008-of-00010.parquet,1748
00028343_000,00028343_000.jpg,test,0,No Finding,28343,0,65,M,PA,2021,2021,test,data/test-00008-of-00010.parquet,1750
00028348_000,00028348_000.jpg,test,0,No Finding,28348,0,52,M,AP,3056,2544,test,data/test-00008-of-00010.parquet,1754
00028348_001,00028348_001.jpg,test,0,No Finding,28348,1,52,M,AP,3056,2544,test,data/test-00008-of-00010.parquet,1755
00028349_000,00028349_000.jpg,test,0,No Finding,28349,0,42,F,PA,2992,2991,test,data/test-00008-of-00010.parquet,1757
00028351_000,00028351_000.jpg,test,0,No Finding,28351,0,48,M,PA,2782,2745,test,data/test-00008-of-00010.parquet,1758
00028353_000,00028353_000.jpg,test,0,No Finding,28353,0,19,M,PA,2021,2021,test,data/test-00008-of-00010.parquet,1759
00028355_000,00028355_000.jpg,test,0,No Finding,28355,0,38,F,AP,3056,2544,test,data/test-00008-of-00010.parquet,1760
00028360_000,00028360_000.jpg,test,0,No Finding,28360,0,52,M,PA,2992,2991,test,data/test-00008-of-00010.parquet,1761
00028362_000,00028362_000.jpg,test,0,No Finding,28362,0,19,M,PA,1828,2021,test,data/test-00008-of-00010.parquet,1764
00028364_000,00028364_000.jpg,test,0,No Finding,28364,0,64,M,PA,3056,2544,test,data/test-00008-of-00010.parquet,1765
00028366_000,00028366_000.jpg,test,0,No Finding,28366,0,47,M,PA,3056,2544,test,data/test-00008-of-00010.parquet,1766
00028366_002,00028366_002.jpg,test,0,No Finding,28366,2,47,M,AP,3056,2544,test,data/test-00008-of-00010.parquet,1768
00028372_000,00028372_000.jpg,test,0,No Finding,28372,0,48,F,PA,3056,2544,test,data/test-00008-of-00010.parquet,1773
00028375_000,00028375_000.jpg,test,0,No Finding,28375,0,33,F,PA,2021,2021,test,data/test-00008-of-00010.parquet,1774
00028376_001,00028376_001.jpg,test,0,No Finding,28376,1,25,F,AP,3056,2544,test,data/test-00008-of-00010.parquet,1776
00028377_000,00028377_000.jpg,test,0,No Finding,28377,0,47,M,AP,3056,2544,test,data/test-00008-of-00010.parquet,1781
00028383_000,00028383_000.jpg,test,0,No Finding,28383,0,58,F,PA,2544,3056,test,data/test-00008-of-00010.parquet,1785
00028383_002,00028383_002.jpg,test,0,Effusion|Infiltration,28383,2,60,F,PA,1980,2021,test,data/test-00008-of-00010.parquet,1787
00028384_001,00028384_001.jpg,test,0,No Finding,28384,1,61,F,PA,2021,2021,test,data/test-00008-of-00010.parquet,1790
00028395_000,00028395_000.jpg,test,0,No Finding,28395,0,48,F,PA,2558,2991,test,data/test-00008-of-00010.parquet,1795
00028428_000,00028428_000.jpg,lakehouse,0,No Finding,28428,0,20,F,AP,3056,2544,test,data/test-00008-of-00010.parquet,1818
00028448_000,00028448_000.jpg,lakehouse,0,No Finding,28448,0,57,F,AP,3056,2544,test,data/test-00008-of-00010.parquet,1846
00028448_001,00028448_001.jpg,lakehouse,0,No Finding,28448,1,57,F,AP,3056,2544,test,data/test-00008-of-00010.parquet,1847
00028452_001,00028452_001.jpg,lakehouse,0,Atelectasis|Effusion|Infiltration,28452,1,59,F,AP,3056,2544,test,data/test-00008-of-00010.parquet,1851
00028473_000,00028473_000.jpg,lakehouse,0,No Finding,28473,0,52,M,PA,2021,2021,test,data/test-00008-of-00010.parquet,1892
00028486_000,00028486_000.jpg,lakehouse,0,No Finding,28486,0,37,F,PA,3056,2544,test,data/test-00008-of-00010.parquet,1902
00028513_001,00028513_001.jpg,lakehouse,0,No Finding,28513,1,76,M,PA,2020,2020,test,data/test-00008-of-00010.parquet,1981
00028513_002,00028513_002.jpg,lakehouse,0,No Finding,28513,2,77,M,PA,2021,2021,test,data/test-00008-of-00010.parquet,1982
00028514_000,00028514_000.jpg,lakehouse,0,No Finding,28514,0,38,M,PA,2544,3056,test,data/test-00008-of-00010.parquet,1985
00028526_001,00028526_001.jpg,test,0,Infiltration,28526,1,34,M,PA,2544,3056,test,data/test-00008-of-00010.parquet,2023
00028529_000,00028529_000.jpg,test,0,No Finding,28529,0,37,F,PA,2544,3056,test,data/test-00008-of-00010.parquet,2044
00028532_000,00028532_000.jpg,test,0,No Finding,28532,0,61,M,PA,3056,2544,test,data/test-00008-of-00010.parquet,2048
00028533_000,00028533_000.jpg,test,0,No Finding,28533,0,35,F,PA,1950,1940,test,data/test-00008-of-00010.parquet,2049
00028536_000,00028536_000.jpg,test,0,No Finding,28536,0,71,M,PA,2021,2021,test,data/test-00008-of-00010.parquet,2050
00028542_000,00028542_000.jpg,test,0,No Finding,28542,0,55,M,PA,2021,2021,test,data/test-00008-of-00010.parquet,2052
00028546_000,00028546_000.jpg,test,0,No Finding,28546,0,28,M,PA,3004,2544,test,data/test-00008-of-00010.parquet,2054
00028549_001,00028549_001.jpg,test,0,Infiltration,28549,1,33,F,AP,3056,2544,test,data/test-00008-of-00010.parquet,2056
00028549_002,00028549_002.jpg,test,0,Edema|Infiltration,28549,2,33,F,AP,3056,2544,test,data/test-00008-of-00010.parquet,2057
00028553_000,00028553_000.jpg,test,0,No Finding,28553,0,52,M,PA,2021,2021,test,data/test-00008-of-00010.parquet,2068
00028554_000,00028554_000.jpg,lakehouse,0,No Finding,28554,0,19,M,PA,3056,2544,test,data/test-00008-of-00010.parquet,2069
00028555_000,00028555_000.jpg,test,0,No Finding,28555,0,43,F,PA,2544,3056,test,data/test-00008-of-00010.parquet,2070
00028556_000,00028556_000.jpg,test,0,No Finding,28556,0,33,F,PA,2021,2021,test,data/test-00008-of-00010.parquet,2071
00028557_000,00028557_000.jpg,test,0,No Finding,28557,0,40,F,PA,1850,1850,test,data/test-00008-of-00010.parquet,2073
00028560_000,00028560_000.jpg,test,0,No Finding,28560,0,18,F,PA,2021,2021,test,data/test-00008-of-00010.parquet,2076
00028561_000,00028561_000.jpg,test,0,No Finding,28561,0,54,M,PA,2021,2021,test,data/test-00008-of-00010.parquet,2077
00028566_000,00028566_000.jpg,lakehouse,0,No Finding,28566,0,57,F,PA,2544,3056,test,data/test-00008-of-00010.parquet,2081
00028570_000,00028570_000.jpg,test,0,No Finding,28570,0,47,F,PA,2544,3056,test,data/test-00008-of-00010.parquet,2084
00028571_000,00028571_000.jpg,lakehouse,0,No Finding,28571,0,67,F,PA,1745,2021,test,data/test-00008-of-00010.parquet,2085
00028572_003,00028572_003.jpg,test,1,Emphysema|Pneumothorax,28572,4,54,M,PA,2021,2021,test,data/test-00008-of-00010.parquet,2089
00028572_007,00028572_007.jpg,test,1,Pneumothorax,28572,5,54,M,PA,2021,2021,test,data/test-00008-of-00010.parquet,2093
00028572_008,00028572_008.jpg,test,1,Emphysema|Pneumothorax,28572,6,54,M,AP,3056,2544,test,data/test-00008-of-00010.parquet,2094
00028573_000,00028573_000.jpg,test,0,No Finding,28573,0,25,M,PA,2544,3056,test,data/test-00008-of-00010.parquet,2104
00028576_000,00028576_000.jpg,test,0,No Finding,28576,0,26,M,PA,2544,3056,test,data/test-00008-of-00010.parquet,2106
00028576_001,00028576_001.jpg,test,0,No Finding,28576,1,26,M,PA,2021,2021,test,data/test-00008-of-00010.parquet,2107
00028577_000,00028577_000.jpg,test,0,No Finding,28577,0,75,M,PA,1800,2021,test,data/test-00008-of-00010.parquet,2108
00028578_000,00028578_000.jpg,test,0,No Finding,28578,0,33,F,PA,2544,3056,test,data/test-00008-of-00010.parquet,2109
00028586_000,00028586_000.jpg,test,0,No Finding,28586,0,27,M,PA,3040,2544,test,data/test-00008-of-00010.parquet,2112
00028587_000,00028587_000.jpg,test,0,No Finding,28587,0,40,F,PA,2021,2021,test,data/test-00008-of-00010.parquet,2113
00028594_000,00028594_000.jpg,test,0,No Finding,28594,0,54,M,PA,3056,2544,test,data/test-00008-of-00010.parquet,2117
00028595_000,00028595_000.jpg,test,0,No Finding,28595,0,38,M,PA,2544,3056,test,data/test-00008-of-00010.parquet,2118
00028596_000,00028596_000.jpg,test,0,No Finding,28596,0,36,F,PA,2544,3056,test,data/test-00008-of-00010.parquet,2119
00028597_000,00028597_000.jpg,test,0,No Finding,28597,0,42,F,PA,2021,2021,test,data/test-00008-of-00010.parquet,2120
00028599_001,00028599_001.jpg,test,0,No Finding,28599,1,32,M,PA,2021,2021,test,data/test-00008-of-00010.parquet,2123
00028600_000,00028600_000.jpg,test,0,No Finding,28600,0,43,F,PA,2021,2021,test,data/test-00008-of-00010.parquet,2124
00028604_000,00028604_000.jpg,test,0,No Finding,28604,0,31,M,PA,2544,3056,test,data/test-00008-of-00010.parquet,2128
00028609_000,00028609_000.jpg,test,0,No Finding,28609,0,29,M,PA,2544,3056,test,data/test-00008-of-00010.parquet,2134
00028610_000,00028610_000.jpg,test,0,No Finding,28610,0,20,M,PA,2544,3056,test,data/test-00008-of-00010.parquet,2135
00028613_000,00028613_000.jpg,test,0,No Finding,28613,0,33,M,PA,3056,2544,test,data/test-00008-of-00010.parquet,2136
00028615_000,00028615_000.jpg,test,0,No Finding,28615,0,23,M,PA,3052,2544,test,data/test-00008-of-00010.parquet,2138
00028619_000,00028619_000.jpg,test,0,No Finding,28619,1,61,M,PA,2021,2021,test,data/test-00008-of-00010.parquet,2141
00028619_001,00028619_001.jpg,test,0,No Finding,28619,0,61,M,PA,1811,2021,test,data/test-00008-of-00010.parquet,2142
00028620_000,00028620_000.jpg,test,0,Atelectasis|Nodule,28620,0,57,M,PA,3056,2544,test,data/test-00008-of-00010.parquet,2143
00028620_001,00028620_001.jpg,test,0,Atelectasis,28620,1,58,M,PA,2021,2021,test,data/test-00008-of-00010.parquet,2144
00028621_000,00028621_000.jpg,test,0,No Finding,28621,0,71,F,PA,2544,3056,test,data/test-00008-of-00010.parquet,2145
00028627_000,00028627_000.jpg,test,0,No Finding,28627,0,61,M,AP,3056,2544,test,data/test-00008-of-00010.parquet,2148
00028628_001,00028628_001.jpg,test,1,Effusion|Pneumonia|Pneumothorax,28628,1,19,M,AP,3056,2544,test,data/test-00008-of-00010.parquet,2150
00028628_008,00028628_008.jpg,test,1,Atelectasis|Effusion|Pneumothorax,28628,8,19,M,PA,1930,2021,test,data/test-00008-of-00010.parquet,2157
00028635_002,00028635_002.jpg,test,0,No Finding,28635,2,41,F,AP,3056,2544,test,data/test-00008-of-00010.parquet,2175
00028640_000,00028640_000.jpg,test,0,No Finding,28640,1,48,F,PA,2544,3056,test,data/test-00008-of-00010.parquet,2179
00028640_004,00028640_004.jpg,test,1,Pneumothorax,28640,4,48,F,PA,2021,2021,test,data/test-00008-of-00010.parquet,2183
00028643_000,00028643_000.jpg,test,0,No Finding,28643,0,31,F,PA,2544,3056,test,data/test-00008-of-00010.parquet,2190
00028648_000,00028648_000.jpg,test,0,No Finding,28648,0,54,M,PA,3056,2544,test,data/test-00008-of-00010.parquet,2193
00028649_000,00028649_000.jpg,test,0,No Finding,28649,0,40,F,PA,2021,2021,test,data/test-00008-of-00010.parquet,2194
00028650_001,00028650_001.jpg,test,0,No Finding,28650,1,45,F,PA,2021,2021,test,data/test-00008-of-00010.parquet,2196
00028651_000,00028651_000.jpg,test,0,No Finding,28651,0,35,F,PA,2544,3056,test,data/test-00008-of-00010.parquet,2197
00028653_000,00028653_000.jpg,test,0,No Finding,28653,0,47,M,PA,3056,2544,test,data/test-00008-of-00010.parquet,2198
00028660_000,00028660_000.jpg,test,0,No Finding,28660,0,25,M,PA,3056,2544,test,data/test-00008-of-00010.parquet,2201
00028663_000,00028663_000.jpg,test,0,No Finding,28663,0,54,M,PA,3056,2544,test,data/test-00008-of-00010.parquet,2205
00028664_000,00028664_000.jpg,lakehouse,0,No Finding,28664,0,43,F,AP,3056,2544,test,data/test-00008-of-00010.parquet,2206
00028664_001,00028664_001.jpg,lakehouse,0,No Finding,28664,1,43,F,AP,3056,2544,test,data/test-00008-of-00010.parquet,2207
00028664_002,00028664_002.jpg,lakehouse,0,No Finding,28664,2,43,F,AP,3056,2544,test,data/test-00008-of-00010.parquet,2208
00028666_000,00028666_000.jpg,test,0,No Finding,28666,0,49,F,PA,2544,3056,test,data/test-00008-of-00010.parquet,2212
00028666_001,00028666_001.jpg,test,0,No Finding,28666,1,49,F,AP,3056,2544,test,data/test-00008-of-00010.parquet,2213
00028666_002,00028666_002.jpg,test,0,No Finding,28666,2,50,F,PA,2021,2021,test,data/test-00008-of-00010.parquet,2214
00028669_000,00028669_000.jpg,test,0,No Finding,28669,0,26,M,PA,2021,2021,test,data/test-00008-of-00010.parquet,2217
00028673_000,00028673_000.jpg,test,0,No Finding,28673,0,52,M,PA,2504,3056,test,data/test-00008-of-00010.parquet,2218
00028675_000,00028675_000.jpg,lakehouse,0,No Finding,28675,0,48,F,PA,2021,2021,test,data/test-00008-of-00010.parquet,2219
00028676_000,00028676_000.jpg,test,0,No Finding,28676,0,64,F,PA,2021,2021,test,data/test-00008-of-00010.parquet,2220
00028677_001,00028677_001.jpg,test,1,Emphysema|Infiltration|Pneumothorax,28677,1,49,M,AP,3056,2544,test,data/test-00008-of-00010.parquet,2222
00028678_000,00028678_000.jpg,test,0,No Finding,28678,0,49,F,PA,2021,2021,test,data/test-00008-of-00010.parquet,2227
00028680_000,00028680_000.jpg,test,0,No Finding,28680,0,31,F,PA,2021,2021,test,data/test-00008-of-00010.parquet,2228
00028681_001,00028681_001.jpg,test,0,No Finding,28681,1,49,M,AP,3056,2544,test,data/test-00008-of-00010.parquet,2230
00028682_001,00028682_001.jpg,lakehouse,0,No Finding,28682,1,55,M,AP,3056,2544,test,data/test-00008-of-00010.parquet,2232
00028685_000,00028685_000.jpg,test,0,No Finding,28685,0,58,M,PA,2021,2021,test,data/test-00008-of-00010.parquet,2236
00028685_001,00028685_001.jpg,test,0,No Finding,28685,1,58,M,PA,2020,2021,test,data/test-00008-of-00010.parquet,2237
00028690_001,00028690_001.jpg,test,0,No Finding,28690,1,30,M,AP,3056,2544,test,data/test-00008-of-00010.parquet,2244
00028692_000,00028692_000.jpg,lakehouse,0,No Finding,28692,0,25,M,PA,3056,2544,test,data/test-00008-of-00010.parquet,2246
00028693_000,00028693_000.jpg,test,0,No Finding,28693,0,46,F,PA,2021,2021,test,data/test-00008-of-00010.parquet,2247
00028697_000,00028697_000.jpg,test,0,No Finding,28697,0,42,F,PA,2021,2021,test,data/test-00008-of-00010.parquet,2248
00028698_001,00028698_001.jpg,test,0,Mass,28698,1,45,M,PA,2021,2021,test,data/test-00008-of-00010.parquet,2250
00028702_001,00028702_001.jpg,test,0,No Finding,28702,1,57,M,PA,2021,2021,test,data/test-00008-of-00010.parquet,2255
00028704_000,00028704_000.jpg,test,0,No Finding,28704,0,29,F,PA,2020,2021,test,data/test-00008-of-00010.parquet,2256
00028704_001,00028704_001.jpg,test,0,No Finding,28704,1,30,F,PA,2021,2020,test,data/test-00008-of-00010.parquet,2257
00028705_000,00028705_000.jpg,test,0,No Finding,28705,0,65,M,PA,2021,2016,test,data/test-00008-of-00010.parquet,2258
00028706_000,00028706_000.jpg,test,0,No Finding,28706,0,76,M,PA,1718,2021,test,data/test-00008-of-00010.parquet,2259
00028709_000,00028709_000.jpg,test,0,No Finding,28709,0,28,F,PA,2021,2021,test,data/test-00008-of-00010.parquet,2262
00028709_001,00028709_001.jpg,test,0,No Finding,28709,1,28,F,PA,2021,2021,test,data/test-00008-of-00010.parquet,2263
00028711_000,00028711_000.jpg,test,0,No Finding,28711,0,49,M,PA,2020,1786,test,data/test-00008-of-00010.parquet,2264
00028713_000,00028713_000.jpg,test,0,No Finding,28713,0,52,M,PA,2021,2021,test,data/test-00008-of-00010.parquet,2265
00028717_000,00028717_000.jpg,test,0,No Finding,28717,0,54,F,PA,2021,2021,test,data/test-00008-of-00010.parquet,2267
00028721_000,00028721_000.jpg,test,0,No Finding,28721,0,50,M,AP,3056,2544,test,data/test-00008-of-00010.parquet,2269
00028722_002,00028722_002.jpg,test,0,No Finding,28722,2,34,M,AP,3056,2544,test,data/test-00008-of-00010.parquet,2272
00028728_000,00028728_000.jpg,test,0,No Finding,28728,0,70,F,AP,3056,2544,test,data/test-00008-of-00010.parquet,2274
00028729_000,00028729_000.jpg,lakehouse,0,No Finding,28729,0,66,F,AP,3056,2544,test,data/test-00008-of-00010.parquet,2275
00028730_000,00028730_000.jpg,test,0,No Finding,28730,0,58,M,PA,2544,3056,test,data/test-00008-of-00010.parquet,2276
00028733_000,00028733_000.jpg,test,0,No Finding,28733,0,44,M,PA,2021,2021,test,data/test-00008-of-00010.parquet,2278
00028734_000,00028734_000.jpg,test,0,No Finding,28734,0,27,M,PA,2021,2020,test,data/test-00008-of-00010.parquet,2279
00028735_000,00028735_000.jpg,test,0,No Finding,28735,0,59,M,PA,3056,2544,test,data/test-00008-of-00010.parquet,2280
00028741_000,00028741_000.jpg,test,0,No Finding,28741,0,30,F,PA,1747,2021,test,data/test-00008-of-00010.parquet,2283
00028745_000,00028745_000.jpg,test,0,No Finding,28745,0,49,F,PA,1736,2021,test,data/test-00008-of-00010.parquet,2285
00028746_000,00028746_000.jpg,test,0,No Finding,28746,0,67,M,PA,2021,2021,test,data/test-00008-of-00010.parquet,2286
00028748_000,00028748_000.jpg,test,0,No Finding,28748,0,52,F,PA,2021,2021,test,data/test-00008-of-00010.parquet,2287
00028749_000,00028749_000.jpg,test,0,No Finding,28749,0,48,F,PA,2544,3056,test,data/test-00008-of-00010.parquet,2288
00028755_000,00028755_000.jpg,test,0,No Finding,28755,0,32,F,PA,2021,2011,test,data/test-00008-of-00010.parquet,2292
00028756_001,00028756_001.jpg,test,0,No Finding,28756,1,25,M,PA,2021,2021,test,data/test-00008-of-00010.parquet,2294
00028769_000,00028769_000.jpg,test,0,No Finding,28769,0,57,F,AP,3056,2544,test,data/test-00008-of-00010.parquet,2298
00028783_000,00028783_000.jpg,lakehouse,0,No Finding,28783,0,56,M,PA,2021,2021,test,data/test-00008-of-00010.parquet,2359
00028843_001,00028843_001.jpg,test,0,No Finding,28843,1,30,F,AP,3056,2544,test,data/test-00008-of-00010.parquet,2401
00028844_000,00028844_000.jpg,test,0,Atelectasis|Effusion,28844,0,65,M,PA,3056,2544,test,data/test-00008-of-00010.parquet,2402
00028844_008,00028844_008.jpg,test,1,Effusion|Pneumothorax,28844,8,65,M,AP,3056,2544,test,data/test-00008-of-00010.parquet,2410
00028851_000,00028851_000.jpg,test,0,No Finding,28851,0,57,F,PA,2021,2021,test,data/test-00008-of-00010.parquet,2438
00028851_001,00028851_001.jpg,test,0,No Finding,28851,1,57,F,AP,3056,2544,test,data/test-00008-of-00010.parquet,2439
00028853_000,00028853_000.jpg,test,0,No Finding,28853,0,66,M,PA,3056,2544,test,data/test-00008-of-00010.parquet,2441
00028854_000,00028854_000.jpg,test,0,No Finding,28854,0,39,F,PA,2021,2021,test,data/test-00008-of-00010.parquet,2443
00028856_002,00028856_002.jpg,lakehouse,1,Atelectasis|Pneumothorax,28856,2,55,F,PA,2021,2021,test,data/test-00008-of-00010.parquet,2446
00028859_000,00028859_000.jpg,test,0,No Finding,28859,0,51,M,PA,2021,2021,test,data/test-00008-of-00010.parquet,2455
00028872_000,00028872_000.jpg,test,0,No Finding,28872,0,58,F,PA,2020,2021,test,data/test-00008-of-00010.parquet,2478
00028876_009,00028876_009.jpg,test,1,Pneumothorax,28876,9,40,M,PA,2021,2021,test,data/test-00008-of-00010.parquet,2509
00028876_011,00028876_011.jpg,test,1,Atelectasis|Emphysema|Infiltration|Pneumothorax,28876,11,40,M,PA,2021,2021,test,data/test-00008-of-00010.parquet,2511
00028927_000,00028927_000.jpg,lakehouse,0,No Finding,28927,0,63,M,PA,3056,2544,test,data/test-00009-of-00010.parquet,63
00028962_000,00028962_000.jpg,lakehouse,0,No Finding,28962,0,56,F,PA,2021,2021,test,data/test-00009-of-00010.parquet,91
00028974_000,00028974_000.jpg,test,0,Atelectasis|Effusion,28974,0,76,M,AP,3056,2544,test,data/test-00009-of-00010.parquet,102
00028976_000,00028976_000.jpg,test,0,No Finding,28976,0,24,F,PA,1620,1737,test,data/test-00009-of-00010.parquet,127
00028977_001,00028977_001.jpg,test,0,No Finding,28977,1,57,F,AP,3056,2544,test,data/test-00009-of-00010.parquet,129
00028977_002,00028977_002.jpg,test,0,No Finding,28977,2,57,F,AP,3056,2544,test,data/test-00009-of-00010.parquet,130
00028978_000,00028978_000.jpg,test,0,No Finding,28978,0,32,M,PA,2021,2021,test,data/test-00009-of-00010.parquet,131
00028979_000,00028979_000.jpg,test,0,No Finding,28979,0,54,M,PA,2021,2021,test,data/test-00009-of-00010.parquet,132
00028982_000,00028982_000.jpg,test,0,No Finding,28982,0,37,M,PA,2021,2021,test,data/test-00009-of-00010.parquet,133
00028983_000,00028983_000.jpg,test,0,No Finding,28983,0,84,M,PA,2021,2021,test,data/test-00009-of-00010.parquet,134
00028986_000,00028986_000.jpg,test,0,No Finding,28986,0,74,M,PA,2020,2021,test,data/test-00009-of-00010.parquet,137
00028988_000,00028988_000.jpg,lakehouse,0,No Finding,28988,0,32,M,PA,2021,2021,test,data/test-00009-of-00010.parquet,138
00028989_000,00028989_000.jpg,test,0,No Finding,28989,0,26,M,PA,3056,2544,test,data/test-00009-of-00010.parquet,139
00028990_000,00028990_000.jpg,test,0,No Finding,28990,0,55,M,PA,2021,2021,test,data/test-00009-of-00010.parquet,140
00028991_000,00028991_000.jpg,test,0,No Finding,28991,0,72,M,PA,1940,2021,test,data/test-00009-of-00010.parquet,141
00028993_001,00028993_001.jpg,test,0,No Finding,28993,1,57,M,PA,3056,2544,test,data/test-00009-of-00010.parquet,143
00028994_000,00028994_000.jpg,test,0,No Finding,28994,0,26,M,PA,3056,2544,test,data/test-00009-of-00010.parquet,144
00029000_000,00029000_000.jpg,test,0,No Finding,29000,0,45,M,PA,2020,2021,test,data/test-00009-of-00010.parquet,146
00029002_000,00029002_000.jpg,test,0,No Finding,29002,0,36,F,PA,2544,3056,test,data/test-00009-of-00010.parquet,148
00029003_000,00029003_000.jpg,test,0,No Finding,29003,0,30,M,PA,3056,2544,test,data/test-00009-of-00010.parquet,149
00029011_000,00029011_000.jpg,test,0,No Finding,29011,0,25,M,PA,3056,2544,test,data/test-00009-of-00010.parquet,153
00029018_001,00029018_001.jpg,test,0,No Finding,29018,1,33,M,PA,2021,2021,test,data/test-00009-of-00010.parquet,156
00029019_000,00029019_000.jpg,test,0,No Finding,29019,0,50,F,PA,2021,2021,test,data/test-00009-of-00010.parquet,157
00029023_000,00029023_000.jpg,test,0,No Finding,29023,0,53,F,PA,1907,2021,test,data/test-00009-of-00010.parquet,159
00029026_000,00029026_000.jpg,test,0,No Finding,29026,0,63,M,PA,2021,2021,test,data/test-00009-of-00010.parquet,161
00029028_000,00029028_000.jpg,lakehouse,0,No Finding,29028,0,58,F,PA,2544,3056,test,data/test-00009-of-00010.parquet,163
00029029_000,00029029_000.jpg,test,0,No Finding,29029,0,62,M,PA,2021,2015,test,data/test-00009-of-00010.parquet,164
00029032_000,00029032_000.jpg,test,0,No Finding,29032,0,54,M,PA,2021,2021,test,data/test-00009-of-00010.parquet,165
00029038_001,00029038_001.jpg,test,0,No Finding,29038,0,75,F,PA,3056,2544,test,data/test-00009-of-00010.parquet,170
00029039_010,00029039_010.jpg,test,1,Edema|Infiltration|Pneumonia|Pneumothorax,29039,10,61,M,AP,3056,2544,test,data/test-00009-of-00010.parquet,181
00029040_000,00029040_000.jpg,test,0,No Finding,29040,0,26,M,PA,2544,3056,test,data/test-00009-of-00010.parquet,194
00029044_000,00029044_000.jpg,test,0,No Finding,29044,0,29,F,PA,2021,2021,test,data/test-00009-of-00010.parquet,196
00029046_000,00029046_000.jpg,test,0,No Finding,29046,0,52,M,PA,2021,2021,test,data/test-00009-of-00010.parquet,198
00029051_000,00029051_000.jpg,test,0,No Finding,29051,0,61,M,PA,2021,2021,test,data/test-00009-of-00010.parquet,201
00029053_000,00029053_000.jpg,test,0,No Finding,29053,0,74,M,AP,3056,2544,test,data/test-00009-of-00010.parquet,202
00029056_000,00029056_000.jpg,test,0,No Finding,29056,0,19,M,AP,3056,2544,test,data/test-00009-of-00010.parquet,204
00029056_001,00029056_001.jpg,test,0,No Finding,29056,1,19,M,AP,3056,2544,test,data/test-00009-of-00010.parquet,205
00029056_002,00029056_002.jpg,test,0,No Finding,29056,2,19,M,AP,3056,2544,test,data/test-00009-of-00010.parquet,206
00029060_000,00029060_000.jpg,lakehouse,0,No Finding,29060,0,48,M,PA,2021,2021,test,data/test-00009-of-00010.parquet,211
00029064_000,00029064_000.jpg,test,0,No Finding,29064,0,40,F,PA,2544,3056,test,data/test-00009-of-00010.parquet,214
00029067_000,00029067_000.jpg,test,0,No Finding,29067,0,19,M,PA,2021,2021,test,data/test-00009-of-00010.parquet,217
00029071_000,00029071_000.jpg,lakehouse,0,No Finding,29071,0,22,M,PA,2021,2021,test,data/test-00009-of-00010.parquet,221
00029073_000,00029073_000.jpg,test,0,No Finding,29073,0,52,F,PA,2021,2021,test,data/test-00009-of-00010.parquet,222
00029075_000,00029075_000.jpg,test,1,Atelectasis|Effusion|Pneumothorax,29075,0,23,F,PA,2021,2021,test,data/test-00009-of-00010.parquet,223
00029075_007,00029075_007.jpg,test,1,Pneumothorax,29075,2,23,F,AP,3056,2544,test,data/test-00009-of-00010.parquet,230
00029076_000,00029076_000.jpg,test,0,No Finding,29076,0,56,M,PA,3056,2544,test,data/test-00009-of-00010.parquet,242
00029077_000,00029077_000.jpg,test,0,No Finding,29077,0,26,F,AP,3056,2544,test,data/test-00009-of-00010.parquet,243
00029078_000,00029078_000.jpg,test,0,No Finding,29078,0,46,F,PA,2021,2021,test,data/test-00009-of-00010.parquet,244
00029079_000,00029079_000.jpg,test,0,No Finding,29079,0,22,M,PA,2021,2021,test,data/test-00009-of-00010.parquet,245
00029080_000,00029080_000.jpg,test,0,No Finding,29080,0,25,F,PA,1757,2022,test,data/test-00009-of-00010.parquet,246
00029081_000,00029081_000.jpg,test,0,No Finding,29081,0,51,M,PA,2021,2021,test,data/test-00009-of-00010.parquet,247
00029081_002,00029081_002.jpg,test,0,No Finding,29081,2,53,M,PA,2021,2021,test,data/test-00009-of-00010.parquet,249
00029082_000,00029082_000.jpg,test,0,No Finding,29082,0,44,M,PA,2020,2021,test,data/test-00009-of-00010.parquet,250
00029087_000,00029087_000.jpg,test,0,No Finding,29087,0,52,F,PA,1891,1832,test,data/test-00009-of-00010.parquet,252
00029088_002,00029088_002.jpg,test,0,Atelectasis|Mass,29088,2,47,F,PA,2021,2021,test,data/test-00009-of-00010.parquet,255
00029089_000,00029089_000.jpg,test,0,No Finding,29089,0,47,F,PA,2544,3056,test,data/test-00009-of-00010.parquet,283
00029090_000,00029090_000.jpg,test,0,No Finding,29090,0,39,M,PA,2021,2021,test,data/test-00009-of-00010.parquet,284
00029092_000,00029092_000.jpg,lakehouse,0,No Finding,29092,0,25,M,PA,1809,1826,test,data/test-00009-of-00010.parquet,286
00029095_000,00029095_000.jpg,test,0,No Finding,29095,0,31,F,PA,2021,2021,test,data/test-00009-of-00010.parquet,289
00029096_000,00029096_000.jpg,test,0,No Finding,29096,0,65,M,AP,3056,2544,test,data/test-00009-of-00010.parquet,290
00029098_000,00029098_000.jpg,lakehouse,0,No Finding,29098,0,53,M,PA,2021,2021,test,data/test-00009-of-00010.parquet,291
00029099_000,00029099_000.jpg,test,0,No Finding,29099,0,67,M,AP,3056,2544,test,data/test-00009-of-00010.parquet,292
00029100_000,00029100_000.jpg,test,0,No Finding,29100,0,36,F,PA,2544,3056,test,data/test-00009-of-00010.parquet,293
00029104_000,00029104_000.jpg,test,0,No Finding,29104,0,34,F,PA,2021,2021,test,data/test-00009-of-00010.parquet,300
00029105_001,00029105_001.jpg,test,1,Atelectasis|Effusion|Infiltration|Pneumothorax,29105,2,55,F,PA,2021,2021,test,data/test-00009-of-00010.parquet,302
00029105_002,00029105_002.jpg,test,1,Pneumothorax,29105,3,55,F,PA,2021,2021,test,data/test-00009-of-00010.parquet,303
00029111_000,00029111_000.jpg,test,0,No Finding,29111,0,51,F,PA,2021,2021,test,data/test-00009-of-00010.parquet,332
00029112_000,00029112_000.jpg,test,0,No Finding,29112,0,64,M,PA,2021,2021,test,data/test-00009-of-00010.parquet,333
00029114_000,00029114_000.jpg,lakehouse,0,No Finding,29114,0,68,M,PA,2021,2021,test,data/test-00009-of-00010.parquet,335
00029115_000,00029115_000.jpg,test,0,No Finding,29115,0,56,F,PA,2021,2021,test,data/test-00009-of-00010.parquet,336
00029116_000,00029116_000.jpg,test,0,No Finding,29116,0,37,M,PA,2021,2021,test,data/test-00009-of-00010.parquet,339
00029123_000,00029123_000.jpg,test,0,No Finding,29123,0,29,M,PA,2021,2021,test,data/test-00009-of-00010.parquet,342
00029125_000,00029125_000.jpg,test,0,No Finding,29125,0,43,F,PA,2544,3056,test,data/test-00009-of-00010.parquet,343
00029125_001,00029125_001.jpg,test,0,No Finding,29125,1,43,F,PA,1748,2021,test,data/test-00009-of-00010.parquet,344
00029133_000,00029133_000.jpg,test,0,No Finding,29133,0,73,M,PA,3056,2544,test,data/test-00009-of-00010.parquet,349
00029137_000,00029137_000.jpg,test,0,No Finding,29137,0,50,M,PA,2021,2021,test,data/test-00009-of-00010.parquet,350
00029139_000,00029139_000.jpg,test,0,No Finding,29139,0,37,M,PA,2544,3056,test,data/test-00009-of-00010.parquet,351
00029140_000,00029140_000.jpg,test,0,No Finding,29140,0,70,M,PA,2021,2021,test,data/test-00009-of-00010.parquet,352
00029141_000,00029141_000.jpg,test,0,No Finding,29141,0,62,F,PA,2544,3056,test,data/test-00009-of-00010.parquet,353
00029143_000,00029143_000.jpg,test,0,No Finding,29143,0,52,F,AP,3056,2544,test,data/test-00009-of-00010.parquet,354
00029145_000,00029145_000.jpg,lakehouse,0,No Finding,29145,0,46,M,AP,3056,2544,test,data/test-00009-of-00010.parquet,355
00029148_000,00029148_000.jpg,test,0,No Finding,29148,0,75,M,PA,2021,2021,test,data/test-00009-of-00010.parquet,356
00029149_000,00029149_000.jpg,test,0,No Finding,29149,0,20,M,PA,1728,2021,test,data/test-00009-of-00010.parquet,357
00029153_000,00029153_000.jpg,test,0,No Finding,29153,0,62,M,PA,2021,2010,test,data/test-00009-of-00010.parquet,358
00029153_001,00029153_001.jpg,test,0,No Finding,29153,1,62,M,PA,2021,2021,test,data/test-00009-of-00010.parquet,359
00029159_000,00029159_000.jpg,test,0,No Finding,29159,0,51,F,PA,2021,2021,test,data/test-00009-of-00010.parquet,361
00029159_001,00029159_001.jpg,test,0,No Finding,29159,1,51,F,PA,2021,2021,test,data/test-00009-of-00010.parquet,362
00029159_002,00029159_002.jpg,test,1,Pneumothorax,29159,2,51,F,AP,3056,2544,test,data/test-00009-of-00010.parquet,363
00029167_000,00029167_000.jpg,test,0,No Finding,29167,0,42,F,PA,2021,2021,test,data/test-00009-of-00010.parquet,391
00029173_000,00029173_000.jpg,test,0,No Finding,29173,0,26,F,PA,2021,2021,test,data/test-00009-of-00010.parquet,394
00029177_001,00029177_001.jpg,lakehouse,0,No Finding,29177,1,48,M,PA,2021,2021,test,data/test-00009-of-00010.parquet,396
00029179_000,00029179_000.jpg,test,0,No Finding,29179,0,51,M,AP,3056,2544,test,data/test-00009-of-00010.parquet,398
00029200_001,00029200_001.jpg,lakehouse,0,No Finding,29200,1,58,M,PA,2021,2021,test,data/test-00009-of-00010.parquet,418
00029259_008,00029259_008.jpg,lakehouse,1,Infiltration|Pneumothorax,29259,8,34,F,PA,1913,2021,test,data/test-00009-of-00010.parquet,485
00029259_011,00029259_011.jpg,lakehouse,1,Pneumothorax,29259,6,34,F,AP,3056,2544,test,data/test-00009-of-00010.parquet,488
00029282_000,00029282_000.jpg,lakehouse,0,No Finding,29282,0,64,M,PA,2021,2020,test,data/test-00009-of-00010.parquet,526
00029293_000,00029293_000.jpg,lakehouse,0,No Finding,29293,0,60,F,PA,1980,2021,test,data/test-00009-of-00010.parquet,533
00029302_000,00029302_000.jpg,lakehouse,0,No Finding,29302,0,59,F,PA,1854,2021,test,data/test-00009-of-00010.parquet,540
00029312_000,00029312_000.jpg,lakehouse,0,No Finding,29312,0,68,F,PA,1776,1793,test,data/test-00009-of-00010.parquet,554
00029318_000,00029318_000.jpg,lakehouse,0,No Finding,29318,0,30,F,PA,1884,2021,test,data/test-00009-of-00010.parquet,558
00029318_001,00029318_001.jpg,lakehouse,0,No Finding,29318,1,31,F,PA,1705,1930,test,data/test-00009-of-00010.parquet,559
00029320_000,00029320_000.jpg,lakehouse,0,No Finding,29320,0,50,M,PA,2021,2021,test,data/test-00009-of-00010.parquet,561
00029342_001,00029342_001.jpg,lakehouse,0,No Finding,29342,1,47,M,PA,2021,2021,test,data/test-00009-of-00010.parquet,590
00029349_000,00029349_000.jpg,lakehouse,0,No Finding,29349,0,39,F,PA,1980,2021,test,data/test-00009-of-00010.parquet,594
00029386_000,00029386_000.jpg,lakehouse,0,No Finding,29386,0,32,F,PA,2021,2020,test,data/test-00009-of-00010.parquet,620
00029388_000,00029388_000.jpg,lakehouse,0,No Finding,29388,0,28,M,PA,2021,2021,test,data/test-00009-of-00010.parquet,621
00029398_000,00029398_000.jpg,lakehouse,0,No Finding,29398,0,31,F,PA,2021,2021,test,data/test-00009-of-00010.parquet,627
00029405_001,00029405_001.jpg,lakehouse,0,No Finding,29405,1,72,F,PA,2021,2011,test,data/test-00009-of-00010.parquet,647
00029421_000,00029421_000.jpg,lakehouse,0,No Finding,29421,0,51,F,PA,2544,3056,test,data/test-00009-of-00010.parquet,654
00029432_000,00029432_000.jpg,lakehouse,0,No Finding,29432,0,35,F,PA,2021,2021,test,data/test-00009-of-00010.parquet,666
00029456_000,00029456_000.jpg,lakehouse,0,No Finding,29456,0,24,M,PA,2021,2021,test,data/test-00009-of-00010.parquet,679
00029462_000,00029462_000.jpg,lakehouse,0,No Finding,29462,0,20,F,PA,2021,2021,test,data/test-00009-of-00010.parquet,689
00029493_000,00029493_000.jpg,lakehouse,0,No Finding,29493,0,45,M,PA,2020,2021,test,data/test-00009-of-00010.parquet,758
00029502_001,00029502_001.jpg,lakehouse,0,Consolidation,29502,1,54,M,AP,3056,2544,test,data/test-00009-of-00010.parquet,765
00029506_000,00029506_000.jpg,lakehouse,0,No Finding,29506,0,51,F,PA,2021,2021,test,data/test-00009-of-00010.parquet,772
00029516_000,00029516_000.jpg,lakehouse,0,No Finding,29516,0,52,F,AP,3056,2544,test,data/test-00009-of-00010.parquet,784
00029517_000,00029517_000.jpg,lakehouse,0,No Finding,29517,0,42,M,PA,2021,2021,test,data/test-00009-of-00010.parquet,785
00029531_001,00029531_001.jpg,lakehouse,0,No Finding,29531,1,40,F,PA,2020,2021,test,data/test-00009-of-00010.parquet,794
00029532_000,00029532_000.jpg,lakehouse,0,Atelectasis|Mass,29532,0,57,M,AP,3056,2544,test,data/test-00009-of-00010.parquet,795
00029532_001,00029532_001.jpg,lakehouse,0,Mass,29532,1,57,M,AP,3056,2544,test,data/test-00009-of-00010.parquet,796
00029534_000,00029534_000.jpg,test,0,No Finding,29534,0,54,F,PA,1849,2021,test,data/test-00009-of-00010.parquet,822
00029535_000,00029535_000.jpg,test,0,No Finding,29535,0,78,M,AP,3056,2544,test,data/test-00009-of-00010.parquet,823
00029536_000,00029536_000.jpg,test,0,No Finding,29536,0,43,M,PA,2021,2021,test,data/test-00009-of-00010.parquet,824
00029540_000,00029540_000.jpg,test,0,No Finding,29540,0,21,F,PA,1793,2021,test,data/test-00009-of-00010.parquet,826
00029542_000,00029542_000.jpg,test,0,No Finding,29542,0,65,M,PA,2544,3056,test,data/test-00009-of-00010.parquet,827
00029544_000,00029544_000.jpg,test,0,No Finding,29544,0,26,F,PA,2021,2021,test,data/test-00009-of-00010.parquet,828
00029545_000,00029545_000.jpg,test,0,No Finding,29545,0,60,M,PA,2021,2021,test,data/test-00009-of-00010.parquet,830
00029548_008,00029548_008.jpg,test,1,Effusion|Pneumothorax,29548,8,22,M,PA,2021,2021,test,data/test-00009-of-00010.parquet,839
00029548_009,00029548_009.jpg,test,1,Pneumothorax,29548,9,22,M,PA,2021,2021,test,data/test-00009-of-00010.parquet,840
00029551_000,00029551_000.jpg,test,0,Cardiomegaly|Effusion,29551,0,56,F,PA,2021,2021,test,data/test-00009-of-00010.parquet,847
00029553_000,00029553_000.jpg,test,0,No Finding,29553,0,22,M,PA,2021,2021,test,data/test-00009-of-00010.parquet,853
00029556_000,00029556_000.jpg,test,0,No Finding,29556,0,33,M,PA,2021,2011,test,data/test-00009-of-00010.parquet,855
00029556_001,00029556_001.jpg,test,0,No Finding,29556,1,34,M,PA,2021,2021,test,data/test-00009-of-00010.parquet,856
00029559_000,00029559_000.jpg,lakehouse,0,No Finding,29559,0,27,M,PA,2021,2021,test,data/test-00009-of-00010.parquet,857
00029564_000,00029564_000.jpg,test,0,No Finding,29564,0,36,F,PA,2021,2021,test,data/test-00009-of-00010.parquet,860
00029566_000,00029566_000.jpg,test,0,No Finding,29566,0,59,F,PA,2021,2021,test,data/test-00009-of-00010.parquet,862
00029568_000,00029568_000.jpg,test,0,No Finding,29568,0,54,F,PA,1860,1862,test,data/test-00009-of-00010.parquet,863
00029569_000,00029569_000.jpg,lakehouse,0,No Finding,29569,0,48,M,PA,2021,2021,test,data/test-00009-of-00010.parquet,864
00029571_000,00029571_000.jpg,test,0,No Finding,29571,0,54,M,PA,2021,2020,test,data/test-00009-of-00010.parquet,876
00029575_000,00029575_000.jpg,test,0,No Finding,29575,0,58,M,PA,2021,2021,test,data/test-00009-of-00010.parquet,878
00029576_000,00029576_000.jpg,test,0,No Finding,29576,0,41,F,PA,1930,2021,test,data/test-00009-of-00010.parquet,879
00029577_000,00029577_000.jpg,test,0,No Finding,29577,0,47,F,AP,3056,2544,test,data/test-00009-of-00010.parquet,880
00029578_000,00029578_000.jpg,test,0,No Finding,29578,0,80,F,PA,2021,2021,test,data/test-00009-of-00010.parquet,881
00029580_000,00029580_000.jpg,test,0,No Finding,29580,0,44,M,PA,2021,2021,test,data/test-00009-of-00010.parquet,898
00029581_000,00029581_000.jpg,test,0,No Finding,29581,0,30,F,PA,2544,3056,test,data/test-00009-of-00010.parquet,899
00029588_002,00029588_002.jpg,lakehouse,0,Infiltration,29588,2,46,M,AP,3056,2544,test,data/test-00009-of-00010.parquet,906
00029592_000,00029592_000.jpg,test,0,No Finding,29592,0,27,F,PA,2021,2021,test,data/test-00009-of-00010.parquet,910
00029593_000,00029593_000.jpg,test,0,No Finding,29593,0,38,F,PA,2021,2021,test,data/test-00009-of-00010.parquet,911
00029594_001,00029594_001.jpg,test,0,No Finding,29594,1,71,M,AP,3056,2544,test,data/test-00009-of-00010.parquet,913
00029594_002,00029594_002.jpg,test,0,No Finding,29594,2,71,M,AP,3056,2544,test,data/test-00009-of-00010.parquet,914
00029595_000,00029595_000.jpg,test,0,No Finding,29595,0,48,M,PA,2021,2020,test,data/test-00009-of-00010.parquet,917
00029600_000,00029600_000.jpg,test,0,No Finding,29600,0,41,F,PA,2021,2021,test,data/test-00009-of-00010.parquet,946
00029605_000,00029605_000.jpg,test,0,No Finding,29605,0,40,M,PA,2021,2021,test,data/test-00009-of-00010.parquet,949
00029607_000,00029607_000.jpg,test,0,No Finding,29607,0,25,M,AP,3056,2544,test,data/test-00009-of-00010.parquet,950
00029608_000,00029608_000.jpg,lakehouse,0,No Finding,29608,0,57,M,PA,2020,2021,test,data/test-00009-of-00010.parquet,951
00029610_000,00029610_000.jpg,test,0,No Finding,29610,0,39,M,PA,2021,2021,test,data/test-00009-of-00010.parquet,953
00029610_001,00029610_001.jpg,test,0,No Finding,29610,1,40,M,PA,2021,2021,test,data/test-00009-of-00010.parquet,954
00029617_002,00029617_002.jpg,test,1,Emphysema|Pneumothorax,29617,3,58,F,PA,2021,2021,test,data/test-00009-of-00010.parquet,962
00029617_006,00029617_006.jpg,test,1,Effusion|Infiltration|Pneumothorax,29617,6,58,F,PA,2021,2021,test,data/test-00009-of-00010.parquet,966
00029620_000,00029620_000.jpg,lakehouse,0,No Finding,29620,0,78,M,PA,2021,2021,test,data/test-00009-of-00010.parquet,972
00029625_000,00029625_000.jpg,test,0,No Finding,29625,0,18,F,PA,2544,3056,test,data/test-00009-of-00010.parquet,975
00029629_000,00029629_000.jpg,test,0,No Finding,29629,0,32,F,AP,3056,2544,test,data/test-00009-of-00010.parquet,977
00029631_000,00029631_000.jpg,test,0,No Finding,29631,0,44,M,PA,2021,2021,test,data/test-00009-of-00010.parquet,978
00029631_006,00029631_006.jpg,test,1,Atelectasis|Consolidation|Pneumothorax,29631,6,44,M,PA,2021,2021,test,data/test-00009-of-00010.parquet,984
00029631_012,00029631_012.jpg,test,1,Effusion|Pneumothorax,29631,12,44,M,PA,2021,2021,test,data/test-00009-of-00010.parquet,990
00029632_000,00029632_000.jpg,test,0,No Finding,29632,0,32,M,PA,2021,2020,test,data/test-00009-of-00010.parquet,992
00029635_000,00029635_000.jpg,test,0,No Finding,29635,0,29,M,PA,2021,2021,test,data/test-00009-of-00010.parquet,995
00029636_000,00029636_000.jpg,test,0,No Finding,29636,0,67,M,PA,2021,2021,test,data/test-00009-of-00010.parquet,996
00029637_000,00029637_000.jpg,test,0,No Finding,29637,0,54,F,PA,2021,2021,test,data/test-00009-of-00010.parquet,997
00029691_000,00029691_000.jpg,lakehouse,0,No Finding,29691,0,25,M,PA,2021,2021,test,data/test-00009-of-00010.parquet,1045
00029707_000,00029707_000.jpg,lakehouse,0,No Finding,29707,0,75,F,PA,2021,2021,test,data/test-00009-of-00010.parquet,1060
00029714_000,00029714_000.jpg,lakehouse,0,No Finding,29714,0,71,M,PA,2021,2021,test,data/test-00009-of-00010.parquet,1065
00029767_000,00029767_000.jpg,test,0,No Finding,29767,0,62,M,PA,2021,2021,test,data/test-00009-of-00010.parquet,1100
00029772_000,00029772_000.jpg,test,0,No Finding,29772,0,54,F,PA,2021,2021,test,data/test-00009-of-00010.parquet,1101
00029775_000,00029775_000.jpg,test,0,No Finding,29775,0,29,M,PA,2021,2021,test,data/test-00009-of-00010.parquet,1102
00029779_000,00029779_000.jpg,test,0,No Finding,29779,0,82,F,PA,1766,1807,test,data/test-00009-of-00010.parquet,1105
00029780_000,00029780_000.jpg,test,0,No Finding,29780,0,62,M,PA,2021,2021,test,data/test-00009-of-00010.parquet,1106
00029782_000,00029782_000.jpg,test,0,No Finding,29782,0,45,M,PA,2021,2021,test,data/test-00009-of-00010.parquet,1107
00029783_000,00029783_000.jpg,test,0,No Finding,29783,0,40,F,PA,2021,2021,test,data/test-00009-of-00010.parquet,1108
00029783_001,00029783_001.jpg,test,0,No Finding,29783,1,40,F,AP,3056,2544,test,data/test-00009-of-00010.parquet,1109
00029787_000,00029787_000.jpg,test,0,No Finding,29787,0,66,M,PA,2021,2021,test,data/test-00009-of-00010.parquet,1110
00029792_000,00029792_000.jpg,test,0,No Finding,29792,0,31,F,PA,2544,3056,test,data/test-00009-of-00010.parquet,1112
00029806_000,00029806_000.jpg,test,0,No Finding,29806,0,44,F,PA,2021,2021,test,data/test-00009-of-00010.parquet,1118
00029807_001,00029807_001.jpg,test,1,Emphysema|Pneumothorax,29807,1,63,M,AP,3056,2544,test,data/test-00009-of-00010.parquet,1120
00029808_005,00029808_005.jpg,test,1,Infiltration|Pleural_Thickening|Pneumothorax,29808,7,32,M,PA,2020,2021,test,data/test-00009-of-00010.parquet,1132
00029809_000,00029809_000.jpg,test,0,Infiltration|Nodule,29809,0,62,M,PA,2021,2021,test,data/test-00009-of-00010.parquet,1139
00029813_002,00029813_002.jpg,test,1,Emphysema|Infiltration|Pneumothorax,29813,2,66,M,AP,3056,2544,test,data/test-00009-of-00010.parquet,1163
00029813_005,00029813_005.jpg,test,1,Atelectasis|Infiltration|Pneumothorax,29813,6,66,M,PA,2021,2021,test,data/test-00009-of-00010.parquet,1166
00029813_009,00029813_009.jpg,test,1,Emphysema|Pleural_Thickening|Pneumothorax,29813,7,66,M,AP,3056,2544,test,data/test-00009-of-00010.parquet,1170
00029816_000,00029816_000.jpg,lakehouse,0,No Finding,29816,0,26,F,PA,2021,2020,test,data/test-00009-of-00010.parquet,1202
00029817_000,00029817_000.jpg,test,0,No Finding,29817,0,67,F,PA,2021,2021,test,data/test-00009-of-00010.parquet,1203
00029817_001,00029817_001.jpg,test,0,No Finding,29817,1,67,F,PA,2021,2021,test,data/test-00009-of-00010.parquet,1204
00029817_002,00029817_002.jpg,test,0,Infiltration,29817,2,67,F,AP,3056,2544,test,data/test-00009-of-00010.parquet,1205
00029819_000,00029819_000.jpg,test,0,No Finding,29819,0,20,M,PA,1639,2021,test,data/test-00009-of-00010.parquet,1231
00029819_001,00029819_001.jpg,test,0,No Finding,29819,1,20,M,AP,3056,2544,test,data/test-00009-of-00010.parquet,1232
00029819_002,00029819_002.jpg,test,0,No Finding,29819,2,20,M,AP,3056,2544,test,data/test-00009-of-00010.parquet,1233
00029820_001,00029820_001.jpg,test,0,No Finding,29820,1,38,M,PA,2021,2021,test,data/test-00009-of-00010.parquet,1235
00029820_002,00029820_002.jpg,test,0,No Finding,29820,2,38,M,PA,2021,2021,test,data/test-00009-of-00010.parquet,1236
00029823_000,00029823_000.jpg,test,0,No Finding,29823,0,18,M,PA,1990,2021,test,data/test-00009-of-00010.parquet,1239
00029829_000,00029829_000.jpg,test,0,No Finding,29829,0,22,M,PA,2021,2021,test,data/test-00009-of-00010.parquet,1245
00029831_000,00029831_000.jpg,test,0,No Finding,29831,0,72,M,PA,2021,2021,test,data/test-00009-of-00010.parquet,1246
00029832_000,00029832_000.jpg,lakehouse,0,No Finding,29832,0,46,F,PA,2021,2021,test,data/test-00009-of-00010.parquet,1248
00029834_000,00029834_000.jpg,test,0,No Finding,29834,0,28,M,PA,2021,2021,test,data/test-00009-of-00010.parquet,1250
00029835_000,00029835_000.jpg,test,0,No Finding,29835,0,30,M,PA,3056,2544,test,data/test-00009-of-00010.parquet,1251
00029837_000,00029837_000.jpg,test,0,No Finding,29837,0,21,F,PA,2021,2021,test,data/test-00009-of-00010.parquet,1253
00029843_000,00029843_000.jpg,test,0,No Finding,29843,0,53,F,PA,2021,2021,test,data/test-00009-of-00010.parquet,1256
00029843_001,00029843_001.jpg,test,0,Atelectasis|Effusion|Pneumonia,29843,1,53,F,AP,3056,2544,test,data/test-00009-of-00010.parquet,1257
00029843_002,00029843_002.jpg,test,0,Consolidation|Mass,29843,2,53,F,PA,3056,2544,test,data/test-00009-of-00010.parquet,1258
00029846_000,00029846_000.jpg,test,0,No Finding,29846,0,53,M,PA,2021,2021,test,data/test-00009-of-00010.parquet,1262
00029851_000,00029851_000.jpg,test,0,No Finding,29851,0,41,F,PA,3056,2544,test,data/test-00009-of-00010.parquet,1267
00029853_000,00029853_000.jpg,lakehouse,0,No Finding,29853,0,54,F,PA,2021,2020,test,data/test-00009-of-00010.parquet,1268
00029859_000,00029859_000.jpg,test,0,No Finding,29859,0,44,F,PA,2021,2021,test,data/test-00009-of-00010.parquet,1271
00029861_001,00029861_001.jpg,test,1,Nodule|Pneumothorax,29861,1,63,F,AP,3056,2544,test,data/test-00009-of-00010.parquet,1274
00029861_002,00029861_002.jpg,test,1,Atelectasis|Pneumothorax,29861,2,63,F,PA,2021,2021,test,data/test-00009-of-00010.parquet,1275
00029871_000,00029871_000.jpg,test,0,No Finding,29871,0,44,F,PA,2021,2021,test,data/test-00009-of-00010.parquet,1292
00029873_000,00029873_000.jpg,test,0,No Finding,29873,0,61,M,PA,2021,2020,test,data/test-00009-of-00010.parquet,1293
00029878_001,00029878_001.jpg,test,0,No Finding,29878,1,20,F,AP,3056,2544,test,data/test-00009-of-00010.parquet,1296
00029879_000,00029879_000.jpg,test,0,No Finding,29879,0,22,M,PA,2021,2021,test,data/test-00009-of-00010.parquet,1298
00029879_001,00029879_001.jpg,test,0,No Finding,29879,1,22,M,PA,2021,2021,test,data/test-00009-of-00010.parquet,1299
00029880_001,00029880_001.jpg,test,1,Atelectasis|Infiltration|Pneumothorax,29880,3,66,M,PA,2021,2021,test,data/test-00009-of-00010.parquet,1301
00029880_008,00029880_008.jpg,test,1,Pneumothorax,29880,2,66,M,AP,3056,2544,test,data/test-00009-of-00010.parquet,1308
00029884_001,00029884_001.jpg,lakehouse,0,No Finding,29884,0,67,M,PA,2021,2021,test,data/test-00009-of-00010.parquet,1314
00029885_000,00029885_000.jpg,test,0,No Finding,29885,0,65,M,PA,2021,2021,test,data/test-00009-of-00010.parquet,1315
00029886_000,00029886_000.jpg,test,0,No Finding,29886,0,32,F,PA,2544,3056,test,data/test-00009-of-00010.parquet,1316
00029886_001,00029886_001.jpg,test,0,No Finding,29886,1,32,F,AP,3056,2544,test,data/test-00009-of-00010.parquet,1317
00029888_000,00029888_000.jpg,test,0,No Finding,29888,0,29,M,PA,2021,2021,test,data/test-00009-of-00010.parquet,1318
00029892_000,00029892_000.jpg,test,0,No Finding,29892,0,56,M,PA,2021,2021,test,data/test-00009-of-00010.parquet,1321
00029893_001,00029893_001.jpg,lakehouse,0,No Finding,29893,1,52,F,PA,2544,3056,test,data/test-00009-of-00010.parquet,1323
00029894_000,00029894_000.jpg,test,0,Effusion,29894,0,55,F,PA,1690,1908,test,data/test-00009-of-00010.parquet,1324
00029896_000,00029896_000.jpg,test,0,Pleural_Thickening,29896,0,55,F,PA,2021,2021,test,data/test-00009-of-00010.parquet,1326
00029905_000,00029905_000.jpg,test,0,No Finding,29905,0,63,F,PA,2544,3056,test,data/test-00009-of-00010.parquet,1328
00029906_000,00029906_000.jpg,test,0,Cardiomegaly,29906,0,69,M,PA,2021,2021,test,data/test-00009-of-00010.parquet,1329
00029907_000,00029907_000.jpg,test,0,No Finding,29907,0,62,F,PA,2021,2021,test,data/test-00009-of-00010.parquet,1330
00029909_000,00029909_000.jpg,test,1,Pneumothorax,29909,0,73,M,AP,3056,2544,test,data/test-00009-of-00010.parquet,1332
00029909_001,00029909_001.jpg,test,0,No Finding,29909,1,73,M,AP,3056,2544,test,data/test-00009-of-00010.parquet,1333
00029909_003,00029909_003.jpg,test,1,Emphysema|Nodule|Pneumothorax,29909,3,73,M,PA,2021,2021,test,data/test-00009-of-00010.parquet,1335
00029910_000,00029910_000.jpg,test,0,No Finding,29910,0,41,F,PA,2020,2021,test,data/test-00009-of-00010.parquet,1337
00029915_001,00029915_001.jpg,test,0,No Finding,29915,1,49,F,AP,3056,2544,test,data/test-00009-of-00010.parquet,1340
00029918_000,00029918_000.jpg,test,0,No Finding,29918,0,76,M,PA,2021,2020,test,data/test-00009-of-00010.parquet,1343
00029918_001,00029918_001.jpg,test,0,No Finding,29918,1,76,M,PA,2021,2021,test,data/test-00009-of-00010.parquet,1344
00029918_002,00029918_002.jpg,test,0,Emphysema,29918,2,76,M,AP,3056,2544,test,data/test-00009-of-00010.parquet,1345
00029922_000,00029922_000.jpg,test,0,No Finding,29922,0,68,M,PA,2021,2021,test,data/test-00009-of-00010.parquet,1347
00029924_000,00029924_000.jpg,test,0,No Finding,29924,0,69,M,PA,2021,2021,test,data/test-00009-of-00010.parquet,1348
00029929_000,00029929_000.jpg,test,0,No Finding,29929,0,31,F,PA,2021,2021,test,data/test-00009-of-00010.parquet,1351
00029930_000,00029930_000.jpg,test,0,No Finding,29930,0,65,M,AP,3056,2544,test,data/test-00009-of-00010.parquet,1352
00029930_001,00029930_001.jpg,test,0,No Finding,29930,1,65,M,AP,3056,2544,test,data/test-00009-of-00010.parquet,1353
00029935_000,00029935_000.jpg,test,0,No Finding,29935,0,70,M,AP,3056,2544,test,data/test-00009-of-00010.parquet,1356
00029935_001,00029935_001.jpg,test,0,No Finding,29935,1,70,M,AP,3056,2544,test,data/test-00009-of-00010.parquet,1357
00029935_002,00029935_002.jpg,test,0,No Finding,29935,2,70,M,AP,3056,2544,test,data/test-00009-of-00010.parquet,1358
00029937_000,00029937_000.jpg,lakehouse,0,No Finding,29937,0,55,F,PA,1826,2021,test,data/test-00009-of-00010.parquet,1359
00029940_001,00029940_001.jpg,test,0,No Finding,29940,1,60,M,AP,3056,2544,test,data/test-00009-of-00010.parquet,1363
00029940_002,00029940_002.jpg,test,0,No Finding,29940,2,60,M,PA,3056,2544,test,data/test-00009-of-00010.parquet,1364
00029941_000,00029941_000.jpg,test,0,No Finding,29941,0,31,M,PA,3056,2544,test,data/test-00009-of-00010.parquet,1370
00029943_002,00029943_002.jpg,test,1,Atelectasis|Pneumothorax,29943,3,64,F,PA,2021,2021,test,data/test-00009-of-00010.parquet,1373
00029950_002,00029950_002.jpg,lakehouse,1,Infiltration|Pneumothorax,29950,2,36,F,AP,3056,2544,test,data/test-00009-of-00010.parquet,1419
00030007_000,00030007_000.jpg,lakehouse,0,No Finding,30007,0,52,F,PA,2021,2021,test,data/test-00009-of-00010.parquet,1493
00030015_000,00030015_000.jpg,lakehouse,0,No Finding,30015,0,35,M,PA,2021,2021,test,data/test-00009-of-00010.parquet,1498
00030017_000,00030017_000.jpg,test,0,No Finding,30017,0,54,F,AP,3056,2544,test,data/test-00009-of-00010.parquet,1501
00030018_000,00030018_000.jpg,test,0,No Finding,30018,0,32,F,PA,2020,2021,test,data/test-00009-of-00010.parquet,1502
00030019_000,00030019_000.jpg,test,0,No Finding,30019,0,51,F,PA,2021,2021,test,data/test-00009-of-00010.parquet,1503
00030020_000,00030020_000.jpg,test,0,No Finding,30020,0,68,F,PA,2021,2021,test,data/test-00009-of-00010.parquet,1504
00030024_000,00030024_000.jpg,test,0,No Finding,30024,0,52,F,PA,2021,2020,test,data/test-00009-of-00010.parquet,1506
00030031_000,00030031_000.jpg,lakehouse,0,No Finding,30031,0,55,F,PA,2021,2021,test,data/test-00009-of-00010.parquet,1508
00030039_010,00030039_010.jpg,test,1,Pneumothorax,30039,10,52,M,PA,2021,2021,test,data/test-00009-of-00010.parquet,1525
00030039_012,00030039_012.jpg,test,1,Pleural_Thickening|Pneumothorax,30039,12,52,M,PA,2021,2021,test,data/test-00009-of-00010.parquet,1527
00030041_000,00030041_000.jpg,test,0,No Finding,30041,0,57,F,PA,2021,2021,test,data/test-00009-of-00010.parquet,1536
00030042_000,00030042_000.jpg,test,0,No Finding,30042,0,67,M,PA,2021,2021,test,data/test-00009-of-00010.parquet,1537
00030043_000,00030043_000.jpg,test,0,No Finding,30043,0,61,M,PA,2021,2021,test,data/test-00009-of-00010.parquet,1538
00030043_001,00030043_001.jpg,test,0,No Finding,30043,1,61,M,AP,3056,2544,test,data/test-00009-of-00010.parquet,1539
00030044_000,00030044_000.jpg,test,0,No Finding,30044,0,68,M,PA,2021,2021,test,data/test-00009-of-00010.parquet,1540
00030046_002,00030046_002.jpg,lakehouse,1,Effusion|Pneumothorax,30046,4,68,F,PA,2021,2021,test,data/test-00009-of-00010.parquet,1543
00030046_003,00030046_003.jpg,lakehouse,1,Emphysema|Pneumothorax,30046,5,68,F,PA,2021,2021,test,data/test-00009-of-00010.parquet,1544
00030048_001,00030048_001.jpg,test,0,No Finding,30048,1,42,M,PA,2021,2020,test,data/test-00009-of-00010.parquet,1553
00030049_000,00030049_000.jpg,test,0,No Finding,30049,0,31,F,PA,2021,2021,test,data/test-00009-of-00010.parquet,1554
00030052_000,00030052_000.jpg,test,0,No Finding,30052,0,34,F,PA,2021,2021,test,data/test-00009-of-00010.parquet,1557
00030056_000,00030056_000.jpg,test,0,No Finding,30056,0,28,F,PA,2020,2021,test,data/test-00009-of-00010.parquet,1559
00030057_000,00030057_000.jpg,test,0,No Finding,30057,0,50,F,PA,2021,2021,test,data/test-00009-of-00010.parquet,1560
00030058_000,00030058_000.jpg,test,0,No Finding,30058,0,38,F,PA,2021,2021,test,data/test-00009-of-00010.parquet,1561
00030060_000,00030060_000.jpg,test,0,No Finding,30060,0,36,F,PA,2021,2021,test,data/test-00009-of-00010.parquet,1562
00030067_000,00030067_000.jpg,test,0,No Finding,30067,0,53,M,PA,2021,2021,test,data/test-00009-of-00010.parquet,1567
00030071_000,00030071_000.jpg,test,0,No Finding,30071,0,67,M,PA,2021,2021,test,data/test-00009-of-00010.parquet,1569
00030071_001,00030071_001.jpg,test,0,No Finding,30071,1,67,M,PA,2021,2021,test,data/test-00009-of-00010.parquet,1570
00030073_000,00030073_000.jpg,test,0,No Finding,30073,0,22,F,PA,1734,2021,test,data/test-00009-of-00010.parquet,1571
00030074_000,00030074_000.jpg,test,0,No Finding,30074,0,60,M,PA,2021,2021,test,data/test-00009-of-00010.parquet,1572
00030075_000,00030075_000.jpg,test,0,No Finding,30075,0,62,M,PA,2021,2021,test,data/test-00009-of-00010.parquet,1573
00030077_001,00030077_001.jpg,test,1,Pneumothorax,30077,1,65,F,AP,3056,2544,test,data/test-00009-of-00010.parquet,1575
00030077_002,00030077_002.jpg,test,1,Pneumothorax,30077,2,65,F,AP,3056,2544,test,data/test-00009-of-00010.parquet,1576
00030077_003,00030077_003.jpg,test,1,Pneumothorax,30077,3,65,F,PA,2021,2021,test,data/test-00009-of-00010.parquet,1577
00030083_000,00030083_000.jpg,lakehouse,0,No Finding,30083,0,54,M,PA,2021,2021,test,data/test-00009-of-00010.parquet,1663
00030109_000,00030109_000.jpg,lakehouse,0,No Finding,30109,0,36,M,PA,2021,2021,test,data/test-00009-of-00010.parquet,1696
00030111_007,00030111_007.jpg,test,1,Pneumothorax,30111,7,51,M,AP,3056,2544,test,data/test-00009-of-00010.parquet,1705
00030114_000,00030114_000.jpg,test,0,No Finding,30114,0,28,F,PA,2021,2021,test,data/test-00009-of-00010.parquet,1718
00030115_000,00030115_000.jpg,test,0,No Finding,30115,0,69,M,PA,2021,2021,test,data/test-00009-of-00010.parquet,1719
00030117_000,00030117_000.jpg,lakehouse,0,No Finding,30117,0,35,F,PA,2544,3056,test,data/test-00009-of-00010.parquet,1721
00030118_000,00030118_000.jpg,test,0,No Finding,30118,0,21,F,PA,2021,2021,test,data/test-00009-of-00010.parquet,1722
00030119_000,00030119_000.jpg,test,0,No Finding,30119,0,26,F,PA,1797,1907,test,data/test-00009-of-00010.parquet,1723
00030122_000,00030122_000.jpg,test,0,No Finding,30122,0,33,F,PA,2544,3056,test,data/test-00009-of-00010.parquet,1724
00030123_000,00030123_000.jpg,test,0,No Finding,30123,0,48,M,PA,3056,2496,test,data/test-00009-of-00010.parquet,1725
00030127_000,00030127_000.jpg,test,0,No Finding,30127,0,27,M,PA,2021,2021,test,data/test-00009-of-00010.parquet,1729
00030128_000,00030128_000.jpg,test,0,No Finding,30128,0,35,M,PA,1867,2021,test,data/test-00009-of-00010.parquet,1730
00030128_001,00030128_001.jpg,test,0,No Finding,30128,1,35,M,PA,2021,2021,test,data/test-00009-of-00010.parquet,1731
00030132_000,00030132_000.jpg,test,0,No Finding,30132,0,50,M,PA,3056,2544,test,data/test-00009-of-00010.parquet,1736
00030133_000,00030133_000.jpg,test,0,No Finding,30133,0,41,M,PA,2020,2021,test,data/test-00009-of-00010.parquet,1737
00030136_000,00030136_000.jpg,test,0,No Finding,30136,0,38,M,PA,3056,2544,test,data/test-00009-of-00010.parquet,1739
00030139_000,00030139_000.jpg,test,0,No Finding,30139,0,36,M,PA,1874,2021,test,data/test-00009-of-00010.parquet,1740
00030141_001,00030141_001.jpg,lakehouse,0,No Finding,30141,1,38,F,AP,3056,2544,test,data/test-00009-of-00010.parquet,1743
00030142_000,00030142_000.jpg,test,0,No Finding,30142,0,56,M,PA,3056,2544,test,data/test-00009-of-00010.parquet,1744
00030143_000,00030143_000.jpg,lakehouse,0,No Finding,30143,0,59,M,PA,2021,2021,test,data/test-00009-of-00010.parquet,1745
00030145_002,00030145_002.jpg,test,0,No Finding,30145,2,40,F,PA,2021,2021,test,data/test-00009-of-00010.parquet,1750
00030148_000,00030148_000.jpg,lakehouse,0,No Finding,30148,0,52,F,PA,2021,2021,test,data/test-00009-of-00010.parquet,1752
00030149_000,00030149_000.jpg,test,0,No Finding,30149,0,22,F,PA,2021,2021,test,data/test-00009-of-00010.parquet,1753
00030154_000,00030154_000.jpg,test,0,No Finding,30154,0,38,F,PA,2021,2021,test,data/test-00009-of-00010.parquet,1755
00030156_000,00030156_000.jpg,test,0,No Finding,30156,0,61,M,PA,2021,2021,test,data/test-00009-of-00010.parquet,1756
00030166_000,00030166_000.jpg,test,0,No Finding,30166,0,32,M,PA,2021,2021,test,data/test-00009-of-00010.parquet,1797
00030169_000,00030169_000.jpg,test,0,No Finding,30169,0,56,F,PA,2021,2021,test,data/test-00009-of-00010.parquet,1799
00030172_000,00030172_000.jpg,lakehouse,0,No Finding,30172,0,73,F,PA,2021,2020,test,data/test-00009-of-00010.parquet,1802
00030194_000,00030194_000.jpg,lakehouse,0,No Finding,30194,0,21,M,PA,2021,2021,test,data/test-00009-of-00010.parquet,1815
00030272_000,00030272_000.jpg,test,0,No Finding,30272,0,31,F,PA,2021,2021,test,data/test-00009-of-00010.parquet,1901
00030278_000,00030278_000.jpg,test,0,No Finding,30278,0,37,F,PA,2021,2021,test,data/test-00009-of-00010.parquet,1907
00030279_002,00030279_002.jpg,test,1,Pneumothorax,30279,2,72,M,AP,3056,2544,test,data/test-00009-of-00010.parquet,1910
00030279_004,00030279_004.jpg,test,1,Pneumothorax,30279,3,72,M,AP,3056,2544,test,data/test-00009-of-00010.parquet,1912
00030281_000,00030281_000.jpg,test,0,No Finding,30281,0,55,F,PA,2021,2021,test,data/test-00009-of-00010.parquet,1922
00030286_000,00030286_000.jpg,test,0,No Finding,30286,0,41,M,AP,3056,2544,test,data/test-00009-of-00010.parquet,1925
00030286_001,00030286_001.jpg,test,0,No Finding,30286,1,41,M,AP,3056,2544,test,data/test-00009-of-00010.parquet,1926
00030287_000,00030287_000.jpg,test,0,No Finding,30287,0,19,M,AP,3056,2544,test,data/test-00009-of-00010.parquet,1932
00030287_001,00030287_001.jpg,test,0,No Finding,30287,1,19,M,AP,3056,2544,test,data/test-00009-of-00010.parquet,1933
00030287_002,00030287_002.jpg,test,0,No Finding,30287,2,19,M,PA,2021,2021,test,data/test-00009-of-00010.parquet,1934
00030290_000,00030290_000.jpg,test,0,No Finding,30290,0,22,F,PA,2544,3056,test,data/test-00009-of-00010.parquet,1936
00030291_000,00030291_000.jpg,test,0,No Finding,30291,0,59,F,PA,2021,2021,test,data/test-00009-of-00010.parquet,1937
00030297_000,00030297_000.jpg,test,0,No Finding,30297,0,35,M,PA,2015,2021,test,data/test-00009-of-00010.parquet,1942
00030304_000,00030304_000.jpg,test,0,No Finding,30304,0,29,M,PA,2021,2021,test,data/test-00009-of-00010.parquet,1945
00030307_001,00030307_001.jpg,lakehouse,0,No Finding,30307,1,36,F,AP,3056,2544,test,data/test-00009-of-00010.parquet,1947
00030308_000,00030308_000.jpg,test,0,No Finding,30308,0,27,M,PA,3056,2544,test,data/test-00009-of-00010.parquet,1948
00030312_000,00030312_000.jpg,test,0,No Finding,30312,0,65,M,PA,2021,2021,test,data/test-00009-of-00010.parquet,1950
00030316_000,00030316_000.jpg,test,0,No Finding,30316,0,63,M,PA,2021,2021,test,data/test-00009-of-00010.parquet,1953
00030317_000,00030317_000.jpg,test,0,No Finding,30317,0,74,F,PA,2021,2021,test,data/test-00009-of-00010.parquet,1954
00030321_000,00030321_000.jpg,test,0,No Finding,30321,0,53,M,PA,2020,2021,test,data/test-00009-of-00010.parquet,1956
00030324_000,00030324_000.jpg,test,0,No Finding,30324,0,38,F,PA,2021,2021,test,data/test-00009-of-00010.parquet,2015
00030326_000,00030326_000.jpg,test,0,No Finding,30326,0,46,F,PA,2021,2021,test,data/test-00009-of-00010.parquet,2017
00030328_000,00030328_000.jpg,lakehouse,0,No Finding,30328,0,34,M,PA,2021,2021,test,data/test-00009-of-00010.parquet,2018
00030333_000,00030333_000.jpg,test,0,No Finding,30333,0,50,F,PA,2021,2021,test,data/test-00009-of-00010.parquet,2022
00030342_000,00030342_000.jpg,test,0,No Finding,30342,0,36,F,PA,2021,2021,test,data/test-00009-of-00010.parquet,2028
00030342_002,00030342_002.jpg,test,0,No Finding,30342,1,36,F,AP,3056,2544,test,data/test-00009-of-00010.parquet,2030
00030344_000,00030344_000.jpg,test,0,No Finding,30344,0,55,F,PA,2021,2021,test,data/test-00009-of-00010.parquet,2032
00030344_001,00030344_001.jpg,test,0,No Finding,30344,1,56,F,AP,3056,2544,test,data/test-00009-of-00010.parquet,2033
00030344_002,00030344_002.jpg,test,0,No Finding,30344,2,56,F,PA,2021,2021,test,data/test-00009-of-00010.parquet,2034
00030345_000,00030345_000.jpg,test,0,No Finding,30345,0,36,M,PA,3056,2544,test,data/test-00009-of-00010.parquet,2035
00030347_000,00030347_000.jpg,test,0,No Finding,30347,0,63,F,PA,2544,3056,test,data/test-00009-of-00010.parquet,2036
00030348_000,00030348_000.jpg,test,0,No Finding,30348,0,58,M,PA,2021,2021,test,data/test-00009-of-00010.parquet,2037
00030351_000,00030351_000.jpg,test,0,No Finding,30351,0,20,M,PA,1787,1761,test,data/test-00009-of-00010.parquet,2039
00030353_000,00030353_000.jpg,test,0,No Finding,30353,0,34,M,PA,2021,2021,test,data/test-00009-of-00010.parquet,2040
00030354_001,00030354_001.jpg,test,0,No Finding,30354,1,38,F,PA,1846,2021,test,data/test-00009-of-00010.parquet,2042
00030358_002,00030358_002.jpg,test,0,No Finding,30358,2,49,M,AP,3056,2544,test,data/test-00009-of-00010.parquet,2047
00030359_000,00030359_000.jpg,test,0,No Finding,30359,0,47,F,PA,2021,2021,test,data/test-00009-of-00010.parquet,2049
00030363_000,00030363_000.jpg,test,0,No Finding,30363,0,28,F,PA,2021,2020,test,data/test-00009-of-00010.parquet,2053
00030364_000,00030364_000.jpg,test,0,No Finding,30364,0,41,F,PA,2021,2021,test,data/test-00009-of-00010.parquet,2054
00030368_000,00030368_000.jpg,test,0,No Finding,30368,0,46,F,PA,1790,2021,test,data/test-00009-of-00010.parquet,2057
00030375_000,00030375_000.jpg,test,0,No Finding,30375,0,64,M,AP,3056,2544,test,data/test-00009-of-00010.parquet,2061
00030383_000,00030383_000.jpg,test,0,No Finding,30383,0,53,M,AP,3056,2544,test,data/test-00009-of-00010.parquet,2072
00030383_001,00030383_001.jpg,test,0,No Finding,30383,1,53,M,AP,3056,2544,test,data/test-00009-of-00010.parquet,2073
00030385_000,00030385_000.jpg,test,0,No Finding,30385,0,32,F,PA,2021,2021,test,data/test-00009-of-00010.parquet,2076
00030386_000,00030386_000.jpg,test,0,No Finding,30386,0,39,F,PA,2021,2021,test,data/test-00009-of-00010.parquet,2077
00030387_000,00030387_000.jpg,test,0,No Finding,30387,0,23,M,PA,2020,2021,test,data/test-00009-of-00010.parquet,2078
00030387_001,00030387_001.jpg,test,0,No Finding,30387,1,23,M,AP,3056,2544,test,data/test-00009-of-00010.parquet,2079
00030388_001,00030388_001.jpg,lakehouse,0,No Finding,30388,1,60,F,PA,2021,2021,test,data/test-00009-of-00010.parquet,2081
00030389_005,00030389_005.jpg,test,1,Atelectasis|Effusion|Pneumothorax,30389,5,30,F,PA,2021,2021,test,data/test-00009-of-00010.parquet,2087
00030389_007,00030389_007.jpg,test,1,Pneumothorax,30389,7,30,F,PA,1946,2021,test,data/test-00009-of-00010.parquet,2089
00030421_000,00030421_000.jpg,lakehouse,0,No Finding,30421,0,60,M,PA,2021,2021,test,data/test-00009-of-00010.parquet,2147
00030472_000,00030472_000.jpg,lakehouse,0,No Finding,30472,0,37,F,PA,2021,2015,test,data/test-00009-of-00010.parquet,2202
00030512_000,00030512_000.jpg,lakehouse,0,No Finding,30512,0,45,F,PA,2544,3056,test,data/test-00009-of-00010.parquet,2232
00030557_000,00030557_000.jpg,lakehouse,0,No Finding,30557,0,39,F,PA,2021,2021,test,data/test-00009-of-00010.parquet,2276
00030557_001,00030557_001.jpg,lakehouse,0,No Finding,30557,1,39,F,PA,2021,2021,test,data/test-00009-of-00010.parquet,2277
00030574_000,00030574_000.jpg,test,0,No Finding,30574,0,40,F,PA,2021,2021,test,data/test-00009-of-00010.parquet,2307
00030575_000,00030575_000.jpg,test,0,No Finding,30575,0,26,M,PA,2021,2021,test,data/test-00009-of-00010.parquet,2308
00030576_000,00030576_000.jpg,test,0,No Finding,30576,0,47,F,PA,2021,2021,test,data/test-00009-of-00010.parquet,2309
00030581_000,00030581_000.jpg,test,0,No Finding,30581,0,54,F,PA,2021,2021,test,data/test-00009-of-00010.parquet,2314
00030584_000,00030584_000.jpg,test,0,No Finding,30584,0,36,M,PA,2021,2021,test,data/test-00009-of-00010.parquet,2315
00030585_000,00030585_000.jpg,test,0,No Finding,30585,0,23,F,PA,2021,2021,test,data/test-00009-of-00010.parquet,2316
00030588_000,00030588_000.jpg,test,0,No Finding,30588,0,29,F,PA,1770,1822,test,data/test-00009-of-00010.parquet,2317
00030589_000,00030589_000.jpg,lakehouse,0,No Finding,30589,0,25,M,PA,2021,2021,test,data/test-00009-of-00010.parquet,2318
00030593_000,00030593_000.jpg,test,0,No Finding,30593,0,45,M,PA,2021,2021,test,data/test-00009-of-00010.parquet,2321
00030595_000,00030595_000.jpg,test,0,No Finding,30595,0,53,F,PA,2020,2021,test,data/test-00009-of-00010.parquet,2322
00030602_000,00030602_000.jpg,test,0,No Finding,30602,0,29,M,PA,3056,2544,test,data/test-00009-of-00010.parquet,2326
00030606_001,00030606_001.jpg,lakehouse,1,Pneumothorax,30606,1,58,M,AP,3056,2544,test,data/test-00009-of-00010.parquet,2329
00030606_005,00030606_005.jpg,lakehouse,1,Pneumothorax,30606,5,58,M,PA,2021,2021,test,data/test-00009-of-00010.parquet,2333
00030606_006,00030606_006.jpg,lakehouse,1,Emphysema|Pneumothorax,30606,6,58,M,PA,2021,2021,test,data/test-00009-of-00010.parquet,2334
00030607_002,00030607_002.jpg,lakehouse,0,No Finding,30607,2,58,F,AP,3056,2544,test,data/test-00009-of-00010.parquet,2346
00030608_001,00030608_001.jpg,test,0,Cardiomegaly,30608,1,40,F,AP,3056,2544,test,data/test-00009-of-00010.parquet,2349
00030608_002,00030608_002.jpg,test,0,No Finding,30608,2,40,F,AP,3056,2544,test,data/test-00009-of-00010.parquet,2350
00030616_000,00030616_000.jpg,test,0,No Finding,30616,0,72,F,PA,2021,2021,test,data/test-00009-of-00010.parquet,2356
00030617_000,00030617_000.jpg,test,0,No Finding,30617,0,41,F,PA,2020,2021,test,data/test-00009-of-00010.parquet,2357
00030617_001,00030617_001.jpg,test,0,No Finding,30617,1,41,F,PA,1950,1980,test,data/test-00009-of-00010.parquet,2358
00030625_000,00030625_000.jpg,test,0,No Finding,30625,0,21,M,PA,2021,2021,test,data/test-00009-of-00010.parquet,2362
00030626_000,00030626_000.jpg,test,0,No Finding,30626,0,27,M,PA,2544,3056,test,data/test-00009-of-00010.parquet,2363
00030627_000,00030627_000.jpg,lakehouse,0,No Finding,30627,0,24,F,PA,2021,2021,test,data/test-00009-of-00010.parquet,2364
00030629_001,00030629_001.jpg,test,0,No Finding,30629,1,41,F,AP,3056,2544,test,data/test-00009-of-00010.parquet,2366
00030634_000,00030634_000.jpg,lakehouse,0,Effusion,30634,0,60,F,PA,2544,3056,test,data/test-00009-of-00010.parquet,2369
00030635_000,00030635_000.jpg,test,0,No Finding,30635,0,50,F,PA,2544,3056,test,data/test-00009-of-00010.parquet,2370
00030635_001,00030635_001.jpg,test,0,Atelectasis|Effusion,30635,1,50,F,PA,1798,1815,test,data/test-00009-of-00010.parquet,2371
00030636_005,00030636_005.jpg,test,1,Atelectasis|Consolidation|Mass|Pleural_Thickening|Pneumothorax,30636,5,45,M,AP,3056,2544,test,data/test-00009-of-00010.parquet,2386
00030636_010,00030636_010.jpg,test,1,Pneumothorax,30636,10,45,M,PA,2021,2021,test,data/test-00009-of-00010.parquet,2391
00030637_002,00030637_002.jpg,test,1,Emphysema|Pneumothorax,30637,2,48,M,PA,2021,2021,test,data/test-00009-of-00010.parquet,2409
00030637_003,00030637_003.jpg,test,1,Emphysema|Pneumothorax,30637,3,48,M,PA,2021,2021,test,data/test-00009-of-00010.parquet,2410
00030639_000,00030639_000.jpg,test,0,No Finding,30639,0,60,M,AP,3056,2544,test,data/test-00009-of-00010.parquet,2432
00030639_001,00030639_001.jpg,test,0,No Finding,30639,1,61,M,AP,3056,2544,test,data/test-00009-of-00010.parquet,2433
00030641_000,00030641_000.jpg,test,0,No Finding,30641,0,60,M,PA,2021,2015,test,data/test-00009-of-00010.parquet,2434
00030643_000,00030643_000.jpg,test,0,No Finding,30643,0,45,F,PA,2021,2021,test,data/test-00009-of-00010.parquet,2435
00030644_001,00030644_001.jpg,test,0,No Finding,30644,1,40,M,PA,3056,2544,test,data/test-00009-of-00010.parquet,2437
00030645_001,00030645_001.jpg,test,0,No Finding,30645,1,58,M,PA,2021,2021,test,data/test-00009-of-00010.parquet,2439
00030647_000,00030647_000.jpg,test,0,No Finding,30647,0,58,M,AP,3056,2544,test,data/test-00009-of-00010.parquet,2441
00030648_000,00030648_000.jpg,test,0,No Finding,30648,0,33,M,PA,1914,2021,test,data/test-00009-of-00010.parquet,2443
00030655_000,00030655_000.jpg,test,0,No Finding,30655,0,58,M,PA,2021,2021,test,data/test-00009-of-00010.parquet,2446
00030657_000,00030657_000.jpg,test,0,No Finding,30657,0,67,F,PA,2021,2021,test,data/test-00009-of-00010.parquet,2449
00030658_000,00030658_000.jpg,test,0,No Finding,30658,0,34,M,PA,2021,2020,test,data/test-00009-of-00010.parquet,2450
00030663_000,00030663_000.jpg,test,0,No Finding,30663,0,72,M,PA,2021,2021,test,data/test-00009-of-00010.parquet,2452
00030666_000,00030666_000.jpg,test,0,No Finding,30666,0,62,F,PA,1752,1773,test,data/test-00009-of-00010.parquet,2455
00030669_000,00030669_000.jpg,lakehouse,0,No Finding,30669,0,40,F,PA,2021,2021,test,data/test-00009-of-00010.parquet,2457
00030673_000,00030673_000.jpg,test,0,No Finding,30673,0,57,F,PA,2021,2015,test,data/test-00009-of-00010.parquet,2460
00030674_000,00030674_000.jpg,test,0,Atelectasis,30674,0,79,M,PA,2021,2020,test,data/test-00009-of-00010.parquet,2461
00030676_000,00030676_000.jpg,test,0,No Finding,30676,0,70,M,PA,2021,2021,test,data/test-00009-of-00010.parquet,2463
00030680_000,00030680_000.jpg,test,0,No Finding,30680,0,35,F,PA,2021,2021,test,data/test-00009-of-00010.parquet,2467
00030681_000,00030681_000.jpg,test,0,No Finding,30681,0,38,M,PA,2021,2021,test,data/test-00009-of-00010.parquet,2469
00030684_000,00030684_000.jpg,test,0,No Finding,30684,0,19,M,PA,2021,2021,test,data/test-00009-of-00010.parquet,2470
00030687_000,00030687_000.jpg,test,0,No Finding,30687,0,63,F,PA,2021,2021,test,data/test-00009-of-00010.parquet,2474
00030688_000,00030688_000.jpg,test,0,No Finding,30688,0,56,F,PA,1913,2020,test,data/test-00009-of-00010.parquet,2475
00030691_000,00030691_000.jpg,test,0,No Finding,30691,0,66,M,PA,2021,2021,test,data/test-00009-of-00010.parquet,2478
00030698_000,00030698_000.jpg,test,0,No Finding,30698,0,66,F,PA,2020,2021,test,data/test-00009-of-00010.parquet,2482
00030700_000,00030700_000.jpg,test,0,No Finding,30700,0,23,F,PA,1790,1875,test,data/test-00009-of-00010.parquet,2483
00030704_000,00030704_000.jpg,test,0,No Finding,30704,0,51,F,PA,2021,2021,test,data/test-00009-of-00010.parquet,2484
00030709_000,00030709_000.jpg,lakehouse,0,No Finding,30709,0,48,M,PA,2021,2020,test,data/test-00009-of-00010.parquet,2488
00030709_002,00030709_002.jpg,lakehouse,0,No Finding,30709,2,48,M,AP,3056,2544,test,data/test-00009-of-00010.parquet,2490
00030710_000,00030710_000.jpg,test,0,No Finding,30710,0,33,M,PA,2021,2021,test,data/test-00009-of-00010.parquet,2491
00030712_000,00030712_000.jpg,test,0,No Finding,30712,0,57,M,PA,2021,2021,test,data/test-00009-of-00010.parquet,2492
00030713_000,00030713_000.jpg,test,0,No Finding,30713,0,39,M,PA,2021,2021,test,data/test-00009-of-00010.parquet,2493
00030716_000,00030716_000.jpg,test,0,No Finding,30716,0,55,F,PA,1845,2021,test,data/test-00009-of-00010.parquet,2495
00030718_000,00030718_000.jpg,test,0,No Finding,30718,0,38,M,PA,2000,2020,test,data/test-00009-of-00010.parquet,2497
00030741_000,00030741_000.jpg,lakehouse,0,No Finding,30741,0,63,M,PA,2021,2006,test,data/test-00009-of-00010.parquet,2513
00030748_000,00030748_000.jpg,lakehouse,0,No Finding,30748,0,59,M,AP,3056,2544,test,data/test-00009-of-00010.parquet,2517
00030762_000,00030762_000.jpg,lakehouse,0,No Finding,30762,0,30,M,PA,2021,2021,test,data/test-00009-of-00010.parquet,2523
00000080_002,00000080_002.jpg,train,0,No Finding,80,2,66,F,PA,1835,2021,train,data/train-00000-of-00032.parquet,208
00000083_000,00000083_000.jpg,val,0,No Finding,83,0,55,F,PA,2048,2500,train,data/train-00000-of-00032.parquet,214
00000087_001,00000087_001.jpg,train,0,No Finding,87,1,71,F,PA,2992,2991,train,data/train-00000-of-00032.parquet,222
00000089_000,00000089_000.jpg,val,0,Infiltration,89,0,61,F,PA,2434,2484,train,data/train-00000-of-00032.parquet,224
00000090_000,00000090_000.jpg,val,0,No Finding,90,0,67,F,PA,2310,2991,train,data/train-00000-of-00032.parquet,225
00000090_001,00000090_001.jpg,val,0,No Finding,90,1,67,F,AP,2500,2048,train,data/train-00000-of-00032.parquet,226
00000090_009,00000090_009.jpg,val,1,Pneumothorax,90,9,67,F,PA,2992,2991,train,data/train-00000-of-00032.parquet,234
00000091_000,00000091_000.jpg,val,0,No Finding,91,0,69,M,PA,2834,2849,train,data/train-00000-of-00032.parquet,236
00000091_001,00000091_001.jpg,val,0,Nodule,91,1,69,M,AP,2500,2048,train,data/train-00000-of-00032.parquet,237
00000094_000,00000094_000.jpg,train,0,No Finding,94,0,63,M,PA,2992,2991,train,data/train-00000-of-00032.parquet,250
00000096_000,00000096_000.jpg,val,0,Cardiomegaly,96,0,67,F,PA,2646,2829,train,data/train-00000-of-00032.parquet,252
00000096_001,00000096_001.jpg,val,0,Atelectasis|Cardiomegaly|Fibrosis,96,1,67,F,AP,2500,2048,train,data/train-00000-of-00032.parquet,253
00000096_002,00000096_002.jpg,val,0,Effusion,96,2,67,F,PA,2992,2991,train,data/train-00000-of-00032.parquet,254
00000099_000,00000099_000.jpg,train,0,Atelectasis|Effusion,99,0,54,F,PA,2048,2500,train,data/train-00000-of-00032.parquet,263
00000100_000,00000100_000.jpg,val,0,Atelectasis|Effusion|Infiltration,100,0,60,M,PA,2500,2048,train,data/train-00000-of-00032.parquet,277
00000100_001,00000100_001.jpg,val,0,No Finding,100,1,64,M,PA,2992,2991,train,data/train-00000-of-00032.parquet,278
00000103_001,00000103_001.jpg,train,1,Mass|Pneumothorax,103,1,59,M,PA,2500,2048,train,data/train-00000-of-00032.parquet,282
00000103_002,00000103_002.jpg,train,1,Mass|Pneumothorax,103,2,59,M,PA,2500,2048,train,data/train-00000-of-00032.parquet,283
00000105_003,00000105_003.jpg,train,0,No Finding,105,2,52,M,PA,2500,2048,train,data/train-00000-of-00032.parquet,298
00000109_000,00000109_000.jpg,train,0,Atelectasis,109,0,54,M,AP,3056,2544,train,data/train-00000-of-00032.parquet,306
00000111_000,00000111_000.jpg,train,0,Hernia,111,0,86,F,PA,2048,2500,train,data/train-00000-of-00032.parquet,314
00000112_002,00000112_002.jpg,train,0,Consolidation,112,2,49,M,PA,2500,2048,train,data/train-00000-of-00032.parquet,317
00000118_002,00000118_002.jpg,train,1,Emphysema|Pneumothorax,118,2,73,M,PA,2992,2991,train,data/train-00000-of-00032.parquet,327
00000118_003,00000118_003.jpg,train,1,Atelectasis|Emphysema|Pneumothorax,118,3,73,M,PA,2992,2991,train,data/train-00000-of-00032.parquet,328
00000120_000,00000120_000.jpg,train,0,Atelectasis,120,0,81,F,PA,2894,2821,train,data/train-00000-of-00032.parquet,344
00000126_000,00000126_000.jpg,train,0,No Finding,126,0,49,M,PA,2500,2048,train,data/train-00000-of-00032.parquet,359
00000231_003,00000231_003.jpg,train,1,Pneumothorax,231,3,56,F,AP,3056,2544,train,data/train-00000-of-00032.parquet,611
00000231_011,00000231_011.jpg,train,1,Effusion|Pneumothorax,231,11,56,F,PA,2602,2829,train,data/train-00000-of-00032.parquet,619
00000238_001,00000238_001.jpg,train,0,No Finding,238,1,49,M,PA,2500,2048,train,data/train-00000-of-00032.parquet,630
00000239_001,00000239_001.jpg,train,0,No Finding,239,1,47,F,PA,2590,2769,train,data/train-00000-of-00032.parquet,633
00000242_002,00000242_002.jpg,train,0,No Finding,242,0,52,F,PA,2500,2048,train,data/train-00000-of-00032.parquet,643
00000242_004,00000242_004.jpg,train,0,No Finding,242,2,57,F,PA,2992,2991,train,data/train-00000-of-00032.parquet,645
00000243_001,00000243_001.jpg,train,0,Emphysema,243,1,69,M,PA,2500,2048,train,data/train-00000-of-00032.parquet,648
00000247_000,00000247_000.jpg,train,0,Pleural_Thickening,247,0,43,M,PA,2500,2048,train,data/train-00000-of-00032.parquet,655
00000250_002,00000250_002.jpg,train,0,No Finding,250,2,49,M,PA,2810,2805,train,data/train-00000-of-00032.parquet,687
00000254_000,00000254_000.jpg,train,0,Emphysema,254,0,64,M,PA,2500,2048,train,data/train-00000-of-00032.parquet,710
00000254_001,00000254_001.jpg,train,0,No Finding,254,1,65,M,AP,2500,2048,train,data/train-00000-of-00032.parquet,711
00000275_003,00000275_003.jpg,train,1,Pneumothorax,275,4,60,F,AP,3056,2544,train,data/train-00000-of-00032.parquet,778
00000280_002,00000280_002.jpg,train,0,Fibrosis,280,2,45,M,PA,2992,2991,train,data/train-00000-of-00032.parquet,798
00000283_000,00000283_000.jpg,train,0,No Finding,283,0,65,M,PA,2021,2021,train,data/train-00000-of-00032.parquet,805
00000285_005,00000285_005.jpg,train,1,Pneumothorax,285,5,49,M,PA,2778,2991,train,data/train-00000-of-00032.parquet,811
00000285_006,00000285_006.jpg,train,1,Pneumothorax,285,6,49,M,PA,3056,2544,train,data/train-00000-of-00032.parquet,812
00000290_000,00000290_000.jpg,train,0,No Finding,290,0,63,F,PA,2048,2500,train,data/train-00000-of-00032.parquet,830
00000296_003,00000296_003.jpg,train,0,No Finding,296,0,51,M,PA,2048,2500,train,data/train-00000-of-00032.parquet,843
00000300_000,00000300_000.jpg,train,0,No Finding,300,0,62,F,PA,2992,2991,train,data/train-00000-of-00032.parquet,847
00000314_000,00000314_000.jpg,train,0,Atelectasis,314,0,63,M,PA,2500,2048,train,data/train-00000-of-00032.parquet,872
00000315_003,00000315_003.jpg,train,0,Nodule|Pleural_Thickening,315,1,71,M,PA,2992,2991,train,data/train-00000-of-00032.parquet,876
00000317_000,00000317_000.jpg,train,0,No Finding,317,0,22,F,PA,2048,2500,train,data/train-00000-of-00032.parquet,881
00000318_005,00000318_005.jpg,train,0,No Finding,318,1,55,F,PA,2048,2500,train,data/train-00000-of-00032.parquet,891
00000362_000,00000362_000.jpg,train,0,No Finding,362,0,63,M,PA,2992,2991,train,data/train-00000-of-00032.parquet,1002
00000366_001,00000366_001.jpg,train,0,No Finding,366,1,77,F,PA,2048,2500,train,data/train-00000-of-00032.parquet,1015
00000368_003,00000368_003.jpg,train,1,Pneumothorax,368,11,36,M,AP,3056,2544,train,data/train-00000-of-00032.parquet,1020
00000376_005,00000376_005.jpg,train,1,Emphysema|Pneumothorax,376,5,48,M,AP,2500,2048,train,data/train-00000-of-00032.parquet,1057
00000378_000,00000378_000.jpg,train,0,No Finding,378,0,60,M,PA,2048,2500,train,data/train-00000-of-00032.parquet,1067
00000381_000,00000381_000.jpg,train,0,Emphysema|Infiltration,381,0,50,M,AP,2500,2048,train,data/train-00000-of-00032.parquet,1071
00000381_001,00000381_001.jpg,train,0,Emphysema,381,1,50,M,AP,2500,2048,train,data/train-00000-of-00032.parquet,1072
00000383_001,00000383_001.jpg,train,0,Nodule,383,1,66,F,PA,2048,2500,train,data/train-00000-of-00032.parquet,1080
00000389_000,00000389_000.jpg,train,0,No Finding,389,0,65,M,PA,2992,2991,train,data/train-00000-of-00032.parquet,1094
00000395_000,00000395_000.jpg,val,0,No Finding,395,0,73,M,PA,2500,2048,train,data/train-00000-of-00032.parquet,1110
00000399_000,00000399_000.jpg,val,0,Nodule,399,0,34,F,PA,2048,2500,train,data/train-00000-of-00032.parquet,1113
00000404_000,00000404_000.jpg,val,0,Atelectasis|Consolidation|Effusion|Mass|Pleural_Thickening,404,0,72,M,AP,3056,2544,train,data/train-00000-of-00032.parquet,1130
00000404_002,00000404_002.jpg,val,1,Pneumothorax,404,2,73,M,PA,2021,2021,train,data/train-00000-of-00032.parquet,1132
00000407_001,00000407_001.jpg,val,0,Fibrosis,407,1,70,F,PA,2048,2500,train,data/train-00000-of-00032.parquet,1137
00000413_000,00000413_000.jpg,val,0,No Finding,413,0,42,M,PA,2500,2048,train,data/train-00000-of-00032.parquet,1149
00000417_000,00000417_000.jpg,val,0,No Finding,417,0,37,M,AP,2500,2048,train,data/train-00000-of-00032.parquet,1163
00000417_005,00000417_005.jpg,val,1,Pneumothorax,417,5,38,M,AP,2500,2048,train,data/train-00000-of-00032.parquet,1168
00000428_000,00000428_000.jpg,val,0,No Finding,428,0,57,M,PA,2048,2500,train,data/train-00000-of-00032.parquet,1196
00000460_000,00000460_000.jpg,train,0,Infiltration,460,0,40,M,PA,2758,2991,train,data/train-00000-of-00032.parquet,1324
00000465_001,00000465_001.jpg,train,0,No Finding,465,1,63,F,PA,2048,2500,train,data/train-00000-of-00032.parquet,1330
00000466_000,00000466_000.jpg,train,0,No Finding,466,0,70,F,PA,2048,2500,train,data/train-00000-of-00032.parquet,1331
00000481_000,00000481_000.jpg,train,0,No Finding,481,0,55,M,PA,2500,2048,train,data/train-00000-of-00032.parquet,1352
00000489_000,00000489_000.jpg,train,0,Infiltration,489,0,41,M,PA,2500,2048,train,data/train-00000-of-00032.parquet,1369
00000489_001,00000489_001.jpg,train,0,Infiltration,489,1,41,M,AP,2500,2048,train,data/train-00000-of-00032.parquet,1370
00000491_006,00000491_006.jpg,train,1,Consolidation|Pneumothorax,491,13,37,M,PA,2021,2021,train,data/train-00000-of-00032.parquet,1391
00000491_007,00000491_007.jpg,train,1,Consolidation|Edema|Effusion|Pneumothorax,491,15,37,M,PA,2021,2021,train,data/train-00000-of-00032.parquet,1392
00000493_000,00000493_000.jpg,train,1,Pneumothorax,493,0,35,F,AP,2500,2048,train,data/train-00000-of-00032.parquet,1413
00000497_000,00000497_000.jpg,train,0,No Finding,497,0,21,M,PA,2048,2500,train,data/train-00000-of-00032.parquet,1424
00000498_000,00000498_000.jpg,train,0,No Finding,498,2,67,M,PA,2992,2991,train,data/train-00000-of-00032.parquet,1425
00000501_000,00000501_000.jpg,train,0,Infiltration,501,0,38,M,PA,2992,2991,train,data/train-00000-of-00032.parquet,1452
00000509_001,00000509_001.jpg,train,0,No Finding,509,1,75,F,PA,2534,2615,train,data/train-00000-of-00032.parquet,1479
00000510_000,00000510_000.jpg,train,0,No Finding,510,0,31,F,PA,2048,2500,train,data/train-00000-of-00032.parquet,1480
00000514_001,00000514_001.jpg,train,0,No Finding,514,1,51,F,AP,2500,2048,train,data/train-00000-of-00032.parquet,1489
00000515_000,00000515_000.jpg,train,0,Atelectasis|Fibrosis,515,0,73,M,PA,2992,2877,train,data/train-00000-of-00032.parquet,1495
00000522_001,00000522_001.jpg,train,0,No Finding,522,1,18,M,AP,2500,2048,train,data/train-00000-of-00032.parquet,1509
00000525_000,00000525_000.jpg,train,0,No Finding,525,0,37,M,PA,2526,2801,train,data/train-00000-of-00032.parquet,1519
00000527_000,00000527_000.jpg,train,0,No Finding,527,0,55,M,PA,2500,2048,train,data/train-00000-of-00032.parquet,1522
00000531_003,00000531_003.jpg,train,0,No Finding,531,1,47,M,PA,2500,2048,train,data/train-00000-of-00032.parquet,1531
00000532_000,00000532_000.jpg,train,0,No Finding,532,0,61,F,PA,2992,2991,train,data/train-00000-of-00032.parquet,1535
00000538_001,00000538_001.jpg,train,0,No Finding,538,1,73,F,PA,2598,2541,train,data/train-00000-of-00032.parquet,1542
00000547_002,00000547_002.jpg,train,0,No Finding,547,1,48,F,PA,2048,2500,train,data/train-00000-of-00032.parquet,1574
00000547_006,00000547_006.jpg,train,1,Pneumothorax,547,5,53,F,PA,2886,2991,train,data/train-00000-of-00032.parquet,1578
00000551_000,00000551_000.jpg,train,0,No Finding,551,0,69,F,PA,2590,2991,train,data/train-00000-of-00032.parquet,1592
00000556_000,00000556_000.jpg,train,0,Nodule,556,0,63,F,PA,2048,2500,train,data/train-00000-of-00032.parquet,1601
00000558_000,00000558_000.jpg,train,0,No Finding,558,0,49,F,PA,2494,2991,train,data/train-00000-of-00032.parquet,1606
00000568_000,00000568_000.jpg,train,0,No Finding,568,0,35,M,AP,2500,2048,train,data/train-00000-of-00032.parquet,1626
00000569_001,00000569_001.jpg,train,0,No Finding,569,0,66,F,PA,2992,2991,train,data/train-00000-of-00032.parquet,1628
00000573_008,00000573_008.jpg,train,0,Fibrosis|Infiltration|Pneumonia,573,0,44,M,PA,2048,2500,train,data/train-00000-of-00032.parquet,1653
00000574_000,00000574_000.jpg,train,1,Consolidation|Mass|Nodule|Pneumothorax,574,0,63,F,PA,2500,2048,train,data/train-00000-of-00032.parquet,1658
00000576_000,00000576_000.jpg,train,0,No Finding,576,0,42,M,PA,2048,2500,train,data/train-00000-of-00032.parquet,1660
00000628_001,00000628_001.jpg,train,0,No Finding,628,2,31,F,AP,3056,2544,train,data/train-00000-of-00032.parquet,1836
00000631_003,00000631_003.jpg,train,1,Emphysema|Pneumothorax,631,3,25,M,PA,2992,2991,train,data/train-00000-of-00032.parquet,1843
00000631_004,00000631_004.jpg,train,1,Pneumothorax,631,4,25,M,PA,2992,2991,train,data/train-00000-of-00032.parquet,1844
00000637_000,00000637_000.jpg,train,0,No Finding,637,0,55,F,PA,2522,2991,train,data/train-00000-of-00032.parquet,1877
00000640_001,00000640_001.jpg,train,0,Nodule,640,1,62,M,AP,2500,2048,train,data/train-00000-of-00032.parquet,1881
00000722_000,00000722_000.jpg,train,0,No Finding,722,0,29,M,PA,2992,2821,train,data/train-00000-of-00032.parquet,2105
00000731_003,00000731_003.jpg,train,0,Fibrosis|Nodule,731,0,41,M,PA,2500,2048,train,data/train-00000-of-00032.parquet,2131
00000741_002,00000741_002.jpg,train,0,No Finding,741,0,49,F,PA,2500,2048,train,data/train-00000-of-00032.parquet,2146
00000741_003,00000741_003.jpg,train,0,No Finding,741,1,53,F,PA,2682,2489,train,data/train-00000-of-00032.parquet,2147
00000745_002,00000745_002.jpg,train,0,No Finding,745,2,79,M,PA,2500,2048,train,data/train-00000-of-00032.parquet,2164
00000758_002,00000758_002.jpg,train,1,Pneumothorax,758,2,42,F,PA,2048,2500,train,data/train-00000-of-00032.parquet,2189
00000759_000,00000759_000.jpg,train,0,No Finding,759,0,63,M,PA,2021,2021,train,data/train-00000-of-00032.parquet,2191
00000788_001,00000788_001.jpg,train,0,No Finding,788,0,23,F,AP,2500,2048,train,data/train-00000-of-00032.parquet,2304
00000789_000,00000789_000.jpg,train,0,No Finding,789,0,46,F,PA,2048,2500,train,data/train-00000-of-00032.parquet,2305
00000790_000,00000790_000.jpg,train,0,Cardiomegaly|Effusion,790,0,33,F,PA,2048,2500,train,data/train-00000-of-00032.parquet,2306
00000794_001,00000794_001.jpg,train,0,No Finding,794,1,42,F,PA,2454,2577,train,data/train-00000-of-00032.parquet,2314
00000796_004,00000796_004.jpg,train,0,No Finding,796,1,63,F,PA,2048,2500,train,data/train-00000-of-00032.parquet,2320
00000797_002,00000797_002.jpg,train,0,No Finding,797,2,46,F,AP,3056,2544,train,data/train-00000-of-00032.parquet,2328
00000798_001,00000798_001.jpg,train,1,Cardiomegaly|Infiltration|Pneumothorax,798,1,60,F,PA,2048,2500,train,data/train-00000-of-00032.parquet,2333
00000804_000,00000804_000.jpg,train,0,No Finding,804,0,43,M,PA,2500,2048,train,data/train-00000-of-00032.parquet,2379
00000806_000,00000806_000.jpg,train,0,No Finding,806,0,41,M,AP,2500,2048,train,data/train-00000-of-00032.parquet,2384
00000809_003,00000809_003.jpg,train,0,No Finding,809,2,46,M,PA,2910,2991,train,data/train-00000-of-00032.parquet,2389
00000811_000,00000811_000.jpg,train,0,No Finding,811,0,52,M,PA,2500,2048,train,data/train-00000-of-00032.parquet,2392
00000815_000,00000815_000.jpg,train,0,No Finding,815,0,18,F,PA,2582,2273,train,data/train-00000-of-00032.parquet,2405
00000815_002,00000815_002.jpg,train,0,No Finding,815,2,21,F,PA,2726,2677,train,data/train-00000-of-00032.parquet,2407
00000818_000,00000818_000.jpg,train,0,No Finding,818,0,34,F,PA,2048,2500,train,data/train-00000-of-00032.parquet,2412
00000820_001,00000820_001.jpg,train,0,Consolidation|Infiltration|Nodule,820,1,41,M,AP,2500,2048,train,data/train-00000-of-00032.parquet,2415
00000824_001,00000824_001.jpg,train,0,No Finding,824,1,36,M,PA,2500,2048,train,data/train-00000-of-00032.parquet,2456
00000827_018,00000827_018.jpg,train,1,Effusion|Pneumothorax,827,18,31,M,PA,2454,2991,train,data/train-00000-of-00032.parquet,2481
00000914_000,00000914_000.jpg,train,0,No Finding,914,0,64,M,PA,2500,2048,train,data/train-00001-of-00032.parquet,4
00000919_000,00000919_000.jpg,train,0,No Finding,919,0,18,M,PA,2500,2048,train,data/train-00001-of-00032.parquet,20
00000920_000,00000920_000.jpg,train,1,Atelectasis|Consolidation|Pneumothorax,920,0,44,M,AP,3056,2544,train,data/train-00001-of-00032.parquet,21
00000937_007,00000937_007.jpg,train,0,Infiltration,937,2,25,F,AP,3056,2544,train,data/train-00001-of-00032.parquet,59
00000944_000,00000944_000.jpg,train,0,No Finding,944,0,66,F,PA,2992,2991,train,data/train-00001-of-00032.parquet,74
00000944_001,00000944_001.jpg,train,0,No Finding,944,1,67,F,AP,3056,2544,train,data/train-00001-of-00032.parquet,75
00000945_000,00000945_000.jpg,train,0,Fibrosis,945,0,79,M,PA,2500,2048,train,data/train-00001-of-00032.parquet,76
00000952_000,00000952_000.jpg,train,0,No Finding,952,0,50,F,PA,2500,2048,train,data/train-00001-of-00032.parquet,95
00001062_000,00001062_000.jpg,val,0,No Finding,1062,0,37,M,PA,2500,2048,train,data/train-00001-of-00032.parquet,411
00001068_003,00001068_003.jpg,val,0,No Finding,1068,0,45,F,PA,2742,2991,train,data/train-00001-of-00032.parquet,421
00001068_004,00001068_004.jpg,val,0,Infiltration,1068,1,47,F,PA,2992,2991,train,data/train-00001-of-00032.parquet,422
00001071_000,00001071_000.jpg,val,0,No Finding,1071,0,64,F,PA,2986,2991,train,data/train-00001-of-00032.parquet,427
00001073_000,00001073_000.jpg,val,0,No Finding,1073,0,35,M,AP,2500,2048,train,data/train-00001-of-00032.parquet,432
00001077_000,00001077_000.jpg,val,0,No Finding,1077,0,77,F,PA,2048,2500,train,data/train-00001-of-00032.parquet,438
00001077_001,00001077_001.jpg,val,0,No Finding,1077,1,78,F,PA,2048,2500,train,data/train-00001-of-00032.parquet,439
00001077_002,00001077_002.jpg,val,0,No Finding,1077,2,84,F,PA,2048,2500,train,data/train-00001-of-00032.parquet,440
00001080_000,00001080_000.jpg,val,0,Infiltration,1080,0,50,M,PA,2992,2991,train,data/train-00001-of-00032.parquet,445
00001083_000,00001083_000.jpg,val,0,No Finding,1083,0,56,M,PA,2982,2991,train,data/train-00001-of-00032.parquet,457
00001088_001,00001088_001.jpg,val,0,No Finding,1088,0,37,M,PA,2500,2048,train,data/train-00001-of-00032.parquet,466
00001088_002,00001088_002.jpg,val,0,No Finding,1088,1,39,M,PA,2500,2048,train,data/train-00001-of-00032.parquet,467
00001088_005,00001088_005.jpg,val,1,Atelectasis|Pneumothorax,1088,4,44,M,PA,2992,2991,train,data/train-00001-of-00032.parquet,470
00001157_000,00001157_000.jpg,train,0,No Finding,1157,0,45,F,PA,2500,2048,train,data/train-00001-of-00032.parquet,705
00001157_002,00001157_002.jpg,train,0,Emphysema,1157,2,45,F,AP,2500,2048,train,data/train-00001-of-00032.parquet,707
00001158_002,00001158_002.jpg,train,0,Atelectasis|Mass,1158,2,67,M,PA,2500,2048,train,data/train-00001-of-00032.parquet,713
00001165_000,00001165_000.jpg,train,0,No Finding,1165,0,32,M,PA,2500,2048,train,data/train-00001-of-00032.parquet,724
00001174_000,00001174_000.jpg,train,0,No Finding,1174,0,50,M,PA,2474,2837,train,data/train-00001-of-00032.parquet,735
00001184_000,00001184_000.jpg,train,0,No Finding,1184,0,59,F,PA,2674,2729,train,data/train-00001-of-00032.parquet,758
00001194_000,00001194_000.jpg,train,1,Pneumothorax,1194,0,38,M,AP,2500,2048,train,data/train-00001-of-00032.parquet,778
00001194_005,00001194_005.jpg,train,1,Pneumothorax,1194,5,41,M,PA,2462,2677,train,data/train-00001-of-00032.parquet,783
00001199_000,00001199_000.jpg,train,0,No Finding,1199,0,49,M,PA,2500,2048,train,data/train-00001-of-00032.parquet,789
00001200_000,00001200_000.jpg,train,0,Atelectasis|Pneumonia,1200,0,21,M,AP,2500,2048,train,data/train-00001-of-00032.parquet,798
00001200_001,00001200_001.jpg,train,0,No Finding,1200,1,21,M,AP,2500,2048,train,data/train-00001-of-00032.parquet,799
00001202_002,00001202_002.jpg,train,1,Effusion|Pneumothorax,1202,2,48,F,PA,2048,2500,train,data/train-00001-of-00032.parquet,825
00001202_004,00001202_004.jpg,train,1,Pneumothorax,1202,4,50,F,PA,2986,2991,train,data/train-00001-of-00032.parquet,827
00001207_000,00001207_000.jpg,train,0,No Finding,1207,0,41,F,PA,2252,2353,train,data/train-00001-of-00032.parquet,868
00001215_000,00001215_000.jpg,train,0,No Finding,1215,0,35,M,PA,2048,2500,train,data/train-00001-of-00032.parquet,893
00001215_001,00001215_001.jpg,train,0,No Finding,1215,1,42,M,PA,2638,2991,train,data/train-00001-of-00032.parquet,894
00001219_000,00001219_000.jpg,train,0,Infiltration,1219,0,55,F,PA,2476,3052,train,data/train-00001-of-00032.parquet,899
00001301_042,00001301_042.jpg,train,1,Atelectasis|Cardiomegaly|Edema|Effusion|Infiltration|Pneumothorax,1301,42,57,F,AP,2500,2048,train,data/train-00001-of-00032.parquet,1223
00001304_002,00001304_002.jpg,train,0,No Finding,1304,2,44,M,PA,2500,2048,train,data/train-00001-of-00032.parquet,1238
00001312_000,00001312_000.jpg,train,0,No Finding,1312,0,58,M,PA,2500,2048,train,data/train-00001-of-00032.parquet,1259
00001314_001,00001314_001.jpg,train,0,No Finding,1314,1,34,M,PA,2500,2048,train,data/train-00001-of-00032.parquet,1262
00001315_001,00001315_001.jpg,train,0,Consolidation|Infiltration,1315,1,42,M,AP,2500,2048,train,data/train-00001-of-00032.parquet,1264
00001316_000,00001316_000.jpg,train,0,Fibrosis,1316,0,82,F,PA,2048,2500,train,data/train-00001-of-00032.parquet,1270
00001326_003,00001326_003.jpg,train,0,Fibrosis,1326,2,62,F,PA,2992,2991,train,data/train-00001-of-00032.parquet,1302
00001327_002,00001327_002.jpg,train,0,No Finding,1327,0,57,F,PA,2992,2991,train,data/train-00001-of-00032.parquet,1308
00001327_003,00001327_003.jpg,train,0,No Finding,1327,1,60,F,PA,2666,2677,train,data/train-00001-of-00032.parquet,1309
00001329_000,00001329_000.jpg,train,0,No Finding,1329,0,33,F,PA,2318,2489,train,data/train-00001-of-00032.parquet,1313
00001331_000,00001331_000.jpg,val,1,Atelectasis|Pneumothorax,1331,0,81,M,PA,2992,2991,train,data/train-00001-of-00032.parquet,1314
00001333_001,00001333_001.jpg,train,0,No Finding,1333,1,55,M,PA,2992,2991,train,data/train-00001-of-00032.parquet,1316
00001335_002,00001335_002.jpg,train,0,No Finding,1335,2,18,F,PA,2048,2500,train,data/train-00001-of-00032.parquet,1323
00001335_004,00001335_004.jpg,train,0,No Finding,1335,4,19,F,PA,2992,2991,train,data/train-00001-of-00032.parquet,1325
00001349_000,00001349_000.jpg,val,0,Mass,1349,0,55,M,PA,2500,2048,train,data/train-00001-of-00032.parquet,1347
00001352_000,00001352_000.jpg,val,0,No Finding,1352,0,47,F,PA,2698,2529,train,data/train-00001-of-00032.parquet,1350
00001353_000,00001353_000.jpg,train,0,No Finding,1353,0,35,F,PA,2048,2500,train,data/train-00001-of-00032.parquet,1351
00001355_008,00001355_008.jpg,train,0,No Finding,1355,1,37,F,PA,2992,2991,train,data/train-00001-of-00032.parquet,1361
00001360_000,00001360_000.jpg,val,0,Atelectasis,1360,0,53,M,PA,1699,2021,train,data/train-00001-of-00032.parquet,1371
00001364_004,00001364_004.jpg,train,1,Infiltration|Pneumothorax,1364,3,51,M,PA,2992,2991,train,data/train-00001-of-00032.parquet,1396
00001364_005,00001364_005.jpg,train,1,Pneumothorax,1364,4,51,M,PA,2500,2048,train,data/train-00001-of-00032.parquet,1397
00001395_007,00001395_007.jpg,train,0,No Finding,1395,0,62,M,AP,2500,2048,train,data/train-00001-of-00032.parquet,1505
00001397_000,00001397_000.jpg,train,0,No Finding,1397,0,52,M,AP,2500,2048,train,data/train-00001-of-00032.parquet,1514
00001397_008,00001397_008.jpg,train,1,Atelectasis|Pneumothorax,1397,8,59,M,PA,2992,2991,train,data/train-00001-of-00032.parquet,1522
00001398_000,00001398_000.jpg,val,0,No Finding,1398,0,48,F,PA,2048,2500,train,data/train-00001-of-00032.parquet,1528
00001398_002,00001398_002.jpg,val,0,No Finding,1398,2,51,F,PA,2048,2500,train,data/train-00001-of-00032.parquet,1530
00001403_001,00001403_001.jpg,train,0,Consolidation|Mass,1403,2,61,M,PA,2992,2991,train,data/train-00001-of-00032.parquet,1540
00001408_000,00001408_000.jpg,val,0,No Finding,1408,0,44,F,PA,2048,2500,train,data/train-00001-of-00032.parquet,1556
00001410_001,00001410_001.jpg,train,0,No Finding,1410,0,76,F,PA,2048,2500,train,data/train-00001-of-00032.parquet,1572
00001415_002,00001415_002.jpg,val,0,Infiltration,1415,2,67,F,PA,2170,2437,train,data/train-00001-of-00032.parquet,1583
00001416_000,00001416_000.jpg,val,0,No Finding,1416,0,69,M,PA,2500,2048,train,data/train-00001-of-00032.parquet,1585
00001416_002,00001416_002.jpg,val,1,Effusion|Pneumothorax,1416,2,69,M,PA,2500,2048,train,data/train-00001-of-00032.parquet,1587
00001417_000,00001417_000.jpg,train,0,No Finding,1417,0,59,M,PA,2992,2991,train,data/train-00001-of-00032.parquet,1589
00001419_000,00001419_000.jpg,val,0,No Finding,1419,0,37,M,PA,2500,2048,train,data/train-00001-of-00032.parquet,1591
00001428_000,00001428_000.jpg,train,0,Emphysema,1428,0,54,M,PA,2500,2048,train,data/train-00001-of-00032.parquet,1603
00001436_000,00001436_000.jpg,train,0,No Finding,1436,0,59,M,PA,2992,2991,train,data/train-00001-of-00032.parquet,1626
00001442_000,00001442_000.jpg,train,0,Nodule|Pleural_Thickening,1442,0,48,M,PA,2500,2048,train,data/train-00001-of-00032.parquet,1631
00001449_002,00001449_002.jpg,train,0,No Finding,1449,2,52,M,AP,2500,2048,train,data/train-00001-of-00032.parquet,1643
00001451_000,00001451_000.jpg,train,0,No Finding,1451,0,60,M,PA,2992,2991,train,data/train-00001-of-00032.parquet,1645
00001457_000,00001457_000.jpg,train,0,No Finding,1457,0,36,F,PA,2992,2991,train,data/train-00001-of-00032.parquet,1656
00001464_001,00001464_001.jpg,train,0,No Finding,1464,1,18,M,PA,2992,2991,train,data/train-00001-of-00032.parquet,1679
00001466_000,00001466_000.jpg,train,0,No Finding,1466,0,82,M,PA,2992,2991,train,data/train-00001-of-00032.parquet,1684
00001468_000,00001468_000.jpg,train,0,No Finding,1468,0,32,F,PA,2048,2500,train,data/train-00001-of-00032.parquet,1686
00001469_000,00001469_000.jpg,train,1,Pneumothorax,1469,0,61,M,PA,2834,2825,train,data/train-00001-of-00032.parquet,1687
00001471_001,00001471_001.jpg,train,0,No Finding,1471,1,40,M,PA,2500,2048,train,data/train-00001-of-00032.parquet,1698
00001477_000,00001477_000.jpg,train,0,Atelectasis,1477,0,58,M,PA,2992,2991,train,data/train-00001-of-00032.parquet,1715
00001483_003,00001483_003.jpg,train,1,Emphysema|Infiltration|Pneumothorax,1483,2,53,F,AP,2500,2048,train,data/train-00001-of-00032.parquet,1727
00001483_006,00001483_006.jpg,train,1,Pneumothorax,1483,6,53,F,PA,2992,2991,train,data/train-00001-of-00032.parquet,1730
00001484_002,00001484_002.jpg,train,1,Pneumothorax,1484,2,62,F,PA,2992,2991,train,data/train-00001-of-00032.parquet,1750
00001493_000,00001493_000.jpg,train,0,No Finding,1493,0,22,M,PA,2500,2048,train,data/train-00001-of-00032.parquet,1770
00001505_000,00001505_000.jpg,val,0,No Finding,1505,0,46,M,PA,2992,2991,train,data/train-00001-of-00032.parquet,1815
00001512_000,00001512_000.jpg,val,0,No Finding,1512,0,49,M,AP,2500,2048,train,data/train-00001-of-00032.parquet,1827
00001512_001,00001512_001.jpg,val,0,Emphysema|Infiltration|Mass,1512,1,49,M,PA,2500,2048,train,data/train-00001-of-00032.parquet,1828
00001512_002,00001512_002.jpg,val,0,Atelectasis,1512,2,49,M,PA,2500,2048,train,data/train-00001-of-00032.parquet,1829
00001526_006,00001526_006.jpg,val,0,No Finding,1526,6,19,M,PA,2992,2991,train,data/train-00001-of-00032.parquet,1852
00001526_007,00001526_007.jpg,val,0,Infiltration,1526,7,19,M,AP,2500,2048,train,data/train-00001-of-00032.parquet,1853
00001526_008,00001526_008.jpg,val,0,Consolidation|Effusion,1526,8,19,M,AP,2048,2500,train,data/train-00001-of-00032.parquet,1854
00001528_000,00001528_000.jpg,val,0,Edema|Infiltration,1528,0,51,F,AP,2500,2048,train,data/train-00001-of-00032.parquet,1856
00001528_004,00001528_004.jpg,val,1,Infiltration|Pneumothorax,1528,4,51,F,AP,2500,2048,train,data/train-00001-of-00032.parquet,1860
00001541_000,00001541_000.jpg,val,0,No Finding,1541,0,66,F,PA,2048,2500,train,data/train-00001-of-00032.parquet,1885
00001543_000,00001543_000.jpg,val,0,No Finding,1543,0,57,F,AP,2500,2048,train,data/train-00001-of-00032.parquet,1887
00001547_004,00001547_004.jpg,train,0,No Finding,1547,1,63,F,PA,2670,2965,train,data/train-00001-of-00032.parquet,1903
00001559_001,00001559_001.jpg,train,0,No Finding,1559,1,46,F,PA,2992,2991,train,data/train-00001-of-00032.parquet,1944
00001561_000,00001561_000.jpg,train,1,Emphysema|Pneumothorax,1561,0,23,F,PA,2048,2500,train,data/train-00001-of-00032.parquet,1947
00001561_001,00001561_001.jpg,train,1,Pneumothorax,1561,1,23,F,PA,2500,2048,train,data/train-00001-of-00032.parquet,1948
00001562_001,00001562_001.jpg,train,0,No Finding,1562,1,51,F,PA,2992,2991,train,data/train-00001-of-00032.parquet,1952
00001567_001,00001567_001.jpg,train,0,No Finding,1567,1,49,F,PA,2048,2500,train,data/train-00001-of-00032.parquet,1958
00001567_002,00001567_002.jpg,train,0,No Finding,1567,2,49,F,PA,2048,2500,train,data/train-00001-of-00032.parquet,1959
00001568_000,00001568_000.jpg,train,0,No Finding,1568,0,41,F,AP,2500,2048,train,data/train-00001-of-00032.parquet,1960
00001568_001,00001568_001.jpg,train,0,No Finding,1568,1,42,F,AP,2500,2048,train,data/train-00001-of-00032.parquet,1961
00001580_000,00001580_000.jpg,train,1,Edema|Emphysema|Mass|Pneumothorax,1580,0,39,M,PA,2500,2048,train,data/train-00001-of-00032.parquet,1988
00001580_001,00001580_001.jpg,train,1,Cardiomegaly|Effusion|Emphysema|Infiltration|Pneumothorax,1580,1,39,M,PA,2500,2048,train,data/train-00001-of-00032.parquet,1989
00001600_000,00001600_000.jpg,train,0,Atelectasis,1600,0,44,M,AP,2500,2048,train,data/train-00001-of-00032.parquet,2036
00001606_006,00001606_006.jpg,train,0,No Finding,1606,2,45,F,PA,2678,2991,train,data/train-00001-of-00032.parquet,2067
00001609_001,00001609_001.jpg,train,1,Atelectasis|Pneumothorax,1609,1,39,M,AP,2500,2048,train,data/train-00001-of-00032.parquet,2073
00001609_002,00001609_002.jpg,train,1,Effusion|Pneumothorax,1609,2,39,M,AP,2500,2048,train,data/train-00001-of-00032.parquet,2074
00001613_000,00001613_000.jpg,train,0,No Finding,1613,0,65,F,AP,2500,2048,train,data/train-00001-of-00032.parquet,2083
00001615_000,00001615_000.jpg,train,0,No Finding,1615,0,47,M,PA,3056,2484,train,data/train-00001-of-00032.parquet,2089
00001685_000,00001685_000.jpg,train,1,Edema|Nodule|Pneumothorax,1685,1,47,M,AP,3056,2544,train,data/train-00001-of-00032.parquet,2321
00001685_001,00001685_001.jpg,train,1,Nodule|Pneumothorax,1685,2,47,M,AP,3056,2544,train,data/train-00001-of-00032.parquet,2322
00001687_000,00001687_000.jpg,train,0,No Finding,1687,0,53,M,PA,2500,2048,train,data/train-00001-of-00032.parquet,2326
00001693_000,00001693_000.jpg,train,0,No Finding,1693,0,55,M,PA,3056,2544,train,data/train-00001-of-00032.parquet,2352
00001698_003,00001698_003.jpg,train,1,Pneumothorax,1698,1,27,M,AP,2500,2048,train,data/train-00001-of-00032.parquet,2380
00001698_010,00001698_010.jpg,train,1,Infiltration|Pneumothorax,1698,8,28,M,AP,3056,2544,train,data/train-00001-of-00032.parquet,2387
00001698_011,00001698_011.jpg,train,1,Mass|Pneumothorax,1698,9,28,M,AP,3056,2544,train,data/train-00001-of-00032.parquet,2388
00001706_000,00001706_000.jpg,train,0,No Finding,1706,0,51,M,PA,2048,2500,train,data/train-00001-of-00032.parquet,2422
00001706_001,00001706_001.jpg,train,0,Atelectasis|Pneumonia,1706,1,55,M,PA,2500,2048,train,data/train-00001-of-00032.parquet,2423
00001708_000,00001708_000.jpg,train,0,No Finding,1708,0,47,M,PA,2614,2725,train,data/train-00001-of-00032.parquet,2426
00001722_001,00001722_001.jpg,train,0,Nodule,1722,1,50,F,AP,2500,2048,train,data/train-00001-of-00032.parquet,2473
00001724_008,00001724_008.jpg,train,1,Consolidation|Pneumothorax,1724,4,34,F,PA,2982,2991,train,data/train-00001-of-00032.parquet,2495
00001724_010,00001724_010.jpg,train,1,Pneumothorax,1724,6,36,F,PA,2992,2991,train,data/train-00001-of-00032.parquet,2497
00001756_011,00001756_011.jpg,train,1,Pneumothorax,1756,9,50,F,PA,2048,2500,train,data/train-00001-of-00032.parquet,2602
00001757_001,00001757_001.jpg,train,0,No Finding,1757,1,52,M,PA,2992,2991,train,data/train-00001-of-00032.parquet,2609
00001772_009,00001772_009.jpg,train,1,Pneumothorax,1772,4,58,F,PA,2992,2991,train,data/train-00001-of-00032.parquet,2651
00001775_000,00001775_000.jpg,val,0,Atelectasis|Fibrosis,1775,0,46,F,PA,2048,2500,train,data/train-00001-of-00032.parquet,2656
00001775_001,00001775_001.jpg,val,0,Effusion,1775,1,48,F,PA,2506,2537,train,data/train-00001-of-00032.parquet,2657
00001775_005,00001775_005.jpg,val,1,Effusion|Pleural_Thickening|Pneumothorax,1775,5,52,F,PA,2430,2991,train,data/train-00001-of-00032.parquet,2661
00001781_001,00001781_001.jpg,train,0,Consolidation|Nodule,1781,1,42,F,PA,2048,2500,train,data/train-00001-of-00032.parquet,2667
00001784_000,00001784_000.jpg,val,0,Cardiomegaly,1784,0,50,M,PA,2048,2500,train,data/train-00001-of-00032.parquet,2672
00001784_001,00001784_001.jpg,val,0,No Finding,1784,1,51,M,PA,2500,2048,train,data/train-00001-of-00032.parquet,2673
00001785_000,00001785_000.jpg,val,0,No Finding,1785,0,50,F,PA,2500,2048,train,data/train-00001-of-00032.parquet,2674
00001788_001,00001788_001.jpg,train,0,Consolidation,1788,1,41,M,PA,2500,2048,train,data/train-00001-of-00032.parquet,2677
00001789_000,00001789_000.jpg,val,0,No Finding,1789,0,45,F,PA,2992,2991,train,data/train-00001-of-00032.parquet,2685
00001790_001,00001790_001.jpg,train,0,No Finding,1790,1,47,M,PA,2500,2048,train,data/train-00001-of-00032.parquet,2687
00001791_000,00001791_000.jpg,val,0,Infiltration,1791,0,59,F,PA,2544,3056,train,data/train-00001-of-00032.parquet,2688
00001792_002,00001792_002.jpg,train,0,Infiltration,1792,2,44,M,PA,2992,2991,train,data/train-00001-of-00032.parquet,2691
00001796_000,00001796_000.jpg,val,0,Atelectasis|Nodule|Pleural_Thickening,1796,0,60,F,PA,2048,2500,train,data/train-00001-of-00032.parquet,2696
00001796_001,00001796_001.jpg,val,0,Atelectasis,1796,1,60,F,PA,2500,2048,train,data/train-00001-of-00032.parquet,2697
00001796_002,00001796_002.jpg,val,0,Atelectasis,1796,2,61,F,PA,2500,2048,train,data/train-00001-of-00032.parquet,2698
00001800_000,00001800_000.jpg,train,0,No Finding,1800,0,59,F,PA,2500,2048,train,data/train-00002-of-00032.parquet,9
00001805_000,00001805_000.jpg,train,1,Pneumothorax,1805,0,37,M,PA,2048,2500,train,data/train-00002-of-00032.parquet,35
00001806_004,00001806_004.jpg,train,1,Pneumothorax,1806,4,61,F,PA,2714,2617,train,data/train-00002-of-00032.parquet,46
00001808_000,00001808_000.jpg,train,0,Mass,1808,1,18,M,PA,2544,3056,train,data/train-00002-of-00032.parquet,57
00001809_001,00001809_001.jpg,train,0,No Finding,1809,1,50,F,PA,2678,2709,train,data/train-00002-of-00032.parquet,60
00001809_002,00001809_002.jpg,train,0,No Finding,1809,2,50,F,PA,2762,2589,train,data/train-00002-of-00032.parquet,61
00001812_000,00001812_000.jpg,train,0,No Finding,1812,0,18,M,PA,2048,2500,train,data/train-00002-of-00032.parquet,67
00001814_001,00001814_001.jpg,train,0,Infiltration,1814,1,29,F,AP,2500,2048,train,data/train-00002-of-00032.parquet,71
00001833_000,00001833_000.jpg,val,0,No Finding,1833,0,59,F,PA,2048,2500,train,data/train-00002-of-00032.parquet,125
00001833_003,00001833_003.jpg,val,1,Pneumothorax,1833,3,62,F,AP,2500,2048,train,data/train-00002-of-00032.parquet,128
00001833_007,00001833_007.jpg,val,1,Pneumothorax,1833,6,62,F,PA,2500,2048,train,data/train-00002-of-00032.parquet,132
00001839_000,00001839_000.jpg,val,0,No Finding,1839,0,45,M,PA,2048,2500,train,data/train-00002-of-00032.parquet,146
00001839_002,00001839_002.jpg,val,0,No Finding,1839,2,54,M,PA,2992,2991,train,data/train-00002-of-00032.parquet,148
00001885_001,00001885_001.jpg,train,0,No Finding,1885,1,49,F,PA,2482,2991,train,data/train-00002-of-00032.parquet,310
00001890_002,00001890_002.jpg,train,0,Atelectasis|Consolidation,1890,2,43,M,PA,2500,2048,train,data/train-00002-of-00032.parquet,319
00001894_003,00001894_003.jpg,train,1,Pneumothorax,1894,3,38,F,PA,2990,2991,train,data/train-00002-of-00032.parquet,335
00001894_004,00001894_004.jpg,train,1,Pneumothorax,1894,4,38,F,PA,2992,2991,train,data/train-00002-of-00032.parquet,336
00001896_000,00001896_000.jpg,train,1,Pneumothorax,1896,2,66,F,PA,2992,2991,train,data/train-00002-of-00032.parquet,342
00001896_002,00001896_002.jpg,train,0,Fibrosis,1896,1,65,F,PA,2992,2991,train,data/train-00002-of-00032.parquet,344
00001901_004,00001901_004.jpg,train,0,No Finding,1901,2,51,F,PA,2670,2739,train,data/train-00002-of-00032.parquet,353
00001903_000,00001903_000.jpg,train,0,No Finding,1903,0,62,F,AP,2500,2048,train,data/train-00002-of-00032.parquet,358
00001910_000,00001910_000.jpg,train,0,No Finding,1910,0,58,F,PA,2606,2441,train,data/train-00002-of-00032.parquet,374
00001912_001,00001912_001.jpg,train,0,No Finding,1912,1,55,F,PA,2992,2991,train,data/train-00002-of-00032.parquet,392
00001968_000,00001968_000.jpg,val,1,Pneumothorax,1968,4,43,F,PA,2742,2991,train,data/train-00002-of-00032.parquet,601
00001968_003,00001968_003.jpg,val,0,No Finding,1968,0,34,F,AP,2500,2048,train,data/train-00002-of-00032.parquet,604
00001968_004,00001968_004.jpg,val,0,Nodule,1968,1,34,F,PA,2048,2500,train,data/train-00002-of-00032.parquet,605
00001972_001,00001972_001.jpg,train,1,Pneumothorax,1972,1,65,F,AP,2500,2048,train,data/train-00002-of-00032.parquet,620
00001974_002,00001974_002.jpg,val,1,Infiltration|Pneumothorax,1974,2,50,F,AP,2500,2048,train,data/train-00002-of-00032.parquet,624
00001974_004,00001974_004.jpg,val,1,Infiltration|Pneumothorax,1974,4,51,F,AP,2048,2500,train,data/train-00002-of-00032.parquet,626
00001975_000,00001975_000.jpg,train,0,No Finding,1975,0,51,M,PA,2500,2048,train,data/train-00002-of-00032.parquet,638
00001976_001,00001976_001.jpg,train,0,No Finding,1976,1,55,M,PA,2500,2048,train,data/train-00002-of-00032.parquet,640
00001977_000,00001977_000.jpg,train,0,No Finding,1977,0,66,M,PA,2500,2048,train,data/train-00002-of-00032.parquet,642
00001980_001,00001980_001.jpg,train,0,No Finding,1980,1,32,M,PA,2500,2048,train,data/train-00002-of-00032.parquet,653
00001982_000,00001982_000.jpg,train,0,Atelectasis,1982,0,67,F,PA,2992,2991,train,data/train-00002-of-00032.parquet,655
00001984_003,00001984_003.jpg,train,1,Pneumothorax,1984,14,66,M,PA,2992,2991,train,data/train-00002-of-00032.parquet,661
00001985_000,00001985_000.jpg,val,0,No Finding,1985,0,54,M,PA,2021,2021,train,data/train-00002-of-00032.parquet,674
00001987_001,00001987_001.jpg,train,0,No Finding,1987,0,31,F,PA,2992,2991,train,data/train-00002-of-00032.parquet,691
00001989_005,00001989_005.jpg,train,1,Atelectasis|Infiltration|Pneumothorax,1989,2,47,M,AP,2500,2048,train,data/train-00002-of-00032.parquet,698
00002014_002,00002014_002.jpg,train,0,Nodule,2014,2,31,F,PA,2048,2500,train,data/train-00002-of-00032.parquet,805
00002017_000,00002017_000.jpg,train,0,No Finding,2017,0,47,F,PA,2544,3056,train,data/train-00002-of-00032.parquet,821
00002023_001,00002023_001.jpg,train,0,No Finding,2023,1,45,M,PA,2500,2048,train,data/train-00002-of-00032.parquet,836
00002042_001,00002042_001.jpg,train,1,Pneumothorax,2042,1,41,F,PA,2992,2991,train,data/train-00002-of-00032.parquet,884
00002044_000,00002044_000.jpg,train,0,No Finding,2044,0,43,F,PA,2048,2500,train,data/train-00002-of-00032.parquet,891
00002052_002,00002052_002.jpg,train,0,Pneumonia,2052,2,66,M,PA,2500,2048,train,data/train-00002-of-00032.parquet,922
00002056_000,00002056_000.jpg,train,0,No Finding,2056,0,20,M,PA,2500,2048,train,data/train-00002-of-00032.parquet,935
00002058_005,00002058_005.jpg,train,1,Emphysema|Pneumothorax,2058,27,62,M,AP,3056,2544,train,data/train-00002-of-00032.parquet,943
00002058_006,00002058_006.jpg,train,1,Emphysema|Pneumothorax,2058,26,62,M,AP,3056,2544,train,data/train-00002-of-00032.parquet,944
00002065_001,00002065_001.jpg,train,0,No Finding,2065,1,48,M,PA,2500,2048,train,data/train-00002-of-00032.parquet,990
00002068_000,00002068_000.jpg,train,0,No Finding,2068,0,39,F,PA,2500,2048,train,data/train-00002-of-00032.parquet,992
00002080_001,00002080_001.jpg,val,0,No Finding,2080,0,60,F,PA,2500,2048,train,data/train-00002-of-00032.parquet,1039
00002080_002,00002080_002.jpg,val,0,No Finding,2080,1,62,F,PA,2586,2991,train,data/train-00002-of-00032.parquet,1040
00002081_000,00002081_000.jpg,val,0,Effusion,2081,0,46,F,PA,2048,2500,train,data/train-00002-of-00032.parquet,1044
00002081_001,00002081_001.jpg,val,0,Effusion,2081,1,46,F,PA,2048,2500,train,data/train-00002-of-00032.parquet,1045
00002090_003,00002090_003.jpg,val,1,Pneumothorax,2090,3,46,M,PA,2992,2991,train,data/train-00002-of-00032.parquet,1065
00002090_004,00002090_004.jpg,val,1,Pneumothorax,2090,4,46,M,AP,2500,2048,train,data/train-00002-of-00032.parquet,1066
00002104_000,00002104_000.jpg,val,0,Mass,2104,1,28,M,PA,2992,2991,train,data/train-00002-of-00032.parquet,1091
00002104_001,00002104_001.jpg,val,0,No Finding,2104,2,28,M,AP,3056,2544,train,data/train-00002-of-00032.parquet,1092
00002104_006,00002104_006.jpg,val,0,No Finding,2104,0,19,M,PA,2500,2048,train,data/train-00002-of-00032.parquet,1097
00002131_001,00002131_001.jpg,train,0,No Finding,2131,1,71,F,PA,2992,2991,train,data/train-00002-of-00032.parquet,1201
00002131_002,00002131_002.jpg,train,0,No Finding,2131,2,71,F,PA,2706,2761,train,data/train-00002-of-00032.parquet,1202
00002139_002,00002139_002.jpg,train,1,Atelectasis|Pneumothorax,2139,2,46,M,AP,2500,2048,train,data/train-00002-of-00032.parquet,1216
00002140_002,00002140_002.jpg,train,0,No Finding,2140,1,73,F,PA,2606,2601,train,data/train-00002-of-00032.parquet,1219
00002141_000,00002141_000.jpg,train,0,No Finding,2141,0,49,F,PA,2694,2897,train,data/train-00002-of-00032.parquet,1222
00002144_000,00002144_000.jpg,train,0,Nodule,2144,0,50,M,PA,2500,2048,train,data/train-00002-of-00032.parquet,1235
00002146_001,00002146_001.jpg,train,1,Pneumothorax,2146,5,40,F,PA,2992,2991,train,data/train-00002-of-00032.parquet,1238
00002146_002,00002146_002.jpg,train,1,Pneumothorax,2146,6,41,F,PA,1794,2022,train,data/train-00002-of-00032.parquet,1239
00002152_001,00002152_001.jpg,train,0,Effusion,2152,0,37,M,AP,2500,2048,train,data/train-00002-of-00032.parquet,1251
00002156_001,00002156_001.jpg,train,0,Atelectasis,2156,1,67,M,PA,2992,2991,train,data/train-00002-of-00032.parquet,1264
00002164_000,00002164_000.jpg,train,0,No Finding,2164,0,38,F,PA,2494,2991,train,data/train-00002-of-00032.parquet,1277
00002182_003,00002182_003.jpg,train,0,No Finding,2182,1,57,F,PA,2048,2500,train,data/train-00002-of-00032.parquet,1313
00002182_004,00002182_004.jpg,train,0,No Finding,2182,2,59,F,PA,2048,2500,train,data/train-00002-of-00032.parquet,1314
00002185_000,00002185_000.jpg,train,0,No Finding,2185,0,28,M,PA,2500,2048,train,data/train-00002-of-00032.parquet,1324
00002193_000,00002193_000.jpg,train,0,Atelectasis|Infiltration,2193,0,54,F,AP,2048,2500,train,data/train-00002-of-00032.parquet,1335
00002201_001,00002201_001.jpg,train,1,Pneumothorax,2201,1,47,M,AP,2500,2048,train,data/train-00002-of-00032.parquet,1355
00002202_000,00002202_000.jpg,train,0,No Finding,2202,0,42,F,PA,2048,2500,train,data/train-00002-of-00032.parquet,1363
00002212_006,00002212_006.jpg,train,1,Pneumothorax,2212,3,38,F,PA,2992,2991,train,data/train-00002-of-00032.parquet,1408
00002218_002,00002218_002.jpg,train,1,Effusion|Pleural_Thickening|Pneumothorax,2218,2,54,F,PA,2048,2500,train,data/train-00002-of-00032.parquet,1422
00002219_002,00002219_002.jpg,val,1,Pleural_Thickening|Pneumothorax,2219,9,47,F,PA,2526,2991,train,data/train-00002-of-00032.parquet,1427
00002219_005,00002219_005.jpg,val,0,No Finding,2219,0,36,F,PA,2048,2500,train,data/train-00002-of-00032.parquet,1430
00002226_000,00002226_000.jpg,train,0,Fibrosis,2226,0,42,F,PA,2500,2048,train,data/train-00002-of-00032.parquet,1450
00002227_000,00002227_000.jpg,train,0,No Finding,2227,0,50,M,PA,2048,2500,train,data/train-00002-of-00032.parquet,1451
00002229_002,00002229_002.jpg,train,0,Effusion,2229,2,81,M,PA,2990,2991,train,data/train-00002-of-00032.parquet,1460
00002233_000,00002233_000.jpg,train,0,No Finding,2233,0,61,F,PA,2500,2048,train,data/train-00002-of-00032.parquet,1466
00002237_000,00002237_000.jpg,val,0,No Finding,2237,0,32,M,PA,2500,2048,train,data/train-00002-of-00032.parquet,1470
00002237_001,00002237_001.jpg,val,0,No Finding,2237,1,32,M,PA,2500,2048,train,data/train-00002-of-00032.parquet,1471
00002239_005,00002239_005.jpg,train,1,Atelectasis|Emphysema|Infiltration|Pneumothorax,2239,5,43,M,PA,2500,2048,train,data/train-00002-of-00032.parquet,1487
00002239_006,00002239_006.jpg,train,1,Atelectasis|Pneumothorax,2239,6,43,M,PA,2500,2048,train,data/train-00002-of-00032.parquet,1488
00002239_007,00002239_007.jpg,train,1,Atelectasis|Effusion|Infiltration|Pleural_Thickening|Pneumothorax,2239,7,43,M,PA,2500,2048,train,data/train-00002-of-00032.parquet,1489
00002246_000,00002246_000.jpg,train,0,No Finding,2246,0,44,M,PA,2992,2991,train,data/train-00002-of-00032.parquet,1519
00002251_008,00002251_008.jpg,train,1,Consolidation|Pneumothorax,2251,6,72,F,PA,2992,2991,train,data/train-00002-of-00032.parquet,1544
00002251_009,00002251_009.jpg,train,1,Pneumothorax,2251,7,73,F,PA,2992,2991,train,data/train-00002-of-00032.parquet,1545
00002254_000,00002254_000.jpg,train,0,No Finding,2254,0,42,M,PA,2500,2048,train,data/train-00002-of-00032.parquet,1548
00002254_001,00002254_001.jpg,train,0,Atelectasis|Infiltration,2254,1,43,M,AP,2500,2048,train,data/train-00002-of-00032.parquet,1549
00002257_000,00002257_000.jpg,train,0,Infiltration,2257,0,64,M,PA,2021,2021,train,data/train-00002-of-00032.parquet,1572
00002261_000,00002261_000.jpg,train,0,No Finding,2261,0,55,F,PA,2048,2500,train,data/train-00002-of-00032.parquet,1575
00002264_001,00002264_001.jpg,train,0,No Finding,2264,0,51,M,PA,2500,2048,train,data/train-00002-of-00032.parquet,1595
00002270_002,00002270_002.jpg,train,0,No Finding,2270,2,64,M,PA,2734,2991,train,data/train-00002-of-00032.parquet,1609
00002274_004,00002274_004.jpg,train,1,Consolidation|Pneumothorax,2274,1,52,F,PA,2992,2991,train,data/train-00002-of-00032.parquet,1630
00002275_002,00002275_002.jpg,train,1,Emphysema|Pneumothorax,2275,2,62,M,AP,2500,2048,train,data/train-00002-of-00032.parquet,1634
00002275_003,00002275_003.jpg,train,1,Emphysema|Pneumothorax,2275,4,62,M,AP,2500,2048,train,data/train-00002-of-00032.parquet,1635
00002275_004,00002275_004.jpg,train,1,Emphysema|Pneumothorax,2275,3,62,M,AP,2500,2048,train,data/train-00002-of-00032.parquet,1636
00002283_000,00002283_000.jpg,train,0,No Finding,2283,0,45,M,PA,2500,2048,train,data/train-00002-of-00032.parquet,1671
00002289_000,00002289_000.jpg,train,0,Atelectasis,2289,0,41,M,AP,2500,2048,train,data/train-00002-of-00032.parquet,1695
00002294_000,00002294_000.jpg,train,0,Emphysema,2294,0,64,F,PA,2750,2991,train,data/train-00002-of-00032.parquet,1705
00002296_002,00002296_002.jpg,train,0,Mass|Nodule,2296,2,61,F,PA,2500,2048,train,data/train-00002-of-00032.parquet,1709
00002297_000,00002297_000.jpg,train,0,No Finding,2297,0,59,M,PA,2992,2991,train,data/train-00002-of-00032.parquet,1710
00002299_007,00002299_007.jpg,train,1,Infiltration|Pneumothorax,2299,3,47,F,PA,2992,2991,train,data/train-00002-of-00032.parquet,1719
00002311_000,00002311_000.jpg,train,0,No Finding,2311,0,55,F,PA,2048,2500,train,data/train-00002-of-00032.parquet,1735
00002312_000,00002312_000.jpg,train,0,No Finding,2312,2,52,M,AP,2500,2048,train,data/train-00002-of-00032.parquet,1738
00002323_001,00002323_001.jpg,train,1,Atelectasis|Emphysema|Infiltration|Pneumothorax,2323,1,66,M,AP,2500,2048,train,data/train-00002-of-00032.parquet,1764
00002328_001,00002328_001.jpg,train,0,No Finding,2328,1,33,M,PA,2914,2805,train,data/train-00002-of-00032.parquet,1772
00002329_001,00002329_001.jpg,train,0,No Finding,2329,1,56,F,PA,2048,2500,train,data/train-00002-of-00032.parquet,1774
00002330_004,00002330_004.jpg,train,0,No Finding,2330,2,22,M,AP,2500,2048,train,data/train-00002-of-00032.parquet,1779
00002339_002,00002339_002.jpg,train,0,No Finding,2339,2,55,F,PA,2992,2991,train,data/train-00002-of-00032.parquet,1819
00002342_001,00002342_001.jpg,train,0,No Finding,2342,1,61,M,PA,2992,2991,train,data/train-00002-of-00032.parquet,1834
00002344_002,00002344_002.jpg,train,0,No Finding,2344,2,20,F,AP,2500,2048,train,data/train-00002-of-00032.parquet,1842
00002345_001,00002345_001.jpg,train,0,No Finding,2345,1,56,F,PA,2992,2991,train,data/train-00002-of-00032.parquet,1853
00002351_002,00002351_002.jpg,train,0,No Finding,2351,1,47,F,PA,2048,2500,train,data/train-00002-of-00032.parquet,1874
00002355_002,00002355_002.jpg,train,1,Pneumothorax,2355,8,68,F,PA,2670,2991,train,data/train-00002-of-00032.parquet,1896
00002355_004,00002355_004.jpg,train,1,Pneumothorax,2355,1,60,F,PA,2992,2991,train,data/train-00002-of-00032.parquet,1898
00002355_006,00002355_006.jpg,train,1,Pneumothorax,2355,3,61,F,PA,2992,2991,train,data/train-00002-of-00032.parquet,1900
00002356_000,00002356_000.jpg,train,1,Pneumothorax,2356,10,71,F,PA,2674,2741,train,data/train-00002-of-00032.parquet,1903
00002356_009,00002356_009.jpg,train,1,Pneumothorax,2356,7,66,F,PA,2594,2991,train,data/train-00002-of-00032.parquet,1912
00002358_000,00002358_000.jpg,train,0,No Finding,2358,0,40,F,PA,2936,2832,train,data/train-00002-of-00032.parquet,1916
00002361_002,00002361_002.jpg,train,0,Mass,2361,2,54,F,PA,2678,2745,train,data/train-00002-of-00032.parquet,1950
00002362_000,00002362_000.jpg,train,0,No Finding,2362,0,43,M,PA,2992,2833,train,data/train-00002-of-00032.parquet,1964
00002365_000,00002365_000.jpg,train,0,No Finding,2365,0,60,M,PA,2500,2048,train,data/train-00002-of-00032.parquet,1969
00002366_000,00002366_000.jpg,train,0,No Finding,2366,0,24,M,PA,2992,2991,train,data/train-00002-of-00032.parquet,1974
00002366_002,00002366_002.jpg,train,0,Infiltration,2366,2,24,M,AP,2500,2048,train,data/train-00002-of-00032.parquet,1976
00002370_000,00002370_000.jpg,train,0,Infiltration,2370,0,56,F,PA,2992,2991,train,data/train-00002-of-00032.parquet,1982
00002371_003,00002371_003.jpg,train,0,Infiltration,2371,0,35,M,AP,2500,2048,train,data/train-00002-of-00032.parquet,1986
00002371_015,00002371_015.jpg,train,1,Pneumothorax,2371,12,39,M,AP,2048,2500,train,data/train-00002-of-00032.parquet,1998
00002371_016,00002371_016.jpg,train,1,Pneumothorax,2371,13,39,M,AP,2500,2048,train,data/train-00002-of-00032.parquet,1999
00002374_000,00002374_000.jpg,train,0,No Finding,2374,0,35,M,PA,2048,2500,train,data/train-00002-of-00032.parquet,2017
00002387_006,00002387_006.jpg,train,1,Consolidation|Pneumothorax,2387,3,47,F,PA,2402,2673,train,data/train-00002-of-00032.parquet,2077
00002390_001,00002390_001.jpg,train,0,No Finding,2390,1,53,M,PA,2048,2500,train,data/train-00002-of-00032.parquet,2083
00002398_000,00002398_000.jpg,train,0,Infiltration,2398,0,39,F,PA,2048,2500,train,data/train-00002-of-00032.parquet,2094
00002401_000,00002401_000.jpg,train,0,No Finding,2401,0,61,M,PA,2500,2048,train,data/train-00002-of-00032.parquet,2098
00002407_002,00002407_002.jpg,train,1,Infiltration|Pneumothorax,2407,2,60,F,PA,2048,2500,train,data/train-00002-of-00032.parquet,2119
00002411_012,00002411_012.jpg,train,1,Pneumothorax,2411,10,35,M,AP,2500,2048,train,data/train-00002-of-00032.parquet,2142
00002412_002,00002412_002.jpg,train,1,Emphysema|Pneumothorax,2412,2,62,M,PA,2992,2991,train,data/train-00002-of-00032.parquet,2151
00002412_009,00002412_009.jpg,train,1,Consolidation|Pneumothorax,2412,6,64,M,AP,3056,2544,train,data/train-00002-of-00032.parquet,2158
00002414_000,00002414_000.jpg,train,0,No Finding,2414,0,43,M,PA,2500,2048,train,data/train-00002-of-00032.parquet,2166
00002423_002,00002423_002.jpg,train,0,No Finding,2423,2,58,M,PA,2846,2917,train,data/train-00002-of-00032.parquet,2186
00002425_006,00002425_006.jpg,train,0,No Finding,2425,0,21,M,PA,2992,2991,train,data/train-00002-of-00032.parquet,2197
00002438_000,00002438_000.jpg,train,0,Fibrosis,2438,0,67,F,PA,2048,2500,train,data/train-00002-of-00032.parquet,2217
00002443_000,00002443_000.jpg,train,0,No Finding,2443,0,52,M,PA,2500,2048,train,data/train-00002-of-00032.parquet,2238
00002448_001,00002448_001.jpg,train,0,No Finding,2448,1,53,F,PA,2048,2500,train,data/train-00002-of-00032.parquet,2248
00002452_000,00002452_000.jpg,train,0,No Finding,2452,0,22,F,PA,2048,2500,train,data/train-00002-of-00032.parquet,2269
00002452_001,00002452_001.jpg,train,0,No Finding,2452,1,24,F,PA,2048,2500,train,data/train-00002-of-00032.parquet,2270
00002454_000,00002454_000.jpg,train,1,Pneumothorax,2454,0,52,F,PA,2762,2673,train,data/train-00002-of-00032.parquet,2272
00002454_001,00002454_001.jpg,train,0,No Finding,2454,1,53,F,PA,2992,2991,train,data/train-00002-of-00032.parquet,2273
00002456_000,00002456_000.jpg,train,1,Pneumothorax,2456,0,62,M,PA,2500,2048,train,data/train-00002-of-00032.parquet,2275
00002469_004,00002469_004.jpg,train,1,Effusion|Pneumothorax,2469,4,62,M,PA,2048,2500,train,data/train-00002-of-00032.parquet,2326
00002469_005,00002469_005.jpg,train,1,Pneumothorax,2469,5,62,M,PA,2500,2048,train,data/train-00002-of-00032.parquet,2327
00002470_000,00002470_000.jpg,train,0,No Finding,2470,0,41,M,AP,2500,2048,train,data/train-00002-of-00032.parquet,2330
00002471_001,00002471_001.jpg,train,1,Consolidation|Effusion|Pneumothorax,2471,0,46,M,PA,2992,2991,train,data/train-00002-of-00032.parquet,2334
00002474_000,00002474_000.jpg,train,0,No Finding,2474,0,35,M,PA,2048,2500,train,data/train-00002-of-00032.parquet,2338
00002478_001,00002478_001.jpg,train,0,No Finding,2478,0,56,F,PA,2048,2500,train,data/train-00002-of-00032.parquet,2351
00002480_001,00002480_001.jpg,train,0,No Finding,2480,1,50,M,PA,2048,2500,train,data/train-00002-of-00032.parquet,2361
00002482_002,00002482_002.jpg,train,0,No Finding,2482,2,54,F,PA,2048,2500,train,data/train-00002-of-00032.parquet,2369
00002491_001,00002491_001.jpg,train,0,No Finding,2491,1,53,M,PA,2500,2048,train,data/train-00002-of-00032.parquet,2389
00002492_002,00002492_002.jpg,train,1,Pneumothorax,2492,16,49,F,PA,2992,2991,train,data/train-00002-of-00032.parquet,2403
00002492_003,00002492_003.jpg,train,1,Pneumothorax,2492,17,49,F,PA,2992,2991,train,data/train-00002-of-00032.parquet,2404
00002492_016,00002492_016.jpg,train,1,Atelectasis|Effusion|Infiltration|Pneumothorax,2492,10,46,F,PA,2906,2991,train,data/train-00002-of-00032.parquet,2417
00002497_001,00002497_001.jpg,train,0,Cardiomegaly,2497,1,48,M,PA,2500,2048,train,data/train-00002-of-00032.parquet,2426
00002499_000,00002499_000.jpg,train,0,No Finding,2499,0,41,F,PA,2992,2989,train,data/train-00002-of-00032.parquet,2428
00002500_001,00002500_001.jpg,train,0,No Finding,2500,1,66,M,PA,2500,2048,train,data/train-00002-of-00032.parquet,2430
00002500_002,00002500_002.jpg,train,0,Infiltration,2500,2,67,M,PA,2500,2048,train,data/train-00002-of-00032.parquet,2431
00002505_002,00002505_002.jpg,train,0,No Finding,2505,2,28,M,AP,2500,2048,train,data/train-00002-of-00032.parquet,2449
00002506_000,00002506_000.jpg,train,0,Cardiomegaly,2506,0,19,M,PA,2500,2048,train,data/train-00002-of-00032.parquet,2470
00002508_000,00002508_000.jpg,train,0,No Finding,2508,1,79,M,PA,3056,2544,train,data/train-00002-of-00032.parquet,2473
00002508_001,00002508_001.jpg,train,0,No Finding,2508,0,70,M,PA,2500,2048,train,data/train-00002-of-00032.parquet,2474
00002510_002,00002510_002.jpg,train,0,Mass,2510,2,48,M,PA,2500,2048,train,data/train-00002-of-00032.parquet,2477
00002512_001,00002512_001.jpg,train,0,No Finding,2512,2,59,M,PA,2021,2015,train,data/train-00002-of-00032.parquet,2491
00002515_000,00002515_000.jpg,train,0,No Finding,2515,0,76,F,PA,2048,2500,train,data/train-00002-of-00032.parquet,2500
00002517_000,00002517_000.jpg,train,0,Fibrosis,2517,0,18,M,PA,2992,2991,train,data/train-00002-of-00032.parquet,2504
00002535_000,00002535_000.jpg,train,0,No Finding,2535,0,46,M,PA,2992,2991,train,data/train-00002-of-00032.parquet,2561
00002544_001,00002544_001.jpg,train,1,Pneumothorax,2544,1,50,F,PA,2048,2500,train,data/train-00002-of-00032.parquet,2577
00002544_004,00002544_004.jpg,train,1,Pneumothorax,2544,4,51,F,PA,2992,2991,train,data/train-00002-of-00032.parquet,2580
00002552_000,00002552_000.jpg,train,0,No Finding,2552,0,37,F,PA,2048,2500,train,data/train-00002-of-00032.parquet,2596
00002633_005,00002633_005.jpg,val,0,No Finding,2633,0,41,F,PA,2500,2048,train,data/train-00003-of-00032.parquet,127
00002633_009,00002633_009.jpg,val,1,Effusion|Pneumothorax,2633,4,44,F,AP,2500,2048,train,data/train-00003-of-00032.parquet,131
00002633_015,00002633_015.jpg,val,1,Atelectasis|Effusion|Pneumothorax,2633,10,44,F,PA,2992,2991,train,data/train-00003-of-00032.parquet,137
00002646_000,00002646_000.jpg,train,0,No Finding,2646,0,41,M,PA,2500,2048,train,data/train-00003-of-00032.parquet,211
00002649_011,00002649_011.jpg,train,1,Pneumothorax,2649,3,54,F,PA,2534,2913,train,data/train-00003-of-00032.parquet,225
00002649_014,00002649_014.jpg,train,1,Infiltration|Pneumothorax,2649,6,56,F,PA,2992,2991,train,data/train-00003-of-00032.parquet,228
00002655_001,00002655_001.jpg,train,0,Atelectasis,2655,1,37,M,PA,2048,2500,train,data/train-00003-of-00032.parquet,243
00002657_000,00002657_000.jpg,train,0,Nodule,2657,0,24,M,PA,2500,2048,train,data/train-00003-of-00032.parquet,248
00002659_001,00002659_001.jpg,train,0,No Finding,2659,1,27,M,AP,2500,2048,train,data/train-00003-of-00032.parquet,253
00002664_000,00002664_000.jpg,train,0,No Finding,2664,0,72,M,PA,2500,2048,train,data/train-00003-of-00032.parquet,270
00002668_000,00002668_000.jpg,train,0,No Finding,2668,0,56,F,PA,2048,2500,train,data/train-00003-of-00032.parquet,283
00002668_003,00002668_003.jpg,train,1,Pneumothorax,2668,3,58,F,PA,2048,2500,train,data/train-00003-of-00032.parquet,286
00002668_005,00002668_005.jpg,train,1,Pneumothorax,2668,5,59,F,PA,2992,2991,train,data/train-00003-of-00032.parquet,288
00002672_000,00002672_000.jpg,train,0,No Finding,2672,0,45,F,PA,2482,2991,train,data/train-00003-of-00032.parquet,295
00002702_011,00002702_011.jpg,val,1,Effusion|Emphysema|Pneumothorax,2702,11,51,F,PA,2021,2021,train,data/train-00003-of-00032.parquet,414
00002705_001,00002705_001.jpg,train,0,No Finding,2705,1,60,F,PA,2048,2500,train,data/train-00003-of-00032.parquet,420
00002709_000,00002709_000.jpg,train,0,No Finding,2709,0,35,F,PA,2686,2521,train,data/train-00003-of-00032.parquet,426
00002710_000,00002710_000.jpg,train,1,Infiltration|Pneumothorax,2710,0,53,M,PA,2048,2500,train,data/train-00003-of-00032.parquet,427
00002717_002,00002717_002.jpg,train,0,No Finding,2717,1,53,F,PA,2722,2805,train,data/train-00003-of-00032.parquet,435
00002719_002,00002719_002.jpg,train,0,No Finding,2719,2,70,F,AP,2500,2048,train,data/train-00003-of-00032.parquet,444
00002720_001,00002720_001.jpg,train,0,No Finding,2720,1,62,F,AP,2500,2048,train,data/train-00003-of-00032.parquet,446
00002724_000,00002724_000.jpg,val,0,Infiltration,2724,0,80,F,PA,2048,2500,train,data/train-00003-of-00032.parquet,487
00002726_001,00002726_001.jpg,train,0,No Finding,2726,1,56,M,AP,2500,2048,train,data/train-00003-of-00032.parquet,490
00002766_001,00002766_001.jpg,train,1,Pneumothorax,2766,1,50,F,PA,2992,2991,train,data/train-00003-of-00032.parquet,606
00002766_002,00002766_002.jpg,train,1,Fibrosis|Pneumothorax,2766,2,51,F,PA,2992,2991,train,data/train-00003-of-00032.parquet,607
00002767_000,00002767_000.jpg,train,0,No Finding,2767,0,53,F,PA,2992,2761,train,data/train-00003-of-00032.parquet,608
00002768_000,00002768_000.jpg,train,0,No Finding,2768,0,49,F,PA,2048,2500,train,data/train-00003-of-00032.parquet,609
00002776_000,00002776_000.jpg,train,0,No Finding,2776,0,32,M,PA,2992,2991,train,data/train-00003-of-00032.parquet,628
00002777_000,00002777_000.jpg,train,0,Effusion|Pleural_Thickening,2777,0,57,F,PA,2048,2500,train,data/train-00003-of-00032.parquet,629
00002778_000,00002778_000.jpg,train,0,No Finding,2778,0,58,F,PA,2992,2991,train,data/train-00003-of-00032.parquet,630
00002782_000,00002782_000.jpg,train,0,No Finding,2782,0,47,M,PA,2992,2991,train,data/train-00003-of-00032.parquet,634
00002785_000,00002785_000.jpg,train,0,No Finding,2785,0,42,M,AP,2500,2048,train,data/train-00003-of-00032.parquet,641
00002786_000,00002786_000.jpg,train,1,Pneumothorax,2786,0,48,F,PA,2048,2500,train,data/train-00003-of-00032.parquet,648
00002787_001,00002787_001.jpg,train,1,Pneumothorax,2787,1,36,F,PA,2992,2989,train,data/train-00003-of-00032.parquet,651
00002788_000,00002788_000.jpg,train,0,No Finding,2788,0,22,M,PA,2048,2500,train,data/train-00003-of-00032.parquet,652
00002792_000,00002792_000.jpg,train,0,No Finding,2792,0,51,F,PA,2500,2048,train,data/train-00003-of-00032.parquet,660
00002796_002,00002796_002.jpg,train,1,Pneumothorax,2796,9,65,F,PA,2558,2357,train,data/train-00003-of-00032.parquet,671
00002797_000,00002797_000.jpg,train,0,No Finding,2797,0,47,F,PA,2500,2048,train,data/train-00003-of-00032.parquet,680
00002804_000,00002804_000.jpg,train,0,No Finding,2804,0,34,F,PA,2048,2500,train,data/train-00003-of-00032.parquet,714
00002806_003,00002806_003.jpg,train,0,No Finding,2806,2,65,M,AP,2500,2048,train,data/train-00003-of-00032.parquet,719
00002809_000,00002809_000.jpg,train,0,No Finding,2809,0,46,F,PA,2048,2500,train,data/train-00003-of-00032.parquet,724
00002812_001,00002812_001.jpg,train,0,No Finding,2812,1,62,F,AP,2500,2048,train,data/train-00003-of-00032.parquet,731
00002816_001,00002816_001.jpg,train,0,No Finding,2816,1,56,F,PA,2500,2048,train,data/train-00003-of-00032.parquet,743
00002816_002,00002816_002.jpg,train,0,No Finding,2816,2,58,F,PA,2794,2685,train,data/train-00003-of-00032.parquet,744
00002817_006,00002817_006.jpg,train,1,Atelectasis|Pneumothorax,2817,1,65,F,PA,2048,2500,train,data/train-00003-of-00032.parquet,752
00002817_007,00002817_007.jpg,train,1,Pneumothorax,2817,2,66,F,PA,2598,2285,train,data/train-00003-of-00032.parquet,753
00002830_000,00002830_000.jpg,train,0,No Finding,2830,0,42,F,PA,2048,2500,train,data/train-00003-of-00032.parquet,773
00002839_000,00002839_000.jpg,train,0,No Finding,2839,5,18,M,PA,1742,1866,train,data/train-00003-of-00032.parquet,790
00002841_001,00002841_001.jpg,train,0,Effusion,2841,1,50,F,PA,2048,2500,train,data/train-00003-of-00032.parquet,803
00002841_002,00002841_002.jpg,train,0,No Finding,2841,2,51,F,PA,2454,2813,train,data/train-00003-of-00032.parquet,804
00002843_002,00002843_002.jpg,train,0,No Finding,2843,2,56,F,AP,2500,2048,train,data/train-00003-of-00032.parquet,816
00002846_001,00002846_001.jpg,train,1,Atelectasis|Pneumothorax,2846,13,37,M,AP,3056,2544,train,data/train-00003-of-00032.parquet,840
00002846_005,00002846_005.jpg,train,1,Pneumothorax,2846,1,26,M,AP,2500,2048,train,data/train-00003-of-00032.parquet,844
00002847_000,00002847_000.jpg,train,0,No Finding,2847,0,31,M,PA,2500,2048,train,data/train-00003-of-00032.parquet,855
00002848_000,00002848_000.jpg,train,1,Mass|Pleural_Thickening|Pneumothorax,2848,0,48,F,PA,2500,2048,train,data/train-00003-of-00032.parquet,860
00002854_001,00002854_001.jpg,train,0,No Finding,2854,1,63,M,PA,2500,2048,train,data/train-00003-of-00032.parquet,867
00002860_000,00002860_000.jpg,train,0,No Finding,2860,0,42,F,PA,2048,2500,train,data/train-00003-of-00032.parquet,876
00002864_003,00002864_003.jpg,train,0,No Finding,2864,1,39,F,PA,2992,2991,train,data/train-00003-of-00032.parquet,912
00002873_000,00002873_000.jpg,train,0,Fibrosis,2873,0,55,M,PA,2500,2048,train,data/train-00003-of-00032.parquet,931
00002878_003,00002878_003.jpg,train,1,Pneumothorax,2878,2,63,F,PA,2992,2991,train,data/train-00003-of-00032.parquet,941
00002880_000,00002880_000.jpg,train,0,No Finding,2880,0,30,M,PA,2500,2048,train,data/train-00003-of-00032.parquet,959
00002888_000,00002888_000.jpg,train,0,No Finding,2888,0,43,F,PA,2048,2500,train,data/train-00003-of-00032.parquet,975
00002888_001,00002888_001.jpg,train,0,Infiltration,2888,1,43,F,PA,2992,2991,train,data/train-00003-of-00032.parquet,976
00002893_000,00002893_000.jpg,train,0,No Finding,2893,0,65,M,PA,2500,2048,train,data/train-00003-of-00032.parquet,997
00002899_000,00002899_000.jpg,val,0,No Finding,2899,0,55,M,PA,2500,2048,train,data/train-00003-of-00032.parquet,1008
00002902_000,00002902_000.jpg,val,0,Infiltration,2902,0,52,M,PA,2992,2685,train,data/train-00003-of-00032.parquet,1012
00002902_001,00002902_001.jpg,val,0,No Finding,2902,1,52,M,PA,2666,2991,train,data/train-00003-of-00032.parquet,1013
00002923_001,00002923_001.jpg,val,0,No Finding,2923,1,18,M,PA,2992,2991,train,data/train-00003-of-00032.parquet,1055
00002923_002,00002923_002.jpg,val,0,No Finding,2923,2,19,M,PA,2048,2500,train,data/train-00003-of-00032.parquet,1056
00002924_000,00002924_000.jpg,val,0,No Finding,2924,0,66,M,PA,2992,2991,train,data/train-00003-of-00032.parquet,1057
00002924_001,00002924_001.jpg,val,1,Pneumothorax,2924,1,68,M,PA,2021,2021,train,data/train-00003-of-00032.parquet,1058
00002927_001,00002927_001.jpg,val,0,No Finding,2927,1,50,F,AP,2500,2048,train,data/train-00003-of-00032.parquet,1064
00002927_002,00002927_002.jpg,val,0,Atelectasis,2927,2,51,F,AP,2500,2048,train,data/train-00003-of-00032.parquet,1065
00002934_000,00002934_000.jpg,val,0,Atelectasis|Infiltration,2934,0,58,M,PA,2992,2991,train,data/train-00003-of-00032.parquet,1078
00002941_000,00002941_000.jpg,val,0,No Finding,2941,0,35,M,PA,2500,2048,train,data/train-00003-of-00032.parquet,1090
00002949_000,00002949_000.jpg,val,0,No Finding,2949,0,50,F,AP,2500,2048,train,data/train-00003-of-00032.parquet,1104
00002954_002,00002954_002.jpg,val,0,No Finding,2954,0,52,F,PA,2048,2500,train,data/train-00003-of-00032.parquet,1117
00002954_006,00002954_006.jpg,val,1,Pneumothorax,2954,4,54,F,PA,2500,2048,train,data/train-00003-of-00032.parquet,1121
00002965_000,00002965_000.jpg,val,0,No Finding,2965,0,30,M,PA,2992,2991,train,data/train-00003-of-00032.parquet,1151
00002976_000,00002976_000.jpg,val,0,Infiltration,2976,0,52,M,PA,2500,2048,train,data/train-00003-of-00032.parquet,1163
00002984_000,00002984_000.jpg,val,0,No Finding,2984,1,23,F,PA,2414,2991,train,data/train-00003-of-00032.parquet,1179
00002994_000,00002994_000.jpg,train,0,No Finding,2994,0,39,M,PA,2456,2968,train,data/train-00003-of-00032.parquet,1201
00002998_001,00002998_001.jpg,train,0,No Finding,2998,0,57,F,PA,2992,2991,train,data/train-00003-of-00032.parquet,1209
00003002_003,00003002_003.jpg,train,1,Atelectasis|Pneumothorax,3002,17,34,M,AP,3056,2544,train,data/train-00003-of-00032.parquet,1217
00003003_000,00003003_000.jpg,train,0,No Finding,3003,0,33,M,PA,2500,2048,train,data/train-00003-of-00032.parquet,1237
00003005_015,00003005_015.jpg,train,1,Pneumothorax,3005,15,49,M,AP,2500,2048,train,data/train-00003-of-00032.parquet,1255
00003005_017,00003005_017.jpg,train,1,Pneumothorax,3005,17,49,M,AP,2500,2048,train,data/train-00003-of-00032.parquet,1257
00003014_000,00003014_000.jpg,train,0,Cardiomegaly,3014,0,26,F,PA,2048,2500,train,data/train-00003-of-00032.parquet,1300
00003015_000,00003015_000.jpg,val,0,Cardiomegaly,3015,0,35,F,PA,2048,2500,train,data/train-00003-of-00032.parquet,1301
00003023_000,00003023_000.jpg,val,0,No Finding,3023,0,36,M,AP,2048,2500,train,data/train-00003-of-00032.parquet,1320
00003024_000,00003024_000.jpg,train,0,No Finding,3024,0,22,M,AP,2500,2048,train,data/train-00003-of-00032.parquet,1321
00003026_000,00003026_000.jpg,train,0,No Finding,3026,0,46,F,PA,2048,2500,train,data/train-00003-of-00032.parquet,1325
00003030_000,00003030_000.jpg,train,0,No Finding,3030,0,61,F,PA,2048,2500,train,data/train-00003-of-00032.parquet,1331
00003034_002,00003034_002.jpg,train,0,No Finding,3034,2,63,M,PA,2992,2991,train,data/train-00003-of-00032.parquet,1342
00003035_000,00003035_000.jpg,val,0,No Finding,3035,0,36,M,PA,2992,2991,train,data/train-00003-of-00032.parquet,1343
00003041_000,00003041_000.jpg,val,0,No Finding,3041,0,60,F,PA,2500,2048,train,data/train-00003-of-00032.parquet,1350
00003041_001,00003041_001.jpg,val,0,Pleural_Thickening,3041,1,62,F,PA,2500,2048,train,data/train-00003-of-00032.parquet,1351
00003048_002,00003048_002.jpg,train,0,No Finding,3048,0,18,M,PA,2992,2991,train,data/train-00003-of-00032.parquet,1374
00003051_000,00003051_000.jpg,train,0,No Finding,3051,0,55,F,PA,2048,2500,train,data/train-00003-of-00032.parquet,1377
00003052_001,00003052_001.jpg,train,1,Atelectasis|Consolidation|Emphysema|Pneumothorax,3052,1,44,F,AP,2500,2048,train,data/train-00003-of-00032.parquet,1379
00003052_002,00003052_002.jpg,train,1,Atelectasis|Consolidation|Emphysema|Pneumothorax,3052,2,44,F,AP,2500,2048,train,data/train-00003-of-00032.parquet,1380
00003052_003,00003052_003.jpg,train,1,Atelectasis|Consolidation|Emphysema|Pneumothorax,3052,3,44,F,PA,2500,2048,train,data/train-00003-of-00032.parquet,1381
00003054_000,00003054_000.jpg,val,0,Cardiomegaly|Emphysema,3054,0,66,F,PA,2500,2048,train,data/train-00003-of-00032.parquet,1397
00003054_001,00003054_001.jpg,val,1,Nodule|Pleural_Thickening|Pneumothorax,3054,1,67,F,AP,2500,2048,train,data/train-00003-of-00032.parquet,1398
00003065_001,00003065_001.jpg,train,0,No Finding,3065,1,51,F,PA,2992,2991,train,data/train-00003-of-00032.parquet,1419
00003066_000,00003066_000.jpg,train,1,Pneumothorax,3066,0,61,F,PA,2992,2991,train,data/train-00003-of-00032.parquet,1420
00003069_000,00003069_000.jpg,train,0,Atelectasis,3069,0,56,F,PA,2048,2500,train,data/train-00003-of-00032.parquet,1430
00003085_000,00003085_000.jpg,train,0,No Finding,3085,1,53,F,PA,1896,2021,train,data/train-00003-of-00032.parquet,1453
00003086_001,00003086_001.jpg,train,0,No Finding,3086,1,42,F,PA,2500,2048,train,data/train-00003-of-00032.parquet,1458
00003086_004,00003086_004.jpg,train,1,Consolidation|Pneumothorax,3086,4,45,F,PA,2992,2991,train,data/train-00003-of-00032.parquet,1461
00003087_000,00003087_000.jpg,train,0,Cardiomegaly,3087,1,32,F,PA,2544,3056,train,data/train-00003-of-00032.parquet,1463
00003092_000,00003092_000.jpg,train,0,Pneumonia,3092,0,53,M,PA,2758,2991,train,data/train-00003-of-00032.parquet,1469
00003101_001,00003101_001.jpg,train,1,Mass|Pneumothorax,3101,1,59,F,AP,2500,2048,train,data/train-00003-of-00032.parquet,1512
00003101_005,00003101_005.jpg,train,1,Pneumothorax,3101,5,59,F,PA,2500,2048,train,data/train-00003-of-00032.parquet,1516
00003105_000,00003105_000.jpg,train,0,No Finding,3105,0,34,M,PA,2500,2048,train,data/train-00003-of-00032.parquet,1529
00003112_001,00003112_001.jpg,train,0,No Finding,3112,1,74,M,PA,2992,2991,train,data/train-00003-of-00032.parquet,1552
00003114_000,00003114_000.jpg,train,0,No Finding,3114,0,71,M,PA,2048,2500,train,data/train-00003-of-00032.parquet,1554
00003122_000,00003122_000.jpg,train,0,Emphysema,3122,0,53,M,PA,2500,2048,train,data/train-00003-of-00032.parquet,1566
00003125_000,00003125_000.jpg,train,0,No Finding,3125,0,55,F,PA,2048,2500,train,data/train-00003-of-00032.parquet,1588
00003126_007,00003126_007.jpg,train,1,Pneumothorax,3126,12,78,F,PA,1902,2021,train,data/train-00003-of-00032.parquet,1597
00003126_008,00003126_008.jpg,train,1,Infiltration|Pneumothorax,3126,13,78,F,AP,3056,2544,train,data/train-00003-of-00032.parquet,1598
00003135_000,00003135_000.jpg,train,0,No Finding,3135,0,49,M,PA,2500,2048,train,data/train-00003-of-00032.parquet,1648
00003142_000,00003142_000.jpg,train,0,No Finding,3142,0,57,F,PA,2048,2500,train,data/train-00003-of-00032.parquet,1678
00003143_000,00003143_000.jpg,train,0,No Finding,3143,0,32,M,PA,2500,2048,train,data/train-00003-of-00032.parquet,1679
00003150_000,00003150_000.jpg,train,0,No Finding,3150,0,59,M,AP,2500,2048,train,data/train-00003-of-00032.parquet,1684
00003152_000,00003152_000.jpg,train,0,No Finding,3152,0,60,F,PA,2048,2500,train,data/train-00003-of-00032.parquet,1687
00003152_003,00003152_003.jpg,train,1,Infiltration|Pneumothorax,3152,3,64,F,PA,2992,2991,train,data/train-00003-of-00032.parquet,1690
00003156_000,00003156_000.jpg,train,0,No Finding,3156,0,48,M,AP,2500,2048,train,data/train-00003-of-00032.parquet,1697
00003161_002,00003161_002.jpg,train,1,Emphysema|Pneumothorax,3161,2,30,F,PA,2048,2500,train,data/train-00003-of-00032.parquet,1724
00003162_002,00003162_002.jpg,train,1,Pneumothorax,3162,2,51,F,PA,2500,2048,train,data/train-00003-of-00032.parquet,1728
00003165_001,00003165_001.jpg,train,0,No Finding,3165,1,52,M,PA,2830,2849,train,data/train-00003-of-00032.parquet,1737
00003166_005,00003166_005.jpg,train,0,Infiltration,3166,5,18,M,PA,2544,3056,train,data/train-00003-of-00032.parquet,1743
00003168_000,00003168_000.jpg,train,0,No Finding,3168,0,54,M,PA,2500,2048,train,data/train-00003-of-00032.parquet,1745
00003178_001,00003178_001.jpg,train,0,No Finding,3178,1,57,F,AP,2500,2048,train,data/train-00003-of-00032.parquet,1783
00003179_007,00003179_007.jpg,train,0,No Finding,3179,1,60,F,PA,2494,2991,train,data/train-00003-of-00032.parquet,1791
00003190_005,00003190_005.jpg,train,1,Atelectasis|Consolidation|Effusion|Infiltration|Pneumothorax,3190,15,47,F,PA,2544,3056,train,data/train-00003-of-00032.parquet,1825
00003190_022,00003190_022.jpg,train,1,Pneumothorax,3190,9,44,F,AP,2500,2048,train,data/train-00003-of-00032.parquet,1842
00003191_002,00003191_002.jpg,train,0,No Finding,3191,0,48,F,PA,2746,2991,train,data/train-00003-of-00032.parquet,1845
00003194_000,00003194_000.jpg,train,0,Infiltration,3194,2,48,M,PA,2992,2991,train,data/train-00003-of-00032.parquet,1854
00003194_004,00003194_004.jpg,train,0,No Finding,3194,1,47,M,PA,2716,2611,train,data/train-00003-of-00032.parquet,1858
00003200_000,00003200_000.jpg,train,0,No Finding,3200,0,58,M,PA,2500,2048,train,data/train-00003-of-00032.parquet,1875
00003204_001,00003204_001.jpg,train,0,No Finding,3204,0,37,M,PA,2500,2048,train,data/train-00003-of-00032.parquet,1885
00003204_003,00003204_003.jpg,train,0,No Finding,3204,2,43,M,PA,2476,2364,train,data/train-00003-of-00032.parquet,1887
00003205_001,00003205_001.jpg,train,0,Infiltration,3205,2,68,F,PA,2544,3056,train,data/train-00003-of-00032.parquet,1890
00003206_000,00003206_000.jpg,train,0,Infiltration,3206,0,62,M,AP,2500,2048,train,data/train-00003-of-00032.parquet,1892
00003211_001,00003211_001.jpg,train,0,No Finding,3211,0,31,F,PA,2048,2500,train,data/train-00003-of-00032.parquet,1911
00003214_002,00003214_002.jpg,train,0,No Finding,3214,2,48,M,PA,2992,2991,train,data/train-00003-of-00032.parquet,1928
00003215_000,00003215_000.jpg,train,1,Pneumothorax,3215,0,55,M,PA,2500,2048,train,data/train-00003-of-00032.parquet,1930
00003222_001,00003222_001.jpg,train,0,No Finding,3222,1,54,M,PA,2500,2048,train,data/train-00003-of-00032.parquet,1962
00003226_002,00003226_002.jpg,train,0,No Finding,3226,2,18,F,PA,2048,2500,train,data/train-00003-of-00032.parquet,1969
00003230_003,00003230_003.jpg,train,0,Effusion,3230,1,46,F,PA,2048,2500,train,data/train-00003-of-00032.parquet,1988
00003274_000,00003274_000.jpg,train,0,No Finding,3274,0,37,M,PA,2500,2048,train,data/train-00003-of-00032.parquet,2111
00003275_000,00003275_000.jpg,train,0,No Finding,3275,0,41,F,PA,2500,2048,train,data/train-00003-of-00032.parquet,2114
00003279_002,00003279_002.jpg,train,0,Nodule,3279,2,72,M,PA,2992,2991,train,data/train-00003-of-00032.parquet,2132
00003282_000,00003282_000.jpg,train,0,Pleural_Thickening,3282,0,41,M,PA,2500,2048,train,data/train-00003-of-00032.parquet,2137
00003289_001,00003289_001.jpg,train,0,No Finding,3289,0,42,M,PA,2992,2991,train,data/train-00003-of-00032.parquet,2151
00003296_002,00003296_002.jpg,train,0,Nodule,3296,2,64,F,PA,2992,2991,train,data/train-00003-of-00032.parquet,2183
00003298_001,00003298_001.jpg,train,0,Effusion,3298,1,51,M,PA,2500,2048,train,data/train-00003-of-00032.parquet,2186
00003300_001,00003300_001.jpg,train,1,Infiltration|Mass|Nodule|Pneumothorax,3300,1,46,M,AP,2500,2048,train,data/train-00003-of-00032.parquet,2190
00003300_004,00003300_004.jpg,train,1,Infiltration|Mass|Nodule|Pneumothorax,3300,2,46,M,AP,2500,2048,train,data/train-00003-of-00032.parquet,2193
00003301_000,00003301_000.jpg,val,0,No Finding,3301,0,62,F,PA,2048,2500,train,data/train-00003-of-00032.parquet,2203
00003309_000,00003309_000.jpg,train,0,Fibrosis,3309,0,59,F,PA,2992,2991,train,data/train-00003-of-00032.parquet,2218
00003314_000,00003314_000.jpg,val,1,Effusion|Fibrosis|Pneumothorax,3314,0,77,F,PA,2048,2500,train,data/train-00003-of-00032.parquet,2225
00003315_000,00003315_000.jpg,train,0,Nodule,3315,0,40,F,AP,2500,2048,train,data/train-00003-of-00032.parquet,2226
00003316_001,00003316_001.jpg,train,0,Atelectasis,3316,1,29,F,AP,2500,2048,train,data/train-00003-of-00032.parquet,2229
00003318_000,00003318_000.jpg,train,0,No Finding,3318,1,51,M,PA,2021,2021,train,data/train-00003-of-00032.parquet,2232
00003321_000,00003321_000.jpg,val,0,Atelectasis|Consolidation,3321,0,66,M,PA,2500,2048,train,data/train-00003-of-00032.parquet,2243
00003321_001,00003321_001.jpg,val,0,No Finding,3321,1,67,M,PA,2798,2991,train,data/train-00003-of-00032.parquet,2244
00003330_002,00003330_002.jpg,train,1,Pneumothorax,3330,2,44,F,AP,2500,2048,train,data/train-00003-of-00032.parquet,2271
00003330_004,00003330_004.jpg,train,1,Pneumothorax,3330,3,44,F,AP,2500,2048,train,data/train-00003-of-00032.parquet,2273
00003331_001,00003331_001.jpg,val,0,No Finding,3331,1,19,M,PA,2048,2500,train,data/train-00003-of-00032.parquet,2276
00003337_001,00003337_001.jpg,val,1,Pneumothorax,3337,1,68,F,PA,2048,2500,train,data/train-00003-of-00032.parquet,2291
00003337_002,00003337_002.jpg,val,1,Pneumothorax,3337,2,68,F,AP,2500,2048,train,data/train-00003-of-00032.parquet,2292
00003337_003,00003337_003.jpg,val,1,Pneumothorax,3337,3,68,F,AP,2500,2048,train,data/train-00003-of-00032.parquet,2293
00003338_000,00003338_000.jpg,train,0,Cardiomegaly|Fibrosis,3338,0,51,F,PA,2048,2500,train,data/train-00003-of-00032.parquet,2297
00003339_000,00003339_000.jpg,val,0,No Finding,3339,0,73,M,PA,2048,2500,train,data/train-00003-of-00032.parquet,2298
00003342_000,00003342_000.jpg,train,0,No Finding,3342,0,32,F,PA,2048,2500,train,data/train-00003-of-00032.parquet,2301
00003346_001,00003346_001.jpg,train,0,No Finding,3346,1,58,F,PA,2048,2500,train,data/train-00003-of-00032.parquet,2311
00003348_000,00003348_000.jpg,train,1,Pneumothorax,3348,0,46,F,AP,2500,2048,train,data/train-00003-of-00032.parquet,2314
00003348_001,00003348_001.jpg,train,1,Pneumothorax,3348,1,46,F,AP,2500,2048,train,data/train-00003-of-00032.parquet,2315
00003349_000,00003349_000.jpg,train,0,No Finding,3349,0,32,F,PA,2836,2604,train,data/train-00003-of-00032.parquet,2321
00003355_002,00003355_002.jpg,train,0,Atelectasis,3355,2,63,M,PA,2500,2048,train,data/train-00003-of-00032.parquet,2346
00003356_000,00003356_000.jpg,train,0,No Finding,3356,0,71,M,AP,2500,2048,train,data/train-00003-of-00032.parquet,2354
00003361_001,00003361_001.jpg,train,0,No Finding,3361,1,51,F,PA,2500,2048,train,data/train-00003-of-00032.parquet,2368
00003363_001,00003363_001.jpg,train,0,No Finding,3363,1,54,F,PA,2500,2048,train,data/train-00003-of-00032.parquet,2388
00003364_000,00003364_000.jpg,train,0,No Finding,3364,0,51,M,AP,2500,2048,train,data/train-00003-of-00032.parquet,2391
00003366_003,00003366_003.jpg,train,0,No Finding,3366,2,20,M,AP,2500,2048,train,data/train-00003-of-00032.parquet,2397
00003367_000,00003367_000.jpg,train,0,No Finding,3367,0,40,M,PA,2500,2048,train,data/train-00003-of-00032.parquet,2399
00003368_001,00003368_001.jpg,train,0,Atelectasis|Pneumonia,3368,1,58,F,PA,2048,2500,train,data/train-00003-of-00032.parquet,2406
00003377_002,00003377_002.jpg,train,0,No Finding,3377,2,59,F,PA,2500,2048,train,data/train-00003-of-00032.parquet,2438
00003378_000,00003378_000.jpg,train,1,Effusion|Pneumothorax,3378,0,65,M,PA,2882,2991,train,data/train-00003-of-00032.parquet,2450
00003380_000,00003380_000.jpg,train,0,No Finding,3380,0,59,M,PA,2048,2500,train,data/train-00003-of-00032.parquet,2452
00003389_000,00003389_000.jpg,train,0,No Finding,3389,0,46,M,PA,2500,2048,train,data/train-00003-of-00032.parquet,2491
00003390_000,00003390_000.jpg,train,0,No Finding,3390,0,49,F,PA,2500,2048,train,data/train-00003-of-00032.parquet,2492
00003393_054,00003393_054.jpg,train,1,Pneumothorax,3393,54,58,M,AP,2500,2048,train,data/train-00003-of-00032.parquet,2600
00003395_006,00003395_006.jpg,train,1,Cardiomegaly|Pneumothorax,3395,6,41,F,PA,2546,2991,train,data/train-00003-of-00032.parquet,2621
00003399_000,00003399_000.jpg,train,0,Cardiomegaly|Infiltration,3399,0,78,M,PA,2500,2048,train,data/train-00003-of-00032.parquet,2626
00003407_003,00003407_003.jpg,train,0,No Finding,3407,2,36,F,PA,2818,2853,train,data/train-00003-of-00032.parquet,2647
00003409_000,00003409_000.jpg,train,0,No Finding,3409,0,44,F,PA,2048,2500,train,data/train-00003-of-00032.parquet,2655
00003418_000,00003418_000.jpg,train,0,No Finding,3418,0,38,F,AP,2500,2048,train,data/train-00003-of-00032.parquet,2665
00003421_002,00003421_002.jpg,train,0,No Finding,3421,2,40,M,AP,2500,2048,train,data/train-00003-of-00032.parquet,2673
00003423_003,00003423_003.jpg,train,1,Atelectasis|Infiltration|Pneumothorax,3423,3,52,M,PA,2500,2048,train,data/train-00003-of-00032.parquet,2685
00003423_011,00003423_011.jpg,train,1,Pneumothorax,3423,11,57,M,PA,2992,2991,train,data/train-00003-of-00032.parquet,2693
00003445_000,00003445_000.jpg,train,0,No Finding,3445,0,42,F,PA,2750,2309,train,data/train-00004-of-00032.parquet,102
00003454_000,00003454_000.jpg,train,0,No Finding,3454,0,51,M,PA,2500,2048,train,data/train-00004-of-00032.parquet,124
00003459_001,00003459_001.jpg,train,1,Atelectasis|Pneumothorax,3459,1,51,F,PA,2048,2500,train,data/train-00004-of-00032.parquet,134
00003463_001,00003463_001.jpg,train,0,No Finding,3463,1,65,M,AP,2500,2048,train,data/train-00004-of-00032.parquet,173
00003468_007,00003468_007.jpg,train,1,Pneumothorax,3468,3,39,F,PA,2992,2991,train,data/train-00004-of-00032.parquet,195
00003468_011,00003468_011.jpg,train,1,Pneumothorax,3468,7,42,F,PA,2992,2991,train,data/train-00004-of-00032.parquet,199
00003473_000,00003473_000.jpg,train,0,No Finding,3473,0,43,F,PA,2634,2581,train,data/train-00004-of-00032.parquet,209
00003478_008,00003478_008.jpg,train,0,No Finding,3478,8,21,M,AP,2500,2048,train,data/train-00004-of-00032.parquet,222
00003480_001,00003480_001.jpg,train,1,Nodule|Pneumothorax,3480,1,34,F,PA,2048,2500,train,data/train-00004-of-00032.parquet,227
00003484_001,00003484_001.jpg,train,0,Infiltration,3484,1,46,F,PA,2642,2991,train,data/train-00004-of-00032.parquet,234
00003488_001,00003488_001.jpg,train,0,No Finding,3488,1,54,F,AP,2500,2048,train,data/train-00004-of-00032.parquet,240
00003489_002,00003489_002.jpg,train,0,No Finding,3489,0,49,M,PA,2500,2048,train,data/train-00004-of-00032.parquet,244
00003492_002,00003492_002.jpg,train,0,No Finding,3492,2,52,M,AP,2500,2048,train,data/train-00004-of-00032.parquet,280
00003494_000,00003494_000.jpg,train,1,Infiltration|Pneumothorax,3494,0,24,F,PA,2048,2500,train,data/train-00004-of-00032.parquet,288
00003494_001,00003494_001.jpg,train,1,Pneumothorax,3494,1,24,F,PA,2048,2500,train,data/train-00004-of-00032.parquet,289
00003497_001,00003497_001.jpg,train,0,No Finding,3497,1,32,F,AP,2500,2048,train,data/train-00004-of-00032.parquet,296
00003499_003,00003499_003.jpg,train,0,No Finding,3499,1,39,M,PA,2992,2991,train,data/train-00004-of-00032.parquet,301
00003501_001,00003501_001.jpg,train,0,Cardiomegaly,3501,0,54,F,PA,2048,2500,train,data/train-00004-of-00032.parquet,305
00003503_000,00003503_000.jpg,val,0,Mass|Nodule,3503,0,65,F,PA,2048,2500,train,data/train-00004-of-00032.parquet,309
00003503_001,00003503_001.jpg,val,0,Mass|Nodule,3503,1,65,F,AP,2500,2048,train,data/train-00004-of-00032.parquet,310
00003503_002,00003503_002.jpg,val,0,Nodule,3503,2,65,F,AP,2500,2048,train,data/train-00004-of-00032.parquet,311
00003505_000,00003505_000.jpg,train,0,No Finding,3505,0,30,M,PA,3056,2544,train,data/train-00004-of-00032.parquet,317
00003506_002,00003506_002.jpg,train,0,No Finding,3506,1,26,F,PA,2992,2991,train,data/train-00004-of-00032.parquet,320
00003506_003,00003506_003.jpg,train,0,No Finding,3506,2,26,F,AP,2500,2048,train,data/train-00004-of-00032.parquet,321
00003510_002,00003510_002.jpg,val,0,No Finding,3510,0,37,F,AP,2048,2500,train,data/train-00004-of-00032.parquet,327
00003510_004,00003510_004.jpg,val,1,Atelectasis|Infiltration|Pneumothorax,3510,2,37,F,AP,2500,2048,train,data/train-00004-of-00032.parquet,329
00003510_016,00003510_016.jpg,val,1,Atelectasis|Effusion|Pneumothorax,3510,14,38,F,PA,2992,2991,train,data/train-00004-of-00032.parquet,341
00003512_001,00003512_001.jpg,train,0,Effusion,3512,1,69,F,PA,2048,2500,train,data/train-00004-of-00032.parquet,344
00003513_005,00003513_005.jpg,train,1,Pneumothorax,3513,2,43,F,PA,2822,2801,train,data/train-00004-of-00032.parquet,350
00003513_007,00003513_007.jpg,train,1,Pneumothorax,3513,4,47,F,PA,2992,2991,train,data/train-00004-of-00032.parquet,352
00003514_002,00003514_002.jpg,train,0,No Finding,3514,1,49,M,PA,2500,2048,train,data/train-00004-of-00032.parquet,356
00003514_003,00003514_003.jpg,train,0,No Finding,3514,2,56,M,PA,2500,2048,train,data/train-00004-of-00032.parquet,357
00003515_001,00003515_001.jpg,train,0,Emphysema,3515,1,49,M,PA,2500,2048,train,data/train-00004-of-00032.parquet,359
00003520_002,00003520_002.jpg,train,0,No Finding,3520,2,85,M,PA,2992,2991,train,data/train-00004-of-00032.parquet,377
00003522_000,00003522_000.jpg,train,0,Nodule,3522,0,54,F,PA,2500,2048,train,data/train-00004-of-00032.parquet,379
00003526_001,00003526_001.jpg,train,0,No Finding,3526,1,35,F,PA,2992,2991,train,data/train-00004-of-00032.parquet,422
00003527_007,00003527_007.jpg,train,1,Pneumothorax,3527,5,52,F,PA,2992,2991,train,data/train-00004-of-00032.parquet,430
00003534_003,00003534_003.jpg,train,1,Pneumothorax,3534,3,21,F,AP,2500,2048,train,data/train-00004-of-00032.parquet,449
00003535_000,00003535_000.jpg,train,0,No Finding,3535,11,18,F,AP,3056,2544,train,data/train-00004-of-00032.parquet,486
00003535_003,00003535_003.jpg,train,0,No Finding,3535,13,18,F,AP,3056,2544,train,data/train-00004-of-00032.parquet,489
00003543_000,00003543_000.jpg,train,0,No Finding,3543,0,62,M,PA,2500,2048,train,data/train-00004-of-00032.parquet,525
00003544_000,00003544_000.jpg,train,0,Atelectasis,3544,0,41,F,AP,2500,2048,train,data/train-00004-of-00032.parquet,526
00003546_016,00003546_016.jpg,train,1,Effusion|Infiltration|Pneumothorax,3546,16,27,M,PA,2500,2048,train,data/train-00004-of-00032.parquet,546
00003549_000,00003549_000.jpg,train,0,Atelectasis,3549,0,46,F,AP,2500,2048,train,data/train-00004-of-00032.parquet,567
00003562_000,00003562_000.jpg,train,0,No Finding,3562,0,33,F,PA,2500,2048,train,data/train-00004-of-00032.parquet,590
00003563_000,00003563_000.jpg,train,0,Atelectasis|Mass,3563,0,55,F,AP,2500,2048,train,data/train-00004-of-00032.parquet,592
00003565_000,00003565_000.jpg,train,0,No Finding,3565,0,28,F,PA,2048,2500,train,data/train-00004-of-00032.parquet,595
00003565_002,00003565_002.jpg,train,0,No Finding,3565,2,30,F,PA,2048,2500,train,data/train-00004-of-00032.parquet,597
00003566_000,00003566_000.jpg,train,0,No Finding,3566,0,45,M,AP,2500,2048,train,data/train-00004-of-00032.parquet,598
00003573_000,00003573_000.jpg,train,0,No Finding,3573,0,60,M,PA,2500,2048,train,data/train-00004-of-00032.parquet,629
00003574_010,00003574_010.jpg,train,1,Pneumothorax,3574,6,52,F,PA,2992,2991,train,data/train-00004-of-00032.parquet,646
00003577_000,00003577_000.jpg,train,0,No Finding,3577,0,63,M,PA,2992,2991,train,data/train-00004-of-00032.parquet,654
00003587_000,00003587_000.jpg,train,0,No Finding,3587,0,57,M,PA,2500,2048,train,data/train-00004-of-00032.parquet,675
00003593_001,00003593_001.jpg,train,0,Effusion|Infiltration,3593,1,64,M,PA,2992,2991,train,data/train-00004-of-00032.parquet,683
00003594_000,00003594_000.jpg,train,0,No Finding,3594,0,66,F,PA,2500,2048,train,data/train-00004-of-00032.parquet,689
00003595_001,00003595_001.jpg,train,0,Infiltration,3595,1,72,F,PA,2048,2500,train,data/train-00004-of-00032.parquet,691
00003602_000,00003602_000.jpg,train,0,No Finding,3602,0,41,F,PA,2048,2500,train,data/train-00004-of-00032.parquet,730
00003602_001,00003602_001.jpg,train,1,Pneumothorax,3602,1,43,F,PA,2048,2500,train,data/train-00004-of-00032.parquet,731
00003611_004,00003611_004.jpg,train,1,Infiltration|Pneumothorax,3611,4,24,F,PA,2048,2500,train,data/train-00004-of-00032.parquet,771
00003611_005,00003611_005.jpg,train,1,Infiltration|Nodule|Pneumothorax,3611,5,24,F,PA,2048,2500,train,data/train-00004-of-00032.parquet,772
00003623_000,00003623_000.jpg,train,0,No Finding,3623,0,47,M,AP,2500,2048,train,data/train-00004-of-00032.parquet,788
00003626_000,00003626_000.jpg,train,0,No Finding,3626,0,54,F,AP,3056,2544,train,data/train-00004-of-00032.parquet,791
00003630_001,00003630_001.jpg,train,0,No Finding,3630,1,51,M,PA,2500,2048,train,data/train-00004-of-00032.parquet,799
00003659_004,00003659_004.jpg,train,1,Pneumothorax,3659,15,59,F,PA,2021,2021,train,data/train-00004-of-00032.parquet,900
00003662_001,00003662_001.jpg,train,1,Pneumothorax,3662,9,58,F,PA,1768,2021,train,data/train-00004-of-00032.parquet,917
00003662_003,00003662_003.jpg,train,1,Pneumothorax,3662,1,48,F,PA,2048,2500,train,data/train-00004-of-00032.parquet,919
00003666_001,00003666_001.jpg,train,0,No Finding,3666,1,62,F,PA,2048,2500,train,data/train-00004-of-00032.parquet,944
00003670_002,00003670_002.jpg,train,0,No Finding,3670,2,35,F,PA,2048,2500,train,data/train-00004-of-00032.parquet,949
00003672_002,00003672_002.jpg,train,0,No Finding,3672,2,57,F,PA,2500,2048,train,data/train-00004-of-00032.parquet,956
00003678_000,00003678_000.jpg,train,0,No Finding,3678,0,45,M,PA,2500,2048,train,data/train-00004-of-00032.parquet,964
00003679_000,00003679_000.jpg,train,0,No Finding,3679,1,58,M,PA,2992,2991,train,data/train-00004-of-00032.parquet,966
00003681_001,00003681_001.jpg,train,0,No Finding,3681,1,54,M,PA,2500,2048,train,data/train-00004-of-00032.parquet,971
00003683_005,00003683_005.jpg,train,0,No Finding,3683,1,63,F,PA,2048,2500,train,data/train-00004-of-00032.parquet,982
00003685_000,00003685_000.jpg,train,0,Effusion|Emphysema|Pleural_Thickening,3685,0,57,M,PA,2500,2048,train,data/train-00004-of-00032.parquet,992
00003685_004,00003685_004.jpg,train,1,Effusion|Pleural_Thickening|Pneumothorax,3685,4,60,M,PA,2500,2048,train,data/train-00004-of-00032.parquet,996
00003686_000,00003686_000.jpg,train,0,No Finding,3686,0,85,M,AP,2500,2048,train,data/train-00004-of-00032.parquet,998
00003689_000,00003689_000.jpg,train,0,No Finding,3689,0,43,F,PA,2048,2500,train,data/train-00004-of-00032.parquet,1004
00003690_001,00003690_001.jpg,train,0,No Finding,3690,0,53,M,PA,2992,2921,train,data/train-00004-of-00032.parquet,1017
00003690_003,00003690_003.jpg,train,0,No Finding,3690,2,55,M,PA,2992,2991,train,data/train-00004-of-00032.parquet,1019
00003696_001,00003696_001.jpg,train,0,No Finding,3696,1,36,F,PA,2240,2349,train,data/train-00004-of-00032.parquet,1036
00003698_000,00003698_000.jpg,train,0,No Finding,3698,0,58,M,PA,2500,2048,train,data/train-00004-of-00032.parquet,1038
00003699_000,00003699_000.jpg,train,0,Edema|Infiltration|Pneumonia,3699,0,51,M,PA,2500,2048,train,data/train-00004-of-00032.parquet,1039
00003700_000,00003700_000.jpg,train,0,No Finding,3700,2,64,F,PA,1861,1825,train,data/train-00004-of-00032.parquet,1040
00003703_001,00003703_001.jpg,train,0,No Finding,3703,1,51,M,AP,2500,2048,train,data/train-00004-of-00032.parquet,1050
00003706_000,00003706_000.jpg,train,0,No Finding,3706,0,48,F,PA,2722,2991,train,data/train-00004-of-00032.parquet,1054
00003709_003,00003709_003.jpg,train,1,Atelectasis|Pneumothorax,3709,13,61,F,PA,1785,1678,train,data/train-00004-of-00032.parquet,1064
00003709_011,00003709_011.jpg,train,1,Pneumothorax,3709,7,55,F,PA,2992,2991,train,data/train-00004-of-00032.parquet,1072
00003717_000,00003717_000.jpg,train,0,No Finding,3717,0,47,M,PA,2500,2048,train,data/train-00004-of-00032.parquet,1084
00003719_010,00003719_010.jpg,train,1,Effusion|Pneumothorax,3719,10,55,F,PA,2992,2991,train,data/train-00004-of-00032.parquet,1100
00003721_001,00003721_001.jpg,val,0,Atelectasis|Cardiomegaly,3721,1,54,F,PA,2048,2500,train,data/train-00004-of-00032.parquet,1107
00003722_010,00003722_010.jpg,val,1,Pneumothorax,3722,10,55,M,AP,3056,2544,train,data/train-00004-of-00032.parquet,1118
00003722_011,00003722_011.jpg,val,1,Pneumothorax,3722,11,55,M,AP,3056,2544,train,data/train-00004-of-00032.parquet,1119
00003723_001,00003723_001.jpg,train,0,No Finding,3723,1,59,F,PA,2048,2500,train,data/train-00004-of-00032.parquet,1135
00003727_000,00003727_000.jpg,train,0,No Finding,3727,0,54,M,PA,2500,2048,train,data/train-00004-of-00032.parquet,1149
00003729_000,00003729_000.jpg,train,0,No Finding,3729,0,27,F,PA,2698,2729,train,data/train-00004-of-00032.parquet,1152
00003735_000,00003735_000.jpg,val,0,No Finding,3735,0,60,F,PA,2048,2500,train,data/train-00004-of-00032.parquet,1168
00003735_001,00003735_001.jpg,val,0,Effusion,3735,1,60,F,PA,2048,2500,train,data/train-00004-of-00032.parquet,1169
00003737_001,00003737_001.jpg,train,0,Atelectasis|Effusion|Mass,3737,1,58,M,PA,2500,2048,train,data/train-00004-of-00032.parquet,1174
00003739_002,00003739_002.jpg,train,0,No Finding,3739,1,50,M,AP,2500,2048,train,data/train-00004-of-00032.parquet,1179
00003740_000,00003740_000.jpg,train,0,No Finding,3740,0,45,F,PA,2048,2500,train,data/train-00004-of-00032.parquet,1181
00003741_002,00003741_002.jpg,train,0,No Finding,3741,2,69,M,PA,2500,2048,train,data/train-00004-of-00032.parquet,1184
00003743_000,00003743_000.jpg,val,0,Effusion,3743,0,21,F,PA,2048,2500,train,data/train-00004-of-00032.parquet,1194
00003743_001,00003743_001.jpg,val,0,Effusion,3743,1,21,F,PA,2048,2500,train,data/train-00004-of-00032.parquet,1195
00003744_000,00003744_000.jpg,train,0,Cardiomegaly,3744,0,76,F,PA,2048,2500,train,data/train-00004-of-00032.parquet,1199
00003745_000,00003745_000.jpg,train,0,No Finding,3745,0,44,M,PA,2770,2991,train,data/train-00004-of-00032.parquet,1200
00003750_000,00003750_000.jpg,train,0,No Finding,3750,0,38,M,PA,2048,2500,train,data/train-00004-of-00032.parquet,1209
00003753_001,00003753_001.jpg,train,0,Infiltration,3753,1,39,F,PA,2426,2981,train,data/train-00004-of-00032.parquet,1224
00003754_002,00003754_002.jpg,train,0,No Finding,3754,2,43,M,PA,2500,2048,train,data/train-00004-of-00032.parquet,1227
00003759_001,00003759_001.jpg,train,0,No Finding,3759,1,49,F,AP,2500,2048,train,data/train-00004-of-00032.parquet,1241
00003760_000,00003760_000.jpg,train,1,Pneumothorax,3760,0,76,F,AP,2500,2048,train,data/train-00004-of-00032.parquet,1244
00003761_001,00003761_001.jpg,train,0,Effusion|Infiltration,3761,1,36,M,PA,2048,2500,train,data/train-00004-of-00032.parquet,1246
00003763_000,00003763_000.jpg,train,0,No Finding,3763,0,52,F,PA,2048,2500,train,data/train-00004-of-00032.parquet,1248
00003766_001,00003766_001.jpg,train,0,Effusion,3766,1,52,F,PA,2048,2500,train,data/train-00004-of-00032.parquet,1255
00003768_001,00003768_001.jpg,train,0,No Finding,3768,1,34,F,PA,2048,2500,train,data/train-00004-of-00032.parquet,1258
00003769_002,00003769_002.jpg,train,0,No Finding,3769,2,53,M,PA,2500,2048,train,data/train-00004-of-00032.parquet,1263
00003771_002,00003771_002.jpg,train,0,No Finding,3771,2,37,F,PA,2992,2991,train,data/train-00004-of-00032.parquet,1285
00003778_001,00003778_001.jpg,train,0,No Finding,3778,1,41,F,PA,2048,2500,train,data/train-00004-of-00032.parquet,1298
00003818_000,00003818_000.jpg,train,0,No Finding,3818,0,47,M,PA,2048,2500,train,data/train-00004-of-00032.parquet,1400
00003821_000,00003821_000.jpg,val,0,No Finding,3821,0,79,M,PA,2500,2048,train,data/train-00004-of-00032.parquet,1405
00003821_001,00003821_001.jpg,val,0,No Finding,3821,1,79,M,PA,2500,2048,train,data/train-00004-of-00032.parquet,1406
00003821_002,00003821_002.jpg,val,0,Effusion|Pleural_Thickening,3821,2,80,M,PA,2500,2048,train,data/train-00004-of-00032.parquet,1407
00003825_000,00003825_000.jpg,train,0,No Finding,3825,0,43,F,PA,2048,2500,train,data/train-00004-of-00032.parquet,1412
00003827_000,00003827_000.jpg,train,1,Pneumothorax,3827,0,55,F,PA,2500,2048,train,data/train-00004-of-00032.parquet,1416
00003830_000,00003830_000.jpg,val,0,No Finding,3830,0,65,F,PA,2500,2048,train,data/train-00004-of-00032.parquet,1419
00003830_001,00003830_001.jpg,val,0,No Finding,3830,1,65,F,PA,2500,2048,train,data/train-00004-of-00032.parquet,1420
00003836_000,00003836_000.jpg,train,0,No Finding,3836,0,42,M,PA,2992,2991,train,data/train-00004-of-00032.parquet,1433
00003837_001,00003837_001.jpg,train,0,Mass,3837,1,48,F,PA,2048,2500,train,data/train-00004-of-00032.parquet,1435
00003840_000,00003840_000.jpg,val,0,No Finding,3840,0,53,F,PA,2500,2048,train,data/train-00004-of-00032.parquet,1448
00003840_002,00003840_002.jpg,val,1,Pneumothorax,3840,2,55,F,PA,2992,2991,train,data/train-00004-of-00032.parquet,1450
00003841_008,00003841_008.jpg,train,0,No Finding,3841,0,33,M,PA,2500,2048,train,data/train-00004-of-00032.parquet,1460
00003842_000,00003842_000.jpg,val,0,No Finding,3842,0,29,M,PA,2021,2021,train,data/train-00004-of-00032.parquet,1468
00003843_000,00003843_000.jpg,val,0,Atelectasis,3843,0,49,M,AP,2500,2048,train,data/train-00004-of-00032.parquet,1469
00003851_005,00003851_005.jpg,train,0,Nodule,3851,0,42,M,PA,2992,2991,train,data/train-00004-of-00032.parquet,1496
00003856_001,00003856_001.jpg,train,1,Pneumothorax,3856,1,62,F,AP,3056,2544,train,data/train-00004-of-00032.parquet,1504
00003863_000,00003863_000.jpg,train,0,No Finding,3863,0,47,M,AP,2500,2048,train,data/train-00004-of-00032.parquet,1518
00003863_002,00003863_002.jpg,train,0,No Finding,3863,2,47,M,AP,2500,2048,train,data/train-00004-of-00032.parquet,1520
00003876_002,00003876_002.jpg,train,0,No Finding,3876,1,49,M,PA,2992,2991,train,data/train-00004-of-00032.parquet,1596
00003882_001,00003882_001.jpg,train,0,No Finding,3882,1,50,M,AP,2500,2048,train,data/train-00004-of-00032.parquet,1613
00003885_000,00003885_000.jpg,train,0,No Finding,3885,0,30,M,PA,2500,2048,train,data/train-00004-of-00032.parquet,1622
00003891_002,00003891_002.jpg,train,0,No Finding,3891,2,56,M,PA,2500,2048,train,data/train-00004-of-00032.parquet,1639
00003893_002,00003893_002.jpg,train,0,No Finding,3893,1,65,F,PA,2048,2500,train,data/train-00004-of-00032.parquet,1643
00003895_000,00003895_000.jpg,train,0,No Finding,3895,0,24,F,AP,2500,2048,train,data/train-00004-of-00032.parquet,1645
00003896_002,00003896_002.jpg,train,0,No Finding,3896,2,71,F,PA,2758,2657,train,data/train-00004-of-00032.parquet,1654
00003897_000,00003897_000.jpg,train,0,No Finding,3897,0,60,M,PA,2500,2048,train,data/train-00004-of-00032.parquet,1659
00003916_001,00003916_001.jpg,train,1,Effusion|Pneumothorax,3916,1,19,M,PA,2048,2500,train,data/train-00004-of-00032.parquet,1697
00003916_002,00003916_002.jpg,train,1,Atelectasis|Effusion|Infiltration|Pneumothorax,3916,2,19,M,PA,2048,2500,train,data/train-00004-of-00032.parquet,1698
00003990_006,00003990_006.jpg,train,1,Atelectasis|Pneumothorax,3990,6,47,F,AP,2500,2048,train,data/train-00004-of-00032.parquet,1901
00003991_000,00003991_000.jpg,train,0,No Finding,3991,0,65,F,AP,2500,2048,train,data/train-00004-of-00032.parquet,1914
00003998_000,00003998_000.jpg,train,0,No Finding,3998,0,63,M,PA,2500,2048,train,data/train-00004-of-00032.parquet,1925
00004000_002,00004000_002.jpg,train,0,Cardiomegaly|Effusion,4000,2,46,F,PA,2048,2500,train,data/train-00004-of-00032.parquet,1929
00004017_000,00004017_000.jpg,train,0,Consolidation|Mass|Pleural_Thickening,4017,0,62,F,PA,2048,2500,train,data/train-00004-of-00032.parquet,2072
00004022_002,00004022_002.jpg,train,1,Pneumothorax,4022,2,48,F,PA,2992,2991,train,data/train-00004-of-00032.parquet,2080
00004034_002,00004034_002.jpg,train,1,Pneumothorax,4034,1,47,F,AP,2048,2500,train,data/train-00004-of-00032.parquet,2100
00004034_004,00004034_004.jpg,train,1,Atelectasis|Edema|Effusion|Pneumonia|Pneumothorax,4034,3,47,F,PA,2992,2991,train,data/train-00004-of-00032.parquet,2102
00004046_000,00004046_000.jpg,train,0,No Finding,4046,0,61,M,PA,2500,2048,train,data/train-00004-of-00032.parquet,2135
00004055_000,00004055_000.jpg,train,0,No Finding,4055,0,52,M,PA,2048,2500,train,data/train-00004-of-00032.parquet,2166
00004057_002,00004057_002.jpg,train,0,No Finding,4057,2,45,M,PA,3056,2484,train,data/train-00004-of-00032.parquet,2170
00004069_004,00004069_004.jpg,train,0,No Finding,4069,1,40,F,PA,2342,2480,train,data/train-00004-of-00032.parquet,2210
00004069_005,00004069_005.jpg,train,0,No Finding,4069,2,40,F,PA,2270,2991,train,data/train-00004-of-00032.parquet,2211
00004073_000,00004073_000.jpg,train,0,Infiltration,4073,0,25,M,PA,2048,2500,train,data/train-00004-of-00032.parquet,2218
00004074_001,00004074_001.jpg,train,0,No Finding,4074,1,47,M,PA,2500,2048,train,data/train-00004-of-00032.parquet,2222
00004075_000,00004075_000.jpg,val,0,Atelectasis|Pneumonia,4075,0,32,F,PA,2048,2500,train,data/train-00004-of-00032.parquet,2223
00004075_001,00004075_001.jpg,val,0,No Finding,4075,1,32,F,PA,2048,2500,train,data/train-00004-of-00032.parquet,2224
00004076_000,00004076_000.jpg,train,0,No Finding,4076,0,59,F,PA,2048,2500,train,data/train-00004-of-00032.parquet,2226
00004077_000,00004077_000.jpg,train,0,No Finding,4077,0,50,F,PA,2048,2500,train,data/train-00004-of-00032.parquet,2227
00004079_001,00004079_001.jpg,train,0,No Finding,4079,1,62,M,PA,2982,2701,train,data/train-00004-of-00032.parquet,2230
00004084_000,00004084_000.jpg,val,0,Atelectasis|Effusion,4084,0,33,F,PA,2500,2048,train,data/train-00004-of-00032.parquet,2251
00004085_010,00004085_010.jpg,val,1,Pneumothorax,4085,6,47,F,PA,2598,2991,train,data/train-00004-of-00032.parquet,2262
00004088_000,00004088_000.jpg,val,0,No Finding,4088,0,49,F,PA,2048,2500,train,data/train-00004-of-00032.parquet,2265
00004088_001,00004088_001.jpg,val,1,Pneumothorax,4088,1,50,F,PA,2048,2500,train,data/train-00004-of-00032.parquet,2266
00004088_002,00004088_002.jpg,val,0,No Finding,4088,2,50,F,PA,2048,2500,train,data/train-00004-of-00032.parquet,2267
00004092_004,00004092_004.jpg,train,1,Pneumothorax,4092,4,64,F,PA,2992,2991,train,data/train-00004-of-00032.parquet,2277
00004093_001,00004093_001.jpg,train,0,Effusion,4093,1,44,M,PA,2500,2048,train,data/train-00004-of-00032.parquet,2279
00004094_008,00004094_008.jpg,train,1,Mass|Pneumothorax,4094,8,24,M,PA,2048,2500,train,data/train-00004-of-00032.parquet,2289
00004096_000,00004096_000.jpg,val,0,Atelectasis,4096,0,18,F,AP,2500,2048,train,data/train-00004-of-00032.parquet,2292
00004096_001,00004096_001.jpg,val,0,Pleural_Thickening,4096,1,19,F,PA,2048,2500,train,data/train-00004-of-00032.parquet,2293
00004098_000,00004098_000.jpg,train,0,No Finding,4098,0,72,F,PA,2048,2500,train,data/train-00004-of-00032.parquet,2295
00004103_000,00004103_000.jpg,train,1,Pneumothorax,4103,0,53,M,PA,2500,2048,train,data/train-00004-of-00032.parquet,2301
00004105_000,00004105_000.jpg,train,0,No Finding,4105,0,53,F,PA,2992,2991,train,data/train-00004-of-00032.parquet,2305
00004106_000,00004106_000.jpg,train,0,No Finding,4106,0,35,F,PA,2048,2500,train,data/train-00004-of-00032.parquet,2306
00004109_000,00004109_000.jpg,val,0,No Finding,4109,0,54,F,PA,2048,2500,train,data/train-00004-of-00032.parquet,2313
00004109_003,00004109_003.jpg,val,1,Pneumothorax,4109,3,58,F,PA,2992,2991,train,data/train-00004-of-00032.parquet,2316
00004116_000,00004116_000.jpg,val,0,No Finding,4116,0,49,M,PA,2048,2500,train,data/train-00004-of-00032.parquet,2327
00004117_000,00004117_000.jpg,train,0,Mass,4117,0,68,F,PA,2048,2500,train,data/train-00004-of-00032.parquet,2328
00004118_000,00004118_000.jpg,val,0,No Finding,4118,0,23,M,AP,2500,2048,train,data/train-00004-of-00032.parquet,2329
00004118_001,00004118_001.jpg,val,0,No Finding,4118,1,23,M,PA,2048,2500,train,data/train-00004-of-00032.parquet,2330
00004121_000,00004121_000.jpg,train,0,Effusion|Pleural_Thickening,4121,0,49,F,PA,2734,2769,train,data/train-00004-of-00032.parquet,2334
00004123_001,00004123_001.jpg,train,0,No Finding,4123,1,52,M,AP,2500,2048,train,data/train-00004-of-00032.parquet,2344
00004126_000,00004126_000.jpg,val,0,Fibrosis,4126,0,40,M,PA,2048,2500,train,data/train-00004-of-00032.parquet,2357
00004126_001,00004126_001.jpg,val,0,Fibrosis,4126,1,40,M,PA,2500,2048,train,data/train-00004-of-00032.parquet,2358
00004127_000,00004127_000.jpg,val,0,No Finding,4127,0,40,F,PA,2048,2500,train,data/train-00004-of-00032.parquet,2359
00004149_001,00004149_001.jpg,train,0,No Finding,4149,1,57,M,PA,2500,2048,train,data/train-00004-of-00032.parquet,2409
00004153_000,00004153_000.jpg,train,0,No Finding,4153,0,36,F,PA,2048,2500,train,data/train-00004-of-00032.parquet,2416
00004155_001,00004155_001.jpg,train,0,No Finding,4155,1,50,F,PA,2500,2048,train,data/train-00004-of-00032.parquet,2420
00004155_002,00004155_002.jpg,train,0,No Finding,4155,2,52,F,PA,2992,2991,train,data/train-00004-of-00032.parquet,2421
00004156_001,00004156_001.jpg,train,0,Mass,4156,1,73,M,PA,2500,2048,train,data/train-00004-of-00032.parquet,2424
00004157_000,00004157_000.jpg,train,0,No Finding,4157,0,67,F,PA,2544,2884,train,data/train-00004-of-00032.parquet,2432
00004161_000,00004161_000.jpg,train,0,No Finding,4161,0,41,M,PA,2500,2048,train,data/train-00004-of-00032.parquet,2437
00004163_004,00004163_004.jpg,train,1,Consolidation|Pneumothorax,4163,4,49,M,PA,2500,2048,train,data/train-00004-of-00032.parquet,2443
00004166_000,00004166_000.jpg,train,0,Effusion|Infiltration,4166,0,50,M,PA,3056,2544,train,data/train-00004-of-00032.parquet,2449
00004168_010,00004168_010.jpg,train,0,No Finding,4168,8,18,F,PA,2016,2298,train,data/train-00004-of-00032.parquet,2461
00004170_003,00004170_003.jpg,train,0,Nodule,4170,2,39,F,PA,2992,2991,train,data/train-00004-of-00032.parquet,2473
00004178_000,00004178_000.jpg,train,0,No Finding,4178,0,40,F,PA,2048,2500,train,data/train-00004-of-00032.parquet,2486
00004178_001,00004178_001.jpg,train,0,Pleural_Thickening,4178,1,40,F,PA,2048,2500,train,data/train-00004-of-00032.parquet,2487
00004184_001,00004184_001.jpg,train,0,No Finding,4184,0,24,F,PA,2618,2749,train,data/train-00004-of-00032.parquet,2499
00004186_003,00004186_003.jpg,train,1,Atelectasis|Pneumothorax,4186,2,49,F,AP,2500,2048,train,data/train-00004-of-00032.parquet,2505
00004186_005,00004186_005.jpg,train,1,Atelectasis|Pneumothorax,4186,4,49,F,PA,2048,2500,train,data/train-00004-of-00032.parquet,2507
00004186_006,00004186_006.jpg,train,1,Emphysema|Pneumothorax,4186,5,49,F,PA,2048,2500,train,data/train-00004-of-00032.parquet,2508
00004191_000,00004191_000.jpg,train,0,No Finding,4191,1,31,F,PA,2870,2991,train,data/train-00004-of-00032.parquet,2515
00004191_001,00004191_001.jpg,train,0,No Finding,4191,0,23,F,PA,2048,2500,train,data/train-00004-of-00032.parquet,2516
00004196_001,00004196_001.jpg,train,0,No Finding,4196,1,53,M,PA,2500,2048,train,data/train-00004-of-00032.parquet,2527
00004209_001,00004209_001.jpg,train,0,No Finding,4209,1,53,M,AP,2500,2048,train,data/train-00004-of-00032.parquet,2574
00004212_000,00004212_000.jpg,train,0,No Finding,4212,0,51,F,PA,2048,2500,train,data/train-00004-of-00032.parquet,2578
00004215_000,00004215_000.jpg,train,0,No Finding,4215,0,45,F,PA,2048,2500,train,data/train-00004-of-00032.parquet,2581
00004216_001,00004216_001.jpg,train,0,No Finding,4216,1,56,F,AP,2500,2048,train,data/train-00004-of-00032.parquet,2583
00004221_000,00004221_000.jpg,train,0,No Finding,4221,0,43,F,PA,2048,2500,train,data/train-00004-of-00032.parquet,2592
00004223_000,00004223_000.jpg,train,0,No Finding,4223,0,62,F,PA,2048,2500,train,data/train-00004-of-00032.parquet,2597
00004328_000,00004328_000.jpg,train,0,No Finding,4328,0,58,M,AP,2500,2048,train,data/train-00005-of-00032.parquet,106
00004329_000,00004329_000.jpg,train,0,No Finding,4329,0,71,M,PA,2500,2048,train,data/train-00005-of-00032.parquet,115
00004335_000,00004335_000.jpg,train,0,No Finding,4335,0,39,F,PA,2048,2500,train,data/train-00005-of-00032.parquet,124
00004338_001,00004338_001.jpg,train,0,No Finding,4338,1,49,M,AP,2500,2048,train,data/train-00005-of-00032.parquet,128
00004338_002,00004338_002.jpg,train,0,Edema,4338,2,49,M,AP,2500,2048,train,data/train-00005-of-00032.parquet,129
00004340_003,00004340_003.jpg,train,1,Pneumothorax,4340,3,65,M,AP,2500,2048,train,data/train-00005-of-00032.parquet,149
00004345_000,00004345_000.jpg,train,0,No Finding,4345,0,72,F,PA,2500,2048,train,data/train-00005-of-00032.parquet,154
00004351_001,00004351_001.jpg,train,0,No Finding,4351,1,43,M,PA,2500,2048,train,data/train-00005-of-00032.parquet,161
00004351_002,00004351_002.jpg,train,0,No Finding,4351,2,43,M,AP,2500,2048,train,data/train-00005-of-00032.parquet,162
00004356_000,00004356_000.jpg,train,0,No Finding,4356,0,41,F,PA,2048,2500,train,data/train-00005-of-00032.parquet,168
00004362_000,00004362_000.jpg,train,0,No Finding,4362,0,29,F,PA,2048,2500,train,data/train-00005-of-00032.parquet,202
00004366_001,00004366_001.jpg,train,0,No Finding,4366,1,36,M,PA,2500,2048,train,data/train-00005-of-00032.parquet,215
00004375_000,00004375_000.jpg,train,0,No Finding,4375,0,61,M,PA,2500,2048,train,data/train-00005-of-00032.parquet,229
00004375_001,00004375_001.jpg,train,0,No Finding,4375,1,63,M,PA,2992,2991,train,data/train-00005-of-00032.parquet,230
00004383_000,00004383_000.jpg,train,0,Pleural_Thickening,4383,0,45,F,PA,2048,2500,train,data/train-00005-of-00032.parquet,240
00004388_000,00004388_000.jpg,train,0,No Finding,4388,0,43,F,PA,2048,2500,train,data/train-00005-of-00032.parquet,245
00004391_000,00004391_000.jpg,train,0,No Finding,4391,0,63,M,PA,2500,2048,train,data/train-00005-of-00032.parquet,248
00004404_000,00004404_000.jpg,train,0,No Finding,4404,0,31,M,AP,2500,2048,train,data/train-00005-of-00032.parquet,274
00004404_008,00004404_008.jpg,train,1,Infiltration|Pneumothorax,4404,8,32,M,PA,2500,2048,train,data/train-00005-of-00032.parquet,282
00004408_000,00004408_000.jpg,train,0,No Finding,4408,0,63,F,PA,2650,2729,train,data/train-00005-of-00032.parquet,287
00004413_001,00004413_001.jpg,train,1,Effusion|Pneumothorax,4413,1,45,M,PA,2500,2048,train,data/train-00005-of-00032.parquet,294
00004415_000,00004415_000.jpg,train,0,No Finding,4415,0,69,M,PA,2500,2048,train,data/train-00005-of-00032.parquet,297
00004417_000,00004417_000.jpg,train,0,No Finding,4417,0,38,M,PA,2500,2048,train,data/train-00005-of-00032.parquet,299
00004525_001,00004525_001.jpg,train,0,No Finding,4525,1,62,F,AP,2500,2048,train,data/train-00005-of-00032.parquet,606
00004527_000,00004527_000.jpg,train,0,No Finding,4527,0,24,F,PA,2048,2500,train,data/train-00005-of-00032.parquet,614
00004528_000,00004528_000.jpg,train,0,Nodule,4528,0,49,M,PA,2021,2021,train,data/train-00005-of-00032.parquet,615
00004536_000,00004536_000.jpg,train,0,No Finding,4536,0,60,F,PA,2048,2500,train,data/train-00005-of-00032.parquet,632
00004536_001,00004536_001.jpg,train,0,Atelectasis|Effusion|Infiltration,4536,1,60,F,AP,2500,2048,train,data/train-00005-of-00032.parquet,633
00004538_000,00004538_000.jpg,train,0,No Finding,4538,0,72,F,AP,2500,2048,train,data/train-00005-of-00032.parquet,635
00004540_000,00004540_000.jpg,train,1,Atelectasis|Effusion|Infiltration|Mass|Pneumothorax,4540,0,51,M,PA,2500,2048,train,data/train-00005-of-00032.parquet,637
00004542_001,00004542_001.jpg,train,0,No Finding,4542,1,54,M,PA,2500,2048,train,data/train-00005-of-00032.parquet,643
00004544_002,00004544_002.jpg,train,0,Edema|Infiltration,4544,1,46,M,AP,2500,2048,train,data/train-00005-of-00032.parquet,653
00004563_000,00004563_000.jpg,train,0,No Finding,4563,0,55,M,PA,2968,2456,train,data/train-00005-of-00032.parquet,693
00004570_000,00004570_000.jpg,train,0,No Finding,4570,0,58,F,PA,2048,2500,train,data/train-00005-of-00032.parquet,705
00004571_000,00004571_000.jpg,train,0,No Finding,4571,0,71,M,AP,2500,2048,train,data/train-00005-of-00032.parquet,706
00004576_001,00004576_001.jpg,train,0,No Finding,4576,1,57,M,PA,2500,2048,train,data/train-00005-of-00032.parquet,731
00004581_007,00004581_007.jpg,train,1,Pneumothorax,4581,8,64,M,PA,3052,2428,train,data/train-00005-of-00032.parquet,755
00004582_003,00004582_003.jpg,train,0,No Finding,4582,2,26,M,PA,2048,2500,train,data/train-00005-of-00032.parquet,762
00004621_002,00004621_002.jpg,train,0,No Finding,4621,2,72,M,PA,2500,2048,train,data/train-00005-of-00032.parquet,901
00004623_000,00004623_000.jpg,train,0,No Finding,4623,0,52,F,PA,2048,2500,train,data/train-00005-of-00032.parquet,907
00004633_000,00004633_000.jpg,train,0,No Finding,4633,0,40,F,PA,2048,2500,train,data/train-00005-of-00032.parquet,926
00004639_000,00004639_000.jpg,train,0,Infiltration,4639,1,44,F,PA,2544,3056,train,data/train-00005-of-00032.parquet,934
00004640_000,00004640_000.jpg,train,0,No Finding,4640,0,36,F,PA,2048,2500,train,data/train-00005-of-00032.parquet,937
00004641_001,00004641_001.jpg,train,0,Fibrosis,4641,1,46,F,PA,2992,2991,train,data/train-00005-of-00032.parquet,939
00004643_001,00004643_001.jpg,train,0,No Finding,4643,1,54,M,AP,2500,2048,train,data/train-00005-of-00032.parquet,942
00004644_004,00004644_004.jpg,train,0,No Finding,4644,2,23,F,PA,2048,2500,train,data/train-00005-of-00032.parquet,952
00004651_003,00004651_003.jpg,train,0,No Finding,4651,2,22,M,PA,2048,2500,train,data/train-00005-of-00032.parquet,979
00004655_000,00004655_000.jpg,train,0,No Finding,4655,0,61,M,AP,2500,2048,train,data/train-00005-of-00032.parquet,997
00004656_000,00004656_000.jpg,train,1,Mass|Pneumothorax,4656,0,44,M,PA,2500,2048,train,data/train-00005-of-00032.parquet,999
00004661_000,00004661_000.jpg,train,0,Consolidation|Effusion,4661,0,66,F,PA,2826,2991,train,data/train-00005-of-00032.parquet,1007
00004665_001,00004665_001.jpg,train,0,Mass,4665,1,53,M,PA,2500,2048,train,data/train-00005-of-00032.parquet,1012
00004668_002,00004668_002.jpg,train,0,No Finding,4668,2,73,M,PA,2530,2729,train,data/train-00005-of-00032.parquet,1021
00004670_000,00004670_000.jpg,train,0,Nodule,4670,0,68,F,PA,2048,2500,train,data/train-00005-of-00032.parquet,1026
00004679_000,00004679_000.jpg,train,0,No Finding,4679,0,67,F,PA,2048,2500,train,data/train-00005-of-00032.parquet,1066
00004680_002,00004680_002.jpg,train,1,Pneumothorax,4680,2,30,M,AP,2500,2048,train,data/train-00005-of-00032.parquet,1071
00004687_000,00004687_000.jpg,train,0,No Finding,4687,0,52,M,PA,2500,2048,train,data/train-00005-of-00032.parquet,1094
00004691_000,00004691_000.jpg,train,0,No Finding,4691,0,46,F,PA,2048,2500,train,data/train-00005-of-00032.parquet,1100
00004691_001,00004691_001.jpg,train,0,No Finding,4691,1,46,F,AP,2500,2048,train,data/train-00005-of-00032.parquet,1101
00004694_000,00004694_000.jpg,train,0,No Finding,4694,0,36,M,PA,2500,2048,train,data/train-00005-of-00032.parquet,1105
00004722_001,00004722_001.jpg,train,0,Nodule,4722,1,51,F,AP,2500,2048,train,data/train-00005-of-00032.parquet,1151
00004722_002,00004722_002.jpg,train,0,Mass,4722,2,51,F,PA,2048,2500,train,data/train-00005-of-00032.parquet,1152
00004727_000,00004727_000.jpg,train,1,Pneumothorax,4727,0,41,F,PA,2500,2048,train,data/train-00005-of-00032.parquet,1170
00004727_001,00004727_001.jpg,train,1,Pneumothorax,4727,1,42,F,PA,2048,2500,train,data/train-00005-of-00032.parquet,1171
00004727_003,00004727_003.jpg,train,1,Pneumothorax,4727,3,43,F,PA,2514,2609,train,data/train-00005-of-00032.parquet,1173
00004728_001,00004728_001.jpg,train,0,Cardiomegaly,4728,1,63,F,PA,2048,2500,train,data/train-00005-of-00032.parquet,1176
00004728_002,00004728_002.jpg,train,1,Pneumothorax,4728,2,66,F,PA,2606,2991,train,data/train-00005-of-00032.parquet,1177
00004729_000,00004729_000.jpg,train,0,No Finding,4729,0,48,M,PA,2500,2048,train,data/train-00005-of-00032.parquet,1178
00004734_001,00004734_001.jpg,train,0,No Finding,4734,0,37,F,PA,2048,2500,train,data/train-00005-of-00032.parquet,1185
00004737_008,00004737_008.jpg,train,1,Consolidation|Effusion|Pneumothorax,4737,0,41,M,PA,2992,2991,train,data/train-00005-of-00032.parquet,1211
00004737_010,00004737_010.jpg,train,0,No Finding,4737,2,43,M,PA,2992,2991,train,data/train-00005-of-00032.parquet,1213
00004738_002,00004738_002.jpg,train,0,Mass,4738,2,66,F,PA,2048,2500,train,data/train-00005-of-00032.parquet,1222
00004744_000,00004744_000.jpg,train,0,Nodule,4744,0,58,M,PA,2500,2048,train,data/train-00005-of-00032.parquet,1233
00004745_001,00004745_001.jpg,train,0,Atelectasis,4745,1,75,M,AP,2500,2048,train,data/train-00005-of-00032.parquet,1235
00004750_002,00004750_002.jpg,train,0,No Finding,4750,2,76,F,AP,2500,2048,train,data/train-00005-of-00032.parquet,1273
00004754_000,00004754_000.jpg,train,0,Nodule,4754,0,62,M,PA,2992,2991,train,data/train-00005-of-00032.parquet,1290
00004755_000,00004755_000.jpg,train,0,No Finding,4755,0,37,F,PA,2992,2991,train,data/train-00005-of-00032.parquet,1291
00004758_000,00004758_000.jpg,train,0,No Finding,4758,0,50,M,PA,2048,2500,train,data/train-00005-of-00032.parquet,1313
00004761_004,00004761_004.jpg,train,1,Consolidation|Pneumothorax,4761,4,61,M,AP,2500,2048,train,data/train-00005-of-00032.parquet,1321
00004765_000,00004765_000.jpg,train,0,No Finding,4765,0,29,F,PA,2048,2500,train,data/train-00005-of-00032.parquet,1331
00004769_001,00004769_001.jpg,train,0,No Finding,4769,1,35,F,PA,2500,2048,train,data/train-00005-of-00032.parquet,1336
00004773_000,00004773_000.jpg,train,0,No Finding,4773,0,45,M,PA,2048,2500,train,data/train-00005-of-00032.parquet,1345
00004775_002,00004775_002.jpg,train,0,Consolidation|Effusion|Infiltration,4775,2,73,F,AP,2500,2048,train,data/train-00005-of-00032.parquet,1352
00004781_000,00004781_000.jpg,train,0,No Finding,4781,0,54,M,PA,2500,2048,train,data/train-00005-of-00032.parquet,1358
00004782_000,00004782_000.jpg,train,0,No Finding,4782,0,32,F,PA,2048,2500,train,data/train-00005-of-00032.parquet,1359
00004783_000,00004783_000.jpg,train,0,No Finding,4783,0,41,M,AP,2500,2048,train,data/train-00005-of-00032.parquet,1360
00004793_001,00004793_001.jpg,train,0,No Finding,4793,1,34,M,PA,2774,2991,train,data/train-00005-of-00032.parquet,1380
00004794_001,00004794_001.jpg,train,0,No Finding,4794,1,46,F,PA,2614,2813,train,data/train-00005-of-00032.parquet,1382
00004798_000,00004798_000.jpg,val,0,No Finding,4798,0,32,F,PA,2992,2991,train,data/train-00005-of-00032.parquet,1387
00004800_000,00004800_000.jpg,val,1,Pneumothorax,4800,0,44,F,AP,2500,2048,train,data/train-00005-of-00032.parquet,1398
00004800_001,00004800_001.jpg,val,1,Pneumothorax,4800,1,44,F,PA,2048,2500,train,data/train-00005-of-00032.parquet,1399
00004800_002,00004800_002.jpg,val,1,Pneumothorax,4800,2,44,F,PA,2048,2500,train,data/train-00005-of-00032.parquet,1400
00004803_003,00004803_003.jpg,train,0,No Finding,4803,2,50,F,PA,2500,2048,train,data/train-00005-of-00032.parquet,1408
00004809_000,00004809_000.jpg,train,0,No Finding,4809,0,36,F,PA,2500,2048,train,data/train-00005-of-00032.parquet,1414
00004813_000,00004813_000.jpg,val,0,No Finding,4813,0,24,M,PA,2500,2048,train,data/train-00005-of-00032.parquet,1427
00004816_000,00004816_000.jpg,train,0,No Finding,4816,0,72,F,PA,2048,2500,train,data/train-00005-of-00032.parquet,1430
00004823_000,00004823_000.jpg,train,0,No Finding,4823,0,21,M,PA,2500,2048,train,data/train-00005-of-00032.parquet,1447
00004824_010,00004824_010.jpg,train,1,Cardiomegaly|Infiltration|Pneumothorax,4824,3,51,F,PA,2826,2991,train,data/train-00005-of-00032.parquet,1458
00004829_000,00004829_000.jpg,train,0,Nodule,4829,0,63,M,PA,2500,2048,train,data/train-00005-of-00032.parquet,1471
00004839_000,00004839_000.jpg,train,0,No Finding,4839,0,63,M,AP,2500,2048,train,data/train-00005-of-00032.parquet,1540
00004839_002,00004839_002.jpg,train,0,No Finding,4839,2,64,M,AP,2500,2048,train,data/train-00005-of-00032.parquet,1542
00004842_000,00004842_000.jpg,train,0,Atelectasis,4842,0,52,M,PA,2500,2048,train,data/train-00005-of-00032.parquet,1545
00004845_000,00004845_000.jpg,train,0,No Finding,4845,0,58,M,PA,2500,2048,train,data/train-00005-of-00032.parquet,1556
00004850_010,00004850_010.jpg,train,1,Pneumothorax,4850,9,55,F,PA,2992,2991,train,data/train-00005-of-00032.parquet,1583
00004851_003,00004851_003.jpg,train,0,Atelectasis,4851,2,47,F,PA,2666,2991,train,data/train-00005-of-00032.parquet,1587
00004856_000,00004856_000.jpg,train,0,No Finding,4856,0,53,F,AP,2500,2048,train,data/train-00005-of-00032.parquet,1597
00004867_000,00004867_000.jpg,train,0,Atelectasis,4867,0,47,M,PA,2500,2048,train,data/train-00005-of-00032.parquet,1658
00004868_000,00004868_000.jpg,train,0,No Finding,4868,0,62,F,AP,2500,2048,train,data/train-00005-of-00032.parquet,1659
00004872_000,00004872_000.jpg,train,0,Mass,4872,0,48,M,PA,2500,2048,train,data/train-00005-of-00032.parquet,1669
00004875_002,00004875_002.jpg,train,0,No Finding,4875,2,60,F,PA,2950,2445,train,data/train-00005-of-00032.parquet,1675
00004876_004,00004876_004.jpg,train,1,Pneumothorax,4876,4,41,F,PA,2048,2500,train,data/train-00005-of-00032.parquet,1681
00004883_000,00004883_000.jpg,train,0,Infiltration,4883,0,55,M,PA,2992,2991,train,data/train-00005-of-00032.parquet,1701
00004883_002,00004883_002.jpg,train,0,No Finding,4883,2,56,M,PA,2992,2991,train,data/train-00005-of-00032.parquet,1703
00004884_000,00004884_000.jpg,train,0,No Finding,4884,0,44,F,PA,2048,2500,train,data/train-00005-of-00032.parquet,1704
00004889_000,00004889_000.jpg,train,0,Mass|Nodule,4889,0,48,M,PA,2500,2048,train,data/train-00005-of-00032.parquet,1713
00004898_003,00004898_003.jpg,train,1,Atelectasis|Pneumothorax,4898,3,50,M,AP,2500,2048,train,data/train-00005-of-00032.parquet,1726
00004900_002,00004900_002.jpg,train,0,No Finding,4900,2,48,M,PA,2500,2048,train,data/train-00005-of-00032.parquet,1733
00004904_002,00004904_002.jpg,train,0,No Finding,4904,2,52,F,AP,2500,2048,train,data/train-00005-of-00032.parquet,1740
00004908_000,00004908_000.jpg,train,0,No Finding,4908,0,26,M,PA,2048,2500,train,data/train-00005-of-00032.parquet,1756
00004910_000,00004910_000.jpg,train,0,No Finding,4910,0,21,M,PA,2048,2500,train,data/train-00005-of-00032.parquet,1765
00004915_002,00004915_002.jpg,train,0,No Finding,4915,2,60,M,PA,2992,2991,train,data/train-00005-of-00032.parquet,1772
00004916_002,00004916_002.jpg,train,0,No Finding,4916,2,33,F,PA,2048,2500,train,data/train-00005-of-00032.parquet,1780
00004917_015,00004917_015.jpg,train,1,Atelectasis|Pneumothorax,4917,15,49,M,AP,2500,2048,train,data/train-00005-of-00032.parquet,1796
00004919_001,00004919_001.jpg,train,0,Infiltration,4919,1,58,F,PA,2544,3056,train,data/train-00005-of-00032.parquet,1799
00004922_001,00004922_001.jpg,train,0,No Finding,4922,1,58,M,PA,2500,2048,train,data/train-00005-of-00032.parquet,1808
00004927_000,00004927_000.jpg,train,0,No Finding,4927,0,49,F,PA,2048,2500,train,data/train-00005-of-00032.parquet,1835
00004937_002,00004937_002.jpg,train,0,Atelectasis,4937,2,70,M,PA,2500,2048,train,data/train-00005-of-00032.parquet,1861
00004939_000,00004939_000.jpg,train,0,No Finding,4939,0,71,M,PA,2500,2048,train,data/train-00005-of-00032.parquet,1864
00004940_000,00004940_000.jpg,train,0,No Finding,4940,0,62,M,PA,2500,2048,train,data/train-00005-of-00032.parquet,1865
00004946_000,00004946_000.jpg,train,0,Fibrosis,4946,0,36,F,PA,2500,2048,train,data/train-00005-of-00032.parquet,1870
00004950_001,00004950_001.jpg,train,1,Atelectasis|Effusion|Pneumothorax,4950,1,59,M,PA,2048,2500,train,data/train-00005-of-00032.parquet,1878
00004950_004,00004950_004.jpg,train,1,Infiltration|Pneumothorax,4950,4,59,M,PA,2500,2048,train,data/train-00005-of-00032.parquet,1881
00005198_000,00005198_000.jpg,val,0,No Finding,5198,0,43,F,PA,2048,2500,train,data/train-00005-of-00032.parquet,2620
00005201_005,00005201_005.jpg,val,1,Effusion|Pneumothorax,5201,5,47,M,AP,2500,2048,train,data/train-00005-of-00032.parquet,2645
00005201_006,00005201_006.jpg,val,1,Pneumothorax,5201,6,47,M,AP,2500,2048,train,data/train-00005-of-00032.parquet,2646
00005201_007,00005201_007.jpg,val,1,Pneumothorax,5201,7,47,M,AP,2500,2048,train,data/train-00005-of-00032.parquet,2647
00005215_000,00005215_000.jpg,val,0,No Finding,5215,0,39,F,PA,2500,2048,train,data/train-00005-of-00032.parquet,2685
00005223_002,00005223_002.jpg,train,0,Infiltration,5223,2,43,M,AP,2500,2048,train,data/train-00006-of-00032.parquet,47
00005226_002,00005226_002.jpg,train,0,No Finding,5226,2,37,F,PA,2048,2500,train,data/train-00006-of-00032.parquet,55
00005233_000,00005233_000.jpg,train,0,No Finding,5233,0,54,F,PA,2992,2991,train,data/train-00006-of-00032.parquet,67
00005235_000,00005235_000.jpg,train,0,Effusion|Infiltration,5235,0,82,F,AP,2500,2048,train,data/train-00006-of-00032.parquet,69
00005238_002,00005238_002.jpg,train,0,Atelectasis|Fibrosis|Infiltration,5238,2,35,M,PA,2992,2991,train,data/train-00006-of-00032.parquet,74
00005240_002,00005240_002.jpg,train,1,Pneumothorax,5240,2,48,F,PA,2722,2991,train,data/train-00006-of-00032.parquet,79
00005248_001,00005248_001.jpg,train,0,Infiltration,5248,1,52,F,PA,2500,2048,train,data/train-00006-of-00032.parquet,94
00005333_001,00005333_001.jpg,train,0,No Finding,5333,1,68,M,AP,2500,2048,train,data/train-00006-of-00032.parquet,311
00005334_000,00005334_000.jpg,train,0,No Finding,5334,0,43,M,PA,2500,2048,train,data/train-00006-of-00032.parquet,312
00005335_000,00005335_000.jpg,train,0,Mass,5335,0,56,M,PA,2500,2048,train,data/train-00006-of-00032.parquet,313
00005345_002,00005345_002.jpg,train,0,No Finding,5345,2,49,M,AP,2500,2048,train,data/train-00006-of-00032.parquet,343
00005354_002,00005354_002.jpg,train,1,Pneumothorax,5354,2,45,M,AP,2500,2048,train,data/train-00006-of-00032.parquet,378
00005356_000,00005356_000.jpg,train,0,No Finding,5356,2,61,M,PA,2992,2991,train,data/train-00006-of-00032.parquet,380
00005356_001,00005356_001.jpg,train,0,No Finding,5356,0,52,M,PA,2500,2048,train,data/train-00006-of-00032.parquet,381
00005363_002,00005363_002.jpg,train,0,No Finding,5363,2,53,F,PA,2500,2048,train,data/train-00006-of-00032.parquet,391
00005365_026,00005365_026.jpg,train,0,No Finding,5365,26,18,F,AP,2500,2048,train,data/train-00006-of-00032.parquet,419
00005376_002,00005376_002.jpg,train,1,Pleural_Thickening|Pneumothorax,5376,2,35,F,AP,2500,2048,train,data/train-00006-of-00032.parquet,471
00005376_003,00005376_003.jpg,train,1,Pleural_Thickening|Pneumothorax,5376,3,35,F,PA,2048,2500,train,data/train-00006-of-00032.parquet,472
00005380_000,00005380_000.jpg,train,0,Atelectasis|Fibrosis|Mass,5380,0,67,F,PA,2048,2500,train,data/train-00006-of-00032.parquet,484
00005386_000,00005386_000.jpg,train,0,Infiltration,5386,0,58,M,PA,2992,2991,train,data/train-00006-of-00032.parquet,495
00005387_000,00005387_000.jpg,train,0,Fibrosis|Infiltration,5387,0,55,M,PA,2992,2991,train,data/train-00006-of-00032.parquet,501
00005388_004,00005388_004.jpg,train,1,Atelectasis|Nodule|Pneumothorax,5388,4,46,M,PA,2500,2048,train,data/train-00006-of-00032.parquet,506
00005395_005,00005395_005.jpg,train,1,Pneumothorax,5395,5,27,F,AP,2500,2048,train,data/train-00006-of-00032.parquet,529
00005395_006,00005395_006.jpg,train,1,Pleural_Thickening|Pneumothorax,5395,6,27,F,PA,2048,2500,train,data/train-00006-of-00032.parquet,530
00005399_000,00005399_000.jpg,train,0,No Finding,5399,0,68,M,PA,2500,2048,train,data/train-00006-of-00032.parquet,541
00005399_002,00005399_002.jpg,train,0,No Finding,5399,2,68,M,AP,2500,2048,train,data/train-00006-of-00032.parquet,543
00005403_001,00005403_001.jpg,train,1,Pneumothorax,5403,2,34,F,AP,2500,2048,train,data/train-00006-of-00032.parquet,570
00005448_007,00005448_007.jpg,train,1,Mass|Nodule|Pneumothorax,5448,7,59,M,AP,2500,2048,train,data/train-00006-of-00032.parquet,706
00005448_008,00005448_008.jpg,train,1,Mass|Nodule|Pneumothorax,5448,8,59,M,PA,2500,2048,train,data/train-00006-of-00032.parquet,707
00005448_009,00005448_009.jpg,train,1,Mass|Nodule|Pneumothorax,5448,9,59,M,AP,2500,2048,train,data/train-00006-of-00032.parquet,708
00005455_001,00005455_001.jpg,train,0,No Finding,5455,1,59,F,PA,2990,2991,train,data/train-00006-of-00032.parquet,738
00005460_000,00005460_000.jpg,train,0,No Finding,5460,0,33,M,PA,2500,2048,train,data/train-00006-of-00032.parquet,762
00005460_001,00005460_001.jpg,train,0,Mass,5460,1,33,M,PA,2500,2048,train,data/train-00006-of-00032.parquet,763
00005460_002,00005460_002.jpg,train,0,Consolidation|Effusion|Mass,5460,2,33,M,PA,2500,2048,train,data/train-00006-of-00032.parquet,764
00005461_000,00005461_000.jpg,train,0,Mass|Nodule,5461,0,56,M,PA,2500,2048,train,data/train-00006-of-00032.parquet,775
00005462_000,00005462_000.jpg,train,0,No Finding,5462,0,62,M,AP,2500,2048,train,data/train-00006-of-00032.parquet,776
00005463_000,00005463_000.jpg,train,0,No Finding,5463,0,44,F,AP,2500,2048,train,data/train-00006-of-00032.parquet,777
00005467_001,00005467_001.jpg,train,0,No Finding,5467,1,63,F,AP,2500,2048,train,data/train-00006-of-00032.parquet,787
00005467_002,00005467_002.jpg,train,0,Mass,5467,2,67,F,PA,2992,2991,train,data/train-00006-of-00032.parquet,788
00005470_002,00005470_002.jpg,train,0,No Finding,5470,0,30,M,PA,2500,2048,train,data/train-00006-of-00032.parquet,800
00005472_002,00005472_002.jpg,train,0,Nodule,5472,2,55,F,AP,2500,2048,train,data/train-00006-of-00032.parquet,806
00005489_001,00005489_001.jpg,train,0,No Finding,5489,0,39,F,PA,2992,2991,train,data/train-00006-of-00032.parquet,831
00005490_001,00005490_001.jpg,train,1,Atelectasis|Consolidation|Pneumothorax,5490,1,38,M,PA,2500,2048,train,data/train-00006-of-00032.parquet,833
00005497_000,00005497_000.jpg,train,0,No Finding,5497,0,42,F,PA,2048,2500,train,data/train-00006-of-00032.parquet,863
00005497_002,00005497_002.jpg,train,0,No Finding,5497,2,43,F,AP,2500,2048,train,data/train-00006-of-00032.parquet,865
00005517_000,00005517_000.jpg,train,0,No Finding,5517,0,52,M,PA,2500,2048,train,data/train-00006-of-00032.parquet,949
00005518_000,00005518_000.jpg,train,0,Nodule,5518,0,54,M,PA,2500,2048,train,data/train-00006-of-00032.parquet,950
00005519_000,00005519_000.jpg,train,0,No Finding,5519,0,60,F,PA,2048,2500,train,data/train-00006-of-00032.parquet,952
00005520_005,00005520_005.jpg,train,1,Pneumothorax,5520,5,44,M,AP,2500,2048,train,data/train-00006-of-00032.parquet,959
00005520_007,00005520_007.jpg,train,1,Pneumothorax,5520,7,50,M,PA,2992,2991,train,data/train-00006-of-00032.parquet,961
00005526_000,00005526_000.jpg,train,0,No Finding,5526,0,41,M,PA,2048,2500,train,data/train-00006-of-00032.parquet,976
00005528_000,00005528_000.jpg,train,0,Infiltration,5528,0,43,M,PA,2500,2048,train,data/train-00006-of-00032.parquet,978
00005531_000,00005531_000.jpg,val,0,No Finding,5531,0,79,M,PA,2500,2048,train,data/train-00006-of-00032.parquet,1000
00005539_000,00005539_000.jpg,val,1,Pneumothorax,5539,6,55,F,PA,2892,2948,train,data/train-00006-of-00032.parquet,1031
00005539_007,00005539_007.jpg,val,1,Pneumothorax,5539,2,48,F,PA,2838,2985,train,data/train-00006-of-00032.parquet,1038
00005540_000,00005540_000.jpg,val,0,No Finding,5540,0,52,M,PA,2021,2021,train,data/train-00006-of-00032.parquet,1042
00005541_000,00005541_000.jpg,val,0,No Finding,5541,0,55,F,AP,2500,2048,train,data/train-00006-of-00032.parquet,1043
00005541_001,00005541_001.jpg,val,0,No Finding,5541,1,55,F,AP,2500,2048,train,data/train-00006-of-00032.parquet,1044
00005545_001,00005545_001.jpg,val,0,Effusion,5545,1,52,M,PA,2500,2048,train,data/train-00006-of-00032.parquet,1053
00005545_002,00005545_002.jpg,val,0,No Finding,5545,2,52,M,AP,2500,2048,train,data/train-00006-of-00032.parquet,1054
00005548_000,00005548_000.jpg,val,0,No Finding,5548,0,32,F,AP,2500,2048,train,data/train-00006-of-00032.parquet,1058
00005593_001,00005593_001.jpg,train,1,Infiltration|Pneumothorax,5593,1,41,F,AP,2500,2048,train,data/train-00006-of-00032.parquet,1200
00005593_002,00005593_002.jpg,train,1,Pneumothorax,5593,2,41,F,AP,2500,2048,train,data/train-00006-of-00032.parquet,1201
00005596_000,00005596_000.jpg,train,0,No Finding,5596,0,66,M,PA,2500,2048,train,data/train-00006-of-00032.parquet,1216
00005601_000,00005601_000.jpg,train,0,No Finding,5601,0,33,M,PA,2500,2048,train,data/train-00006-of-00032.parquet,1238
00005605_000,00005605_000.jpg,train,0,Infiltration,5605,0,61,F,PA,2048,2500,train,data/train-00006-of-00032.parquet,1246
00005606_001,00005606_001.jpg,train,0,Atelectasis,5606,1,66,M,PA,2021,2021,train,data/train-00006-of-00032.parquet,1248
00005639_002,00005639_002.jpg,val,0,No Finding,5639,0,20,M,AP,2500,2048,train,data/train-00006-of-00032.parquet,1314
00005639_004,00005639_004.jpg,val,0,No Finding,5639,2,23,M,PA,2992,2991,train,data/train-00006-of-00032.parquet,1316
00005646_000,00005646_000.jpg,val,0,No Finding,5646,0,68,F,PA,2500,2048,train,data/train-00006-of-00032.parquet,1342
00005646_005,00005646_005.jpg,val,1,Pneumothorax,5646,5,69,F,AP,2500,2048,train,data/train-00006-of-00032.parquet,1347
00005665_001,00005665_001.jpg,train,0,Infiltration,5665,0,61,F,PA,2544,3056,train,data/train-00006-of-00032.parquet,1409
00005666_010,00005666_010.jpg,train,1,Emphysema|Infiltration|Pneumothorax,5666,10,52,M,PA,2992,2991,train,data/train-00006-of-00032.parquet,1420
00005666_012,00005666_012.jpg,train,1,Emphysema|Pneumothorax,5666,12,52,M,PA,2992,2991,train,data/train-00006-of-00032.parquet,1422
00005668_000,00005668_000.jpg,train,0,No Finding,5668,0,74,F,PA,2048,2500,train,data/train-00006-of-00032.parquet,1431
00005673_001,00005673_001.jpg,train,0,No Finding,5673,1,41,M,PA,2500,2048,train,data/train-00006-of-00032.parquet,1440
00005673_002,00005673_002.jpg,train,0,No Finding,5673,2,41,M,PA,2500,2048,train,data/train-00006-of-00032.parquet,1441
00005674_001,00005674_001.jpg,train,0,Consolidation|Nodule,5674,1,52,M,PA,2500,2048,train,data/train-00006-of-00032.parquet,1444
00005678_000,00005678_000.jpg,train,0,No Finding,5678,0,50,F,PA,2048,2500,train,data/train-00006-of-00032.parquet,1454
00005680_002,00005680_002.jpg,train,1,Infiltration|Pneumothorax,5680,2,49,M,AP,2500,2048,train,data/train-00006-of-00032.parquet,1464
00005682_002,00005682_002.jpg,train,0,No Finding,5682,2,73,M,PA,2500,2048,train,data/train-00006-of-00032.parquet,1468
00005683_000,00005683_000.jpg,train,0,Nodule,5683,0,52,M,AP,2500,2048,train,data/train-00006-of-00032.parquet,1480
00005684_000,00005684_000.jpg,train,0,No Finding,5684,0,25,M,AP,2500,2048,train,data/train-00006-of-00032.parquet,1487
00005723_002,00005723_002.jpg,train,0,No Finding,5723,2,19,M,PA,2500,2048,train,data/train-00006-of-00032.parquet,1641
00005726_001,00005726_001.jpg,train,0,Atelectasis,5726,1,62,M,AP,2500,2048,train,data/train-00006-of-00032.parquet,1652
00005726_002,00005726_002.jpg,train,1,Atelectasis|Pleural_Thickening|Pneumothorax,5726,2,62,M,PA,2500,2048,train,data/train-00006-of-00032.parquet,1653
00005728_000,00005728_000.jpg,train,0,Atelectasis,5728,0,48,M,AP,2500,2048,train,data/train-00006-of-00032.parquet,1660
00005729_000,00005729_000.jpg,val,0,No Finding,5729,0,62,F,PA,2500,2048,train,data/train-00006-of-00032.parquet,1662
00005740_000,00005740_000.jpg,val,0,No Finding,5740,0,44,F,AP,2500,2048,train,data/train-00006-of-00032.parquet,1680
00005740_001,00005740_001.jpg,val,0,Emphysema,5740,1,44,F,AP,2048,2500,train,data/train-00006-of-00032.parquet,1681
00005740_003,00005740_003.jpg,val,1,Pneumothorax,5740,2,48,F,AP,2500,2048,train,data/train-00006-of-00032.parquet,1683
00005742_000,00005742_000.jpg,val,0,No Finding,5742,0,59,M,PA,2500,2048,train,data/train-00006-of-00032.parquet,1690
00005742_001,00005742_001.jpg,val,0,Atelectasis,5742,1,59,M,AP,2500,2048,train,data/train-00006-of-00032.parquet,1691
00005802_000,00005802_000.jpg,train,0,No Finding,5802,0,35,F,PA,2500,2048,train,data/train-00006-of-00032.parquet,2021
00005808_002,00005808_002.jpg,train,0,No Finding,5808,2,75,F,PA,2992,2991,train,data/train-00006-of-00032.parquet,2049
00005809_001,00005809_001.jpg,train,0,No Finding,5809,1,33,M,PA,2500,2048,train,data/train-00006-of-00032.parquet,2051
00005811_002,00005811_002.jpg,train,0,No Finding,5811,2,76,M,PA,2500,2048,train,data/train-00006-of-00032.parquet,2056
00005816_000,00005816_000.jpg,train,0,No Finding,5816,0,36,M,PA,2500,2048,train,data/train-00006-of-00032.parquet,2075
00005816_001,00005816_001.jpg,train,0,No Finding,5816,1,37,M,PA,2500,2048,train,data/train-00006-of-00032.parquet,2076
00005821_001,00005821_001.jpg,train,1,Pneumothorax,5821,1,61,M,PA,2048,2500,train,data/train-00006-of-00032.parquet,2082
00005851_000,00005851_000.jpg,train,0,No Finding,5851,0,18,M,PA,2992,2991,train,data/train-00006-of-00032.parquet,2204
00005853_002,00005853_002.jpg,train,0,No Finding,5853,2,52,M,AP,2500,2048,train,data/train-00006-of-00032.parquet,2212
00005855_000,00005855_000.jpg,train,1,Pneumothorax,5855,0,19,M,PA,2048,2500,train,data/train-00006-of-00032.parquet,2224
00005861_000,00005861_000.jpg,train,0,No Finding,5861,0,44,F,PA,2048,2500,train,data/train-00006-of-00032.parquet,2231
00005874_000,00005874_000.jpg,train,0,Emphysema,5874,0,61,F,PA,2048,2500,train,data/train-00006-of-00032.parquet,2258
00005874_001,00005874_001.jpg,train,0,No Finding,5874,1,62,F,AP,2048,2500,train,data/train-00006-of-00032.parquet,2259
00005883_000,00005883_000.jpg,train,0,No Finding,5883,0,62,F,PA,2048,2500,train,data/train-00006-of-00032.parquet,2280
00005888_000,00005888_000.jpg,train,0,No Finding,5888,0,34,F,PA,2048,2500,train,data/train-00006-of-00032.parquet,2286
00005892_006,00005892_006.jpg,train,0,No Finding,5892,2,52,F,AP,2500,2048,train,data/train-00006-of-00032.parquet,2304
00005893_000,00005893_000.jpg,train,0,Effusion|Nodule,5893,0,18,M,PA,2048,2500,train,data/train-00006-of-00032.parquet,2319
00005911_000,00005911_000.jpg,train,1,Pneumothorax,5911,0,57,F,AP,2500,2048,train,data/train-00006-of-00032.parquet,2385
00005911_001,00005911_001.jpg,train,1,Pneumothorax,5911,1,57,F,AP,2500,2048,train,data/train-00006-of-00032.parquet,2386
00005913_000,00005913_000.jpg,train,0,No Finding,5913,0,68,F,PA,2048,2500,train,data/train-00006-of-00032.parquet,2394
00005915_000,00005915_000.jpg,train,0,Fibrosis|Nodule,5915,0,61,M,PA,3056,2544,train,data/train-00006-of-00032.parquet,2400
00005922_000,00005922_000.jpg,train,0,Emphysema,5922,0,51,F,AP,2500,2048,train,data/train-00006-of-00032.parquet,2438
00005923_001,00005923_001.jpg,train,0,No Finding,5923,1,54,F,PA,2992,2991,train,data/train-00006-of-00032.parquet,2441
00005933_000,00005933_000.jpg,train,0,No Finding,5933,0,30,F,PA,2048,2500,train,data/train-00006-of-00032.parquet,2465
00005939_002,00005939_002.jpg,train,1,Atelectasis|Pneumothorax,5939,2,55,M,AP,2500,2048,train,data/train-00006-of-00032.parquet,2495
00005939_005,00005939_005.jpg,train,1,Effusion|Pneumothorax,5939,5,55,M,AP,2500,2048,train,data/train-00006-of-00032.parquet,2498
00005942_000,00005942_000.jpg,train,0,Cardiomegaly,5942,0,38,M,PA,2500,2048,train,data/train-00006-of-00032.parquet,2508
00005942_001,00005942_001.jpg,train,0,Cardiomegaly,5942,1,41,M,PA,2992,2991,train,data/train-00006-of-00032.parquet,2509
00005948_000,00005948_000.jpg,train,0,No Finding,5948,0,49,F,PA,2500,2048,train,data/train-00006-of-00032.parquet,2514
00005950_001,00005950_001.jpg,train,0,No Finding,5950,1,62,F,AP,2500,2048,train,data/train-00006-of-00032.parquet,2517
00005952_001,00005952_001.jpg,train,0,Mass,5952,1,32,M,AP,2500,2048,train,data/train-00006-of-00032.parquet,2526
00005952_002,00005952_002.jpg,train,0,Mass,5952,2,32,M,AP,2500,2048,train,data/train-00006-of-00032.parquet,2527
00005954_002,00005954_002.jpg,train,0,No Finding,5954,2,31,M,AP,2500,2048,train,data/train-00006-of-00032.parquet,2532
00005957_000,00005957_000.jpg,train,1,Pneumothorax,5957,0,52,F,PA,2710,2585,train,data/train-00006-of-00032.parquet,2541
00005963_002,00005963_002.jpg,train,0,No Finding,5963,2,21,M,AP,2500,2048,train,data/train-00006-of-00032.parquet,2548
00005964_000,00005964_000.jpg,train,0,No Finding,5964,0,23,F,PA,2048,2500,train,data/train-00006-of-00032.parquet,2575
00005967_000,00005967_000.jpg,train,0,No Finding,5967,0,34,M,PA,2992,2991,train,data/train-00006-of-00032.parquet,2579
00005970_002,00005970_002.jpg,train,0,No Finding,5970,2,62,M,AP,2500,2048,train,data/train-00006-of-00032.parquet,2585
00005974_000,00005974_000.jpg,train,0,No Finding,5974,0,47,F,AP,2500,2048,train,data/train-00006-of-00032.parquet,2596
00006185_001,00006185_001.jpg,train,0,Atelectasis,6185,0,69,F,AP,3056,2464,train,data/train-00007-of-00032.parquet,609
00006187_000,00006187_000.jpg,train,0,No Finding,6187,0,70,F,PA,2500,2048,train,data/train-00007-of-00032.parquet,620
00006189_000,00006189_000.jpg,train,0,No Finding,6189,0,54,M,PA,2500,2048,train,data/train-00007-of-00032.parquet,623
00006191_000,00006191_000.jpg,train,0,Atelectasis|Infiltration,6191,0,59,F,PA,2500,2048,train,data/train-00007-of-00032.parquet,628
00006199_008,00006199_008.jpg,train,1,Atelectasis|Pneumothorax,6199,4,53,M,AP,2500,2048,train,data/train-00007-of-00032.parquet,671
00006199_010,00006199_010.jpg,train,1,Atelectasis|Pneumothorax,6199,6,53,M,AP,2500,2048,train,data/train-00007-of-00032.parquet,673
00006201_000,00006201_000.jpg,train,0,No Finding,6201,0,34,M,PA,2500,2048,train,data/train-00007-of-00032.parquet,685
00006330_009,00006330_009.jpg,val,1,Pneumothorax,6330,9,67,M,PA,2500,2048,train,data/train-00007-of-00032.parquet,1200
00006330_011,00006330_011.jpg,val,1,Atelectasis|Emphysema|Mass|Pneumothorax,6330,11,68,M,AP,2500,2048,train,data/train-00007-of-00032.parquet,1202
00006330_012,00006330_012.jpg,val,1,Pneumothorax,6330,12,68,M,PA,2500,2048,train,data/train-00007-of-00032.parquet,1203
00006334_000,00006334_000.jpg,val,0,Pleural_Thickening,6334,0,76,M,PA,2500,2048,train,data/train-00007-of-00032.parquet,1223
00006336_006,00006336_006.jpg,train,1,Pneumothorax,6336,6,58,F,AP,2500,2048,train,data/train-00007-of-00032.parquet,1232
00006338_002,00006338_002.jpg,train,0,Mass,6338,2,53,F,AP,2500,2048,train,data/train-00007-of-00032.parquet,1236
00006339_000,00006339_000.jpg,train,0,No Finding,6339,0,32,M,AP,2500,2048,train,data/train-00007-of-00032.parquet,1248
00006339_002,00006339_002.jpg,train,0,Cardiomegaly,6339,2,33,M,AP,2500,2048,train,data/train-00007-of-00032.parquet,1250
00006342_002,00006342_002.jpg,train,0,Fibrosis,6342,2,49,M,PA,2992,2991,train,data/train-00007-of-00032.parquet,1258
00006345_000,00006345_000.jpg,train,0,No Finding,6345,0,49,F,PA,2500,2048,train,data/train-00007-of-00032.parquet,1267
00006348_001,00006348_001.jpg,val,0,No Finding,6348,1,63,F,PA,2500,2048,train,data/train-00007-of-00032.parquet,1272
00006349_002,00006349_002.jpg,train,1,Consolidation|Pneumothorax,6349,2,45,F,PA,2500,2048,train,data/train-00007-of-00032.parquet,1275
00006350_000,00006350_000.jpg,train,0,No Finding,6350,0,59,F,PA,2048,2500,train,data/train-00007-of-00032.parquet,1276
00006354_000,00006354_000.jpg,val,0,No Finding,6354,0,22,F,PA,2048,2500,train,data/train-00007-of-00032.parquet,1284
00006363_000,00006363_000.jpg,train,0,No Finding,6363,0,23,M,PA,2500,2048,train,data/train-00007-of-00032.parquet,1311
00006368_000,00006368_000.jpg,train,1,Pneumothorax,6368,0,33,F,PA,2500,2048,train,data/train-00007-of-00032.parquet,1319
00006369_000,00006369_000.jpg,train,0,No Finding,6369,0,39,F,PA,2048,2500,train,data/train-00007-of-00032.parquet,1320
00006372_000,00006372_000.jpg,train,0,No Finding,6372,0,45,M,PA,2500,2048,train,data/train-00007-of-00032.parquet,1324
00006372_002,00006372_002.jpg,train,0,Infiltration,6372,2,45,M,AP,2500,2048,train,data/train-00007-of-00032.parquet,1326
00006375_002,00006375_002.jpg,train,0,Cardiomegaly|Effusion,6375,2,36,F,AP,3056,2544,train,data/train-00007-of-00032.parquet,1337
00006377_000,00006377_000.jpg,train,0,Fibrosis,6377,0,64,M,PA,2500,2048,train,data/train-00007-of-00032.parquet,1340
00006379_000,00006379_000.jpg,train,0,No Finding,6379,0,21,F,PA,2048,2500,train,data/train-00007-of-00032.parquet,1341
00006381_001,00006381_001.jpg,train,0,No Finding,6381,1,30,F,AP,2500,2048,train,data/train-00007-of-00032.parquet,1344
00006431_004,00006431_004.jpg,train,1,Pneumothorax,6431,4,47,F,PA,2992,2991,train,data/train-00007-of-00032.parquet,1502
00006434_002,00006434_002.jpg,train,0,No Finding,6434,2,39,M,PA,2048,2500,train,data/train-00007-of-00032.parquet,1509
00006436_002,00006436_002.jpg,train,1,Infiltration|Pneumothorax,6436,2,47,M,AP,2500,2048,train,data/train-00007-of-00032.parquet,1515
00006436_003,00006436_003.jpg,train,1,Mass|Pneumothorax,6436,3,47,M,AP,2500,2048,train,data/train-00007-of-00032.parquet,1516
00006444_001,00006444_001.jpg,train,0,No Finding,6444,1,23,M,AP,2500,2048,train,data/train-00007-of-00032.parquet,1536
00006447_005,00006447_005.jpg,train,1,Effusion|Emphysema|Pneumothorax,6447,5,70,M,PA,2500,2048,train,data/train-00007-of-00032.parquet,1572
00006449_001,00006449_001.jpg,train,0,Effusion|Nodule,6449,1,74,M,AP,2500,2048,train,data/train-00007-of-00032.parquet,1579
00006452_000,00006452_000.jpg,train,0,Effusion|Infiltration,6452,0,44,M,AP,2500,2048,train,data/train-00007-of-00032.parquet,1602
00006453_000,00006453_000.jpg,train,1,Atelectasis|Pneumothorax,6453,0,60,F,AP,2500,2048,train,data/train-00007-of-00032.parquet,1612
00006453_001,00006453_001.jpg,train,1,Infiltration|Pneumothorax,6453,1,60,F,AP,2500,2048,train,data/train-00007-of-00032.parquet,1613
00006461_000,00006461_000.jpg,train,0,No Finding,6461,0,54,M,PA,2500,2048,train,data/train-00007-of-00032.parquet,1623
00006462_002,00006462_002.jpg,train,0,No Finding,6462,2,60,F,AP,2500,2048,train,data/train-00007-of-00032.parquet,1626
00006464_000,00006464_000.jpg,train,0,Atelectasis,6464,0,56,F,PA,2500,2048,train,data/train-00007-of-00032.parquet,1637
00006468_002,00006468_002.jpg,train,0,No Finding,6468,2,21,M,PA,2500,2048,train,data/train-00007-of-00032.parquet,1646
00006469_000,00006469_000.jpg,train,0,Cardiomegaly,6469,0,47,M,PA,2500,2048,train,data/train-00007-of-00032.parquet,1648
00006469_001,00006469_001.jpg,train,0,Cardiomegaly|Emphysema,6469,1,47,M,PA,2500,2048,train,data/train-00007-of-00032.parquet,1649
00006469_002,00006469_002.jpg,train,0,Infiltration,6469,2,47,M,AP,2500,2048,train,data/train-00007-of-00032.parquet,1650
00006473_000,00006473_000.jpg,train,0,No Finding,6473,0,90,F,PA,2048,2500,train,data/train-00007-of-00032.parquet,1664
00006476_000,00006476_000.jpg,train,0,Cardiomegaly|Effusion|Pleural_Thickening,6476,0,54,F,PA,2992,2991,train,data/train-00007-of-00032.parquet,1671
00006479_002,00006479_002.jpg,train,0,Atelectasis,6479,2,48,F,PA,2048,2500,train,data/train-00007-of-00032.parquet,1680
00006483_000,00006483_000.jpg,train,0,Cardiomegaly,6483,0,38,M,PA,2500,2048,train,data/train-00007-of-00032.parquet,1695
00006488_000,00006488_000.jpg,train,0,Mass,6488,0,49,M,PA,2500,2048,train,data/train-00007-of-00032.parquet,1705
00006491_002,00006491_002.jpg,train,0,No Finding,6491,2,25,M,PA,2500,2048,train,data/train-00007-of-00032.parquet,1719
00006495_002,00006495_002.jpg,train,0,No Finding,6495,2,29,F,AP,2500,2048,train,data/train-00007-of-00032.parquet,1732
00006499_001,00006499_001.jpg,train,0,No Finding,6499,0,29,M,PA,2048,2500,train,data/train-00007-of-00032.parquet,1747
00006505_007,00006505_007.jpg,train,0,No Finding,6505,1,39,M,PA,2992,2991,train,data/train-00007-of-00032.parquet,1787
00006506_002,00006506_002.jpg,train,1,Pneumothorax,6506,2,57,F,PA,2422,2681,train,data/train-00007-of-00032.parquet,1792
00006588_002,00006588_002.jpg,train,0,No Finding,6588,2,41,M,AP,2500,2048,train,data/train-00007-of-00032.parquet,2006
00006590_000,00006590_000.jpg,train,0,No Finding,6590,0,29,M,PA,2500,2048,train,data/train-00007-of-00032.parquet,2011
00006592_001,00006592_001.jpg,train,0,Pleural_Thickening,6592,1,37,M,PA,2500,2048,train,data/train-00007-of-00032.parquet,2014
00006592_002,00006592_002.jpg,train,0,Atelectasis|Pleural_Thickening,6592,2,37,M,AP,2500,2048,train,data/train-00007-of-00032.parquet,2015
00006596_000,00006596_000.jpg,train,0,Effusion|Mass,6596,0,43,M,PA,2500,2048,train,data/train-00007-of-00032.parquet,2020
00006596_002,00006596_002.jpg,train,0,No Finding,6596,2,43,M,PA,2500,2048,train,data/train-00007-of-00032.parquet,2022
00006599_000,00006599_000.jpg,train,0,No Finding,6599,0,22,F,PA,2048,2500,train,data/train-00007-of-00032.parquet,2032
00006601_003,00006601_003.jpg,train,0,No Finding,6601,2,57,F,AP,2500,2048,train,data/train-00007-of-00032.parquet,2039
00006605_006,00006605_006.jpg,train,1,Pneumothorax,6605,6,23,F,AP,2500,2048,train,data/train-00007-of-00032.parquet,2053
00006611_000,00006611_000.jpg,train,0,No Finding,6611,0,46,F,PA,2048,2500,train,data/train-00007-of-00032.parquet,2101
00006614_001,00006614_001.jpg,train,0,No Finding,6614,0,29,F,AP,2500,2048,train,data/train-00007-of-00032.parquet,2106
00006623_000,00006623_000.jpg,train,0,No Finding,6623,0,56,F,AP,2500,2048,train,data/train-00007-of-00032.parquet,2119
00006626_000,00006626_000.jpg,train,1,Effusion|Pneumothorax,6626,0,28,F,PA,2500,2048,train,data/train-00007-of-00032.parquet,2125
00006628_002,00006628_002.jpg,train,0,Consolidation|Effusion,6628,2,55,M,PA,2500,2048,train,data/train-00007-of-00032.parquet,2135
00006630_002,00006630_002.jpg,train,0,No Finding,6630,2,56,F,PA,2992,2991,train,data/train-00007-of-00032.parquet,2139
00006640_002,00006640_002.jpg,train,0,No Finding,6640,2,37,F,AP,2500,2048,train,data/train-00007-of-00032.parquet,2176
00006642_002,00006642_002.jpg,train,1,Atelectasis|Emphysema|Infiltration|Nodule|Pneumothorax,6642,2,58,M,PA,2500,2048,train,data/train-00007-of-00032.parquet,2181
00006697_000,00006697_000.jpg,train,0,No Finding,6697,0,30,M,AP,2500,2048,train,data/train-00007-of-00032.parquet,2403
00006700_000,00006700_000.jpg,val,0,No Finding,6700,0,36,F,AP,2500,2048,train,data/train-00007-of-00032.parquet,2436
00006700_001,00006700_001.jpg,val,0,Mass,6700,1,36,F,PA,2048,2500,train,data/train-00007-of-00032.parquet,2437
00006703_001,00006703_001.jpg,train,0,No Finding,6703,1,88,M,AP,2500,2048,train,data/train-00007-of-00032.parquet,2448
00006703_010,00006703_010.jpg,train,1,Infiltration|Pneumothorax,6703,10,88,M,AP,2500,2048,train,data/train-00007-of-00032.parquet,2457
00006712_000,00006712_000.jpg,train,0,Mass,6712,0,44,M,PA,2500,2048,train,data/train-00007-of-00032.parquet,2480
00006712_002,00006712_002.jpg,train,0,No Finding,6712,2,44,M,AP,2500,2048,train,data/train-00007-of-00032.parquet,2482
00006714_000,00006714_000.jpg,val,0,No Finding,6714,0,28,F,PA,2048,2500,train,data/train-00007-of-00032.parquet,2484
00006714_001,00006714_001.jpg,val,1,Pneumothorax,6714,2,28,F,AP,2500,2048,train,data/train-00007-of-00032.parquet,2485
00006750_000,00006750_000.jpg,train,0,No Finding,6750,0,56,F,PA,2048,2500,train,data/train-00007-of-00032.parquet,2601
00006755_000,00006755_000.jpg,train,0,No Finding,6755,0,23,F,PA,2048,2500,train,data/train-00007-of-00032.parquet,2625
00006759_001,00006759_001.jpg,train,0,Pneumonia,6759,1,78,M,PA,2500,2048,train,data/train-00007-of-00032.parquet,2633
00006759_002,00006759_002.jpg,train,0,No Finding,6759,2,79,M,PA,2500,2048,train,data/train-00007-of-00032.parquet,2634
00006761_000,00006761_000.jpg,train,0,No Finding,6761,0,59,M,PA,2500,2048,train,data/train-00007-of-00032.parquet,2637
00006764_000,00006764_000.jpg,train,0,No Finding,6764,0,67,F,AP,2500,2048,train,data/train-00007-of-00032.parquet,2659
00006764_001,00006764_001.jpg,train,0,No Finding,6764,1,67,F,AP,2500,2048,train,data/train-00007-of-00032.parquet,2660
00006767_000,00006767_000.jpg,train,0,Mass,6767,0,47,M,PA,2500,2048,train,data/train-00007-of-00032.parquet,2668
00006769_010,00006769_010.jpg,train,1,Infiltration|Pleural_Thickening|Pneumothorax,6769,10,55,F,PA,2992,2991,train,data/train-00007-of-00032.parquet,2683
00006769_015,00006769_015.jpg,train,1,Atelectasis|Pneumothorax,6769,15,58,F,PA,2586,2991,train,data/train-00007-of-00032.parquet,2688
00006775_000,00006775_000.jpg,train,0,No Finding,6775,0,29,F,PA,2992,2991,train,data/train-00008-of-00032.parquet,10
00006781_002,00006781_002.jpg,train,0,No Finding,6781,1,65,M,PA,2992,2991,train,data/train-00008-of-00032.parquet,21
00006782_000,00006782_000.jpg,train,0,Atelectasis|Infiltration,6782,0,52,M,AP,2500,2048,train,data/train-00008-of-00032.parquet,24
00006782_001,00006782_001.jpg,train,0,Atelectasis|Infiltration,6782,1,52,M,AP,2500,2048,train,data/train-00008-of-00032.parquet,25
00006788_004,00006788_004.jpg,train,0,No Finding,6788,2,34,F,PA,2048,2500,train,data/train-00008-of-00032.parquet,49
00006790_000,00006790_000.jpg,train,0,No Finding,6790,0,27,F,PA,2500,2048,train,data/train-00008-of-00032.parquet,52
00006790_002,00006790_002.jpg,train,1,Pneumothorax,6790,2,29,F,PA,2992,2991,train,data/train-00008-of-00032.parquet,54
00006790_003,00006790_003.jpg,train,1,Pneumothorax,6790,3,30,F,PA,2992,2991,train,data/train-00008-of-00032.parquet,55
00006791_006,00006791_006.jpg,train,1,Nodule|Pneumothorax,6791,6,42,F,PA,2992,2991,train,data/train-00008-of-00032.parquet,62
00006792_002,00006792_002.jpg,train,0,Nodule,6792,2,38,M,AP,2500,2048,train,data/train-00008-of-00032.parquet,65
00006794_001,00006794_001.jpg,train,0,Infiltration,6794,1,65,M,AP,2500,2048,train,data/train-00008-of-00032.parquet,72
00006794_002,00006794_002.jpg,train,0,Nodule,6794,2,66,M,PA,2500,2048,train,data/train-00008-of-00032.parquet,73
00006802_000,00006802_000.jpg,train,0,No Finding,6802,0,34,M,PA,2500,2048,train,data/train-00008-of-00032.parquet,88
00006803_000,00006803_000.jpg,train,0,No Finding,6803,0,46,F,PA,2992,2991,train,data/train-00008-of-00032.parquet,89
00006806_000,00006806_000.jpg,train,0,No Finding,6806,0,48,F,AP,2500,2048,train,data/train-00008-of-00032.parquet,97
00006806_002,00006806_002.jpg,train,0,No Finding,6806,2,48,F,AP,2500,2048,train,data/train-00008-of-00032.parquet,99
00006813_000,00006813_000.jpg,train,0,No Finding,6813,0,67,F,PA,2822,2537,train,data/train-00008-of-00032.parquet,109
00006823_001,00006823_001.jpg,train,0,No Finding,6823,1,41,F,PA,2048,2500,train,data/train-00008-of-00032.parquet,133
00006824_000,00006824_000.jpg,train,0,No Finding,6824,0,52,F,PA,2048,2500,train,data/train-00008-of-00032.parquet,135
00006825_001,00006825_001.jpg,train,0,No Finding,6825,1,34,M,AP,2500,2048,train,data/train-00008-of-00032.parquet,138
00006830_000,00006830_000.jpg,train,0,No Finding,6830,0,52,M,PA,2500,2048,train,data/train-00008-of-00032.parquet,163
00006832_005,00006832_005.jpg,train,1,Mass|Pleural_Thickening|Pneumothorax,6832,5,18,M,PA,2048,2500,train,data/train-00008-of-00032.parquet,170
00006839_000,00006839_000.jpg,train,0,No Finding,6839,0,35,F,PA,2048,2500,train,data/train-00008-of-00032.parquet,198
00006850_002,00006850_002.jpg,train,0,No Finding,6850,2,56,M,AP,2500,2048,train,data/train-00008-of-00032.parquet,223
00006856_002,00006856_002.jpg,train,0,Atelectasis|Infiltration,6856,2,19,F,PA,2048,2500,train,data/train-00008-of-00032.parquet,256
00006861_000,00006861_000.jpg,train,0,Nodule,6861,0,57,M,PA,2500,2048,train,data/train-00008-of-00032.parquet,266
00006868_013,00006868_013.jpg,train,1,Consolidation|Infiltration|Pneumothorax,6868,13,69,M,AP,2500,2048,train,data/train-00008-of-00032.parquet,289
00006868_014,00006868_014.jpg,train,1,Effusion|Pneumothorax,6868,14,69,M,PA,2992,2991,train,data/train-00008-of-00032.parquet,290
00006868_016,00006868_016.jpg,train,1,Effusion|Pneumothorax,6868,15,69,M,PA,2992,2991,train,data/train-00008-of-00032.parquet,292
00006872_001,00006872_001.jpg,train,0,No Finding,6872,1,50,M,AP,2500,2048,train,data/train-00008-of-00032.parquet,300
00006875_028,00006875_028.jpg,train,1,Cardiomegaly|Pneumothorax,6875,19,57,F,AP,2500,2048,train,data/train-00008-of-00032.parquet,334
00006878_000,00006878_000.jpg,train,0,No Finding,6878,0,46,F,PA,2500,2048,train,data/train-00008-of-00032.parquet,343
00006881_006,00006881_006.jpg,train,1,Mass|Pneumothorax,6881,6,54,F,AP,2500,2048,train,data/train-00008-of-00032.parquet,352
00006881_007,00006881_007.jpg,train,1,Pneumothorax,6881,7,54,F,PA,2500,2048,train,data/train-00008-of-00032.parquet,353
00006881_008,00006881_008.jpg,train,1,Pneumothorax,6881,8,54,F,PA,2500,2048,train,data/train-00008-of-00032.parquet,354
00006885_000,00006885_000.jpg,train,0,No Finding,6885,0,22,F,PA,2048,2500,train,data/train-00008-of-00032.parquet,359
00006887_000,00006887_000.jpg,train,0,No Finding,6887,0,68,M,PA,2500,2048,train,data/train-00008-of-00032.parquet,361
00006895_000,00006895_000.jpg,train,0,No Finding,6895,0,33,M,PA,2500,2048,train,data/train-00008-of-00032.parquet,369
00006900_001,00006900_001.jpg,train,0,No Finding,6900,1,40,M,PA,2500,2048,train,data/train-00008-of-00032.parquet,375
00006926_012,00006926_012.jpg,train,1,Emphysema|Infiltration|Mass|Pneumothorax,6926,12,69,M,PA,2500,2048,train,data/train-00008-of-00032.parquet,492
00006926_018,00006926_018.jpg,train,1,Pneumothorax,6926,18,69,M,PA,2500,2048,train,data/train-00008-of-00032.parquet,498
00006960_015,00006960_015.jpg,train,1,Pneumothorax,6960,15,18,M,PA,2500,2048,train,data/train-00008-of-00032.parquet,621
00006960_016,00006960_016.jpg,train,1,Pneumothorax,6960,16,18,M,PA,2500,2048,train,data/train-00008-of-00032.parquet,622
00006962_004,00006962_004.jpg,train,0,No Finding,6962,2,29,M,PA,2992,2991,train,data/train-00008-of-00032.parquet,636
00006966_001,00006966_001.jpg,train,0,No Finding,6966,1,46,M,PA,2992,2991,train,data/train-00008-of-00032.parquet,646
00006973_002,00006973_002.jpg,train,0,Atelectasis|Effusion,6973,1,62,M,AP,2500,2048,train,data/train-00008-of-00032.parquet,675
00006975_000,00006975_000.jpg,train,0,No Finding,6975,0,37,M,PA,2500,2048,train,data/train-00008-of-00032.parquet,686
00006978_000,00006978_000.jpg,train,0,No Finding,6978,0,37,F,PA,2048,2500,train,data/train-00008-of-00032.parquet,689
00007035_002,00007035_002.jpg,train,0,No Finding,7035,2,66,M,AP,2500,2048,train,data/train-00008-of-00032.parquet,900
00007039_001,00007039_001.jpg,train,0,No Finding,7039,1,48,M,AP,2500,2048,train,data/train-00008-of-00032.parquet,909
00007044_001,00007044_001.jpg,train,0,No Finding,7044,1,49,F,AP,2500,2048,train,data/train-00008-of-00032.parquet,917
00007055_000,00007055_000.jpg,train,0,Effusion,7055,0,36,F,AP,2500,2048,train,data/train-00008-of-00032.parquet,954
00007056_005,00007056_005.jpg,train,1,Pneumothorax,7056,5,56,M,PA,2992,2991,train,data/train-00008-of-00032.parquet,967
00007056_007,00007056_007.jpg,train,1,Pneumothorax,7056,7,56,M,PA,2992,2991,train,data/train-00008-of-00032.parquet,969
00007063_000,00007063_000.jpg,train,0,Infiltration,7063,0,77,M,PA,2048,2500,train,data/train-00008-of-00032.parquet,1013
00007064_001,00007064_001.jpg,train,1,Pneumothorax,7064,1,78,M,AP,2500,2048,train,data/train-00008-of-00032.parquet,1016
00007072_001,00007072_001.jpg,train,0,No Finding,7072,1,46,F,AP,2500,2048,train,data/train-00008-of-00032.parquet,1031
00007074_000,00007074_000.jpg,train,0,No Finding,7074,0,38,F,PA,2048,2500,train,data/train-00008-of-00032.parquet,1034
00007076_014,00007076_014.jpg,train,1,Pneumothorax,7076,14,41,M,AP,2500,2048,train,data/train-00008-of-00032.parquet,1054
00007076_016,00007076_016.jpg,train,1,Pneumothorax,7076,16,41,M,AP,2500,2048,train,data/train-00008-of-00032.parquet,1056
00007090_004,00007090_004.jpg,train,1,Effusion|Pneumothorax,7090,4,41,F,PA,2048,2500,train,data/train-00008-of-00032.parquet,1093
00007093_000,00007093_000.jpg,train,0,Atelectasis,7093,0,68,M,PA,2500,2048,train,data/train-00008-of-00032.parquet,1096
00007115_000,00007115_000.jpg,train,0,No Finding,7115,0,68,M,PA,2734,2991,train,data/train-00008-of-00032.parquet,1209
00007118_000,00007118_000.jpg,train,0,No Finding,7118,0,54,F,PA,2048,2500,train,data/train-00008-of-00032.parquet,1212
00007121_002,00007121_002.jpg,train,1,Pneumothorax,7121,2,62,F,PA,2048,2500,train,data/train-00008-of-00032.parquet,1216
00007123_000,00007123_000.jpg,train,0,Mass,7123,0,50,F,PA,2048,2500,train,data/train-00008-of-00032.parquet,1221
00007127_001,00007127_001.jpg,train,0,No Finding,7127,1,21,M,PA,2500,2048,train,data/train-00008-of-00032.parquet,1240
00007140_001,00007140_001.jpg,train,0,No Finding,7140,1,34,M,PA,2978,2665,train,data/train-00008-of-00032.parquet,1293
00007143_000,00007143_000.jpg,train,0,No Finding,7143,0,41,M,AP,2500,2048,train,data/train-00008-of-00032.parquet,1299
00007183_000,00007183_000.jpg,val,0,No Finding,7183,0,66,M,PA,2500,2048,train,data/train-00008-of-00032.parquet,1426
00007184_000,00007184_000.jpg,val,0,No Finding,7184,0,38,F,PA,2500,2048,train,data/train-00008-of-00032.parquet,1427
00007187_000,00007187_000.jpg,val,0,No Finding,7187,0,37,M,PA,2992,2991,train,data/train-00008-of-00032.parquet,1456
00007187_001,00007187_001.jpg,val,0,Pleural_Thickening,7187,1,38,M,PA,2992,2991,train,data/train-00008-of-00032.parquet,1457
00007188_000,00007188_000.jpg,val,0,Atelectasis,7188,0,55,F,AP,2500,2048,train,data/train-00008-of-00032.parquet,1458
00007188_001,00007188_001.jpg,val,0,No Finding,7188,1,56,F,PA,2048,2500,train,data/train-00008-of-00032.parquet,1459
00007188_008,00007188_008.jpg,val,1,Atelectasis|Effusion|Infiltration|Pneumothorax,7188,8,56,F,AP,2500,2048,train,data/train-00008-of-00032.parquet,1466
00007189_000,00007189_000.jpg,val,0,No Finding,7189,0,51,F,PA,2048,2500,train,data/train-00008-of-00032.parquet,1468
00007189_001,00007189_001.jpg,val,0,No Finding,7189,1,51,F,PA,2048,2500,train,data/train-00008-of-00032.parquet,1469
00007189_002,00007189_002.jpg,val,0,No Finding,7189,2,51,F,AP,2500,2048,train,data/train-00008-of-00032.parquet,1470
00007225_002,00007225_002.jpg,train,0,No Finding,7225,2,41,F,PA,2048,2500,train,data/train-00008-of-00032.parquet,1610
00007227_000,00007227_000.jpg,train,0,Nodule,7227,0,42,M,PA,2500,2048,train,data/train-00008-of-00032.parquet,1614
00007230_001,00007230_001.jpg,train,0,No Finding,7230,1,58,M,AP,2500,2048,train,data/train-00008-of-00032.parquet,1624
00007236_003,00007236_003.jpg,train,0,No Finding,7236,3,18,F,PA,2992,2991,train,data/train-00008-of-00032.parquet,1642
00007237_000,00007237_000.jpg,train,0,No Finding,7237,0,35,F,PA,2048,2500,train,data/train-00008-of-00032.parquet,1644
00007241_003,00007241_003.jpg,train,0,Atelectasis|Infiltration,7241,2,34,F,AP,2500,2048,train,data/train-00008-of-00032.parquet,1668
00007243_000,00007243_000.jpg,train,0,No Finding,7243,0,34,F,PA,2048,2500,train,data/train-00008-of-00032.parquet,1671
00007245_001,00007245_001.jpg,train,0,No Finding,7245,1,54,M,PA,2500,2048,train,data/train-00008-of-00032.parquet,1679
00007247_002,00007247_002.jpg,train,1,Fibrosis|Pneumothorax,7247,2,68,M,PA,2500,2048,train,data/train-00008-of-00032.parquet,1686
00007249_000,00007249_000.jpg,train,0,No Finding,7249,0,47,M,PA,2500,2048,train,data/train-00008-of-00032.parquet,1688
00007290_000,00007290_000.jpg,train,1,Pneumothorax,7290,0,54,F,PA,2048,2500,train,data/train-00008-of-00032.parquet,1812
00007298_002,00007298_002.jpg,train,0,No Finding,7298,2,25,F,PA,2554,2403,train,data/train-00008-of-00032.parquet,1835
00007299_000,00007299_000.jpg,train,0,Infiltration,7299,0,44,F,PA,2048,2500,train,data/train-00008-of-00032.parquet,1836
00007303_002,00007303_002.jpg,train,0,No Finding,7303,1,41,M,PA,2048,2500,train,data/train-00008-of-00032.parquet,1847
00007348_000,00007348_000.jpg,train,0,No Finding,7348,0,38,M,AP,2500,2048,train,data/train-00008-of-00032.parquet,2010
00007355_001,00007355_001.jpg,train,1,Pneumothorax,7355,8,59,F,PA,2992,2991,train,data/train-00008-of-00032.parquet,2064
00007355_002,00007355_002.jpg,train,1,Pneumothorax,7355,9,60,F,PA,2992,2991,train,data/train-00008-of-00032.parquet,2065
00007355_005,00007355_005.jpg,train,1,Pneumothorax,7355,0,50,F,PA,2500,2048,train,data/train-00008-of-00032.parquet,2068
00007356_001,00007356_001.jpg,train,0,No Finding,7356,1,40,F,AP,2500,2048,train,data/train-00008-of-00032.parquet,2076
00007365_000,00007365_000.jpg,train,0,No Finding,7365,0,59,M,PA,2500,2048,train,data/train-00008-of-00032.parquet,2086
00007372_000,00007372_000.jpg,train,0,No Finding,7372,0,35,F,PA,2048,2500,train,data/train-00008-of-00032.parquet,2095
00007375_000,00007375_000.jpg,train,0,No Finding,7375,0,32,F,PA,2048,2500,train,data/train-00008-of-00032.parquet,2099
00007379_000,00007379_000.jpg,train,0,No Finding,7379,0,36,F,PA,2048,2500,train,data/train-00008-of-00032.parquet,2103
00007380_001,00007380_001.jpg,train,0,Infiltration,7380,1,20,F,PA,2048,2500,train,data/train-00008-of-00032.parquet,2105
00007390_000,00007390_000.jpg,train,0,No Finding,7390,0,50,M,PA,2500,2048,train,data/train-00008-of-00032.parquet,2118
00007390_001,00007390_001.jpg,train,0,No Finding,7390,1,50,M,AP,2500,2048,train,data/train-00008-of-00032.parquet,2119
00007403_000,00007403_000.jpg,train,0,No Finding,7403,0,63,F,PA,2500,2048,train,data/train-00008-of-00032.parquet,2153
00007403_001,00007403_001.jpg,train,0,No Finding,7403,1,63,F,PA,2048,2500,train,data/train-00008-of-00032.parquet,2154
00007404_012,00007404_012.jpg,train,1,Infiltration|Pneumothorax,7404,12,65,M,PA,2992,2991,train,data/train-00008-of-00032.parquet,2167
00007406_000,00007406_000.jpg,train,0,No Finding,7406,0,65,M,PA,2500,2048,train,data/train-00008-of-00032.parquet,2184
00007407_001,00007407_001.jpg,train,0,No Finding,7407,1,64,F,PA,2478,2593,train,data/train-00008-of-00032.parquet,2194
00007411_002,00007411_002.jpg,train,1,Pneumothorax,7411,2,76,M,AP,2500,2048,train,data/train-00008-of-00032.parquet,2204
00007411_003,00007411_003.jpg,train,1,Atelectasis|Pneumothorax,7411,3,76,M,PA,2500,2048,train,data/train-00008-of-00032.parquet,2205
00007418_005,00007418_005.jpg,train,0,No Finding,7418,1,24,F,PA,2048,2500,train,data/train-00008-of-00032.parquet,2225
00007419_000,00007419_000.jpg,train,0,No Finding,7419,0,53,M,PA,2500,2048,train,data/train-00008-of-00032.parquet,2232
00007419_002,00007419_002.jpg,train,0,No Finding,7419,2,53,M,PA,2500,2048,train,data/train-00008-of-00032.parquet,2234
00007425_001,00007425_001.jpg,train,0,No Finding,7425,0,32,M,PA,2986,2991,train,data/train-00008-of-00032.parquet,2255
00007425_002,00007425_002.jpg,train,0,No Finding,7425,1,32,M,AP,2500,2048,train,data/train-00008-of-00032.parquet,2256
00007425_003,00007425_003.jpg,train,0,No Finding,7425,2,32,M,AP,2500,2048,train,data/train-00008-of-00032.parquet,2257
00007426_000,00007426_000.jpg,train,0,No Finding,7426,0,34,F,PA,2048,2500,train,data/train-00008-of-00032.parquet,2261
00007428_001,00007428_001.jpg,train,0,No Finding,7428,1,58,M,AP,2500,2048,train,data/train-00008-of-00032.parquet,2264
00007435_000,00007435_000.jpg,train,0,No Finding,7435,0,23,M,PA,2500,2048,train,data/train-00008-of-00032.parquet,2291
00007441_000,00007441_000.jpg,train,0,No Finding,7441,0,47,M,AP,2500,2048,train,data/train-00008-of-00032.parquet,2301
00007441_001,00007441_001.jpg,train,0,Atelectasis,7441,1,47,M,AP,2500,2048,train,data/train-00008-of-00032.parquet,2302
00007442_001,00007442_001.jpg,train,0,No Finding,7442,1,34,F,AP,2500,2048,train,data/train-00008-of-00032.parquet,2314
00007448_000,00007448_000.jpg,train,0,Pleural_Thickening,7448,0,70,F,PA,2500,2048,train,data/train-00008-of-00032.parquet,2340
00007451_001,00007451_001.jpg,train,0,No Finding,7451,1,63,M,AP,2500,2048,train,data/train-00008-of-00032.parquet,2353
00007459_000,00007459_000.jpg,train,1,Pneumothorax,7459,0,41,F,PA,2500,2048,train,data/train-00008-of-00032.parquet,2387
00007470_000,00007470_000.jpg,train,0,No Finding,7470,0,58,M,PA,2500,2048,train,data/train-00008-of-00032.parquet,2406
00007473_000,00007473_000.jpg,train,0,No Finding,7473,0,61,M,PA,2500,2048,train,data/train-00008-of-00032.parquet,2411
00007483_000,00007483_000.jpg,train,0,No Finding,7483,0,51,F,PA,2048,2500,train,data/train-00008-of-00032.parquet,2452
00007496_001,00007496_001.jpg,train,0,No Finding,7496,1,39,F,PA,2992,2991,train,data/train-00008-of-00032.parquet,2481
00007497_013,00007497_013.jpg,train,1,Pneumothorax,7497,13,63,M,AP,2500,2048,train,data/train-00008-of-00032.parquet,2495
00007501_002,00007501_002.jpg,train,1,Emphysema|Pneumothorax,7501,2,53,F,AP,2500,2048,train,data/train-00008-of-00032.parquet,2503
00007501_003,00007501_003.jpg,train,1,Atelectasis|Infiltration|Pneumothorax,7501,3,53,F,AP,2500,2048,train,data/train-00008-of-00032.parquet,2504
00007502_000,00007502_000.jpg,train,0,No Finding,7502,0,58,M,PA,2500,2048,train,data/train-00008-of-00032.parquet,2506
00007504_001,00007504_001.jpg,train,0,No Finding,7504,1,38,F,PA,2048,2500,train,data/train-00008-of-00032.parquet,2510
00007512_001,00007512_001.jpg,train,0,No Finding,7512,1,18,M,PA,2048,2500,train,data/train-00008-of-00032.parquet,2533
00007512_002,00007512_002.jpg,train,0,No Finding,7512,2,19,M,PA,2690,2991,train,data/train-00008-of-00032.parquet,2534
00007515_000,00007515_000.jpg,train,0,No Finding,7515,0,26,F,AP,2500,2048,train,data/train-00008-of-00032.parquet,2549
00007522_001,00007522_001.jpg,train,0,No Finding,7522,1,67,F,PA,2048,2500,train,data/train-00008-of-00032.parquet,2566
00007523_002,00007523_002.jpg,train,0,No Finding,7523,2,23,F,AP,2500,2048,train,data/train-00008-of-00032.parquet,2571
00007524_001,00007524_001.jpg,train,0,Consolidation|Edema,7524,1,56,F,PA,2048,2500,train,data/train-00008-of-00032.parquet,2584
00007561_000,00007561_000.jpg,train,0,No Finding,7561,0,44,F,PA,2500,2048,train,data/train-00009-of-00032.parquet,26
00007562_001,00007562_001.jpg,val,0,No Finding,7562,1,47,F,AP,2500,2048,train,data/train-00009-of-00032.parquet,31
00007562_002,00007562_002.jpg,val,0,Atelectasis,7562,2,47,F,PA,2500,2048,train,data/train-00009-of-00032.parquet,32
00007564_002,00007564_002.jpg,train,0,No Finding,7564,2,43,M,PA,2500,2048,train,data/train-00009-of-00032.parquet,40
00007566_000,00007566_000.jpg,train,0,No Finding,7566,0,46,M,PA,2500,2048,train,data/train-00009-of-00032.parquet,53
00007568_000,00007568_000.jpg,val,0,No Finding,7568,0,34,M,PA,2500,2048,train,data/train-00009-of-00032.parquet,57
00007568_001,00007568_001.jpg,val,0,No Finding,7568,1,35,M,PA,2500,2048,train,data/train-00009-of-00032.parquet,58
00007568_002,00007568_002.jpg,val,0,Nodule,7568,2,35,M,PA,2500,2048,train,data/train-00009-of-00032.parquet,59
00007572_001,00007572_001.jpg,train,1,Pneumothorax,7572,1,41,F,PA,2048,2500,train,data/train-00009-of-00032.parquet,64
00007572_003,00007572_003.jpg,train,1,Pneumothorax,7572,3,41,F,PA,2048,2500,train,data/train-00009-of-00032.parquet,66
00007575_002,00007575_002.jpg,train,0,No Finding,7575,2,37,M,PA,2830,2765,train,data/train-00009-of-00032.parquet,72
00007576_000,00007576_000.jpg,val,0,Effusion,7576,0,31,M,PA,2500,2048,train,data/train-00009-of-00032.parquet,73
00007576_015,00007576_015.jpg,val,1,Pneumothorax,7576,15,32,M,AP,2500,2048,train,data/train-00009-of-00032.parquet,88
00007579_000,00007579_000.jpg,val,0,Atelectasis,7579,0,62,F,PA,2048,2500,train,data/train-00009-of-00032.parquet,126
00007589_000,00007589_000.jpg,val,0,No Finding,7589,0,58,M,PA,2048,2500,train,data/train-00009-of-00032.parquet,141
00007589_002,00007589_002.jpg,val,0,No Finding,7589,2,58,M,AP,2500,2048,train,data/train-00009-of-00032.parquet,143
00007590_002,00007590_002.jpg,val,0,No Finding,7590,0,24,F,PA,2048,2500,train,data/train-00009-of-00032.parquet,146
00007590_003,00007590_003.jpg,val,0,No Finding,7590,1,24,F,PA,2048,2500,train,data/train-00009-of-00032.parquet,147
00007590_006,00007590_006.jpg,val,1,Pneumothorax,7590,4,28,F,PA,2686,2991,train,data/train-00009-of-00032.parquet,150
00007595_000,00007595_000.jpg,val,0,Atelectasis,7595,0,33,M,PA,2500,2048,train,data/train-00009-of-00032.parquet,157
00007595_001,00007595_001.jpg,val,0,Atelectasis,7595,1,33,M,PA,2500,2048,train,data/train-00009-of-00032.parquet,158
00007595_002,00007595_002.jpg,val,0,Atelectasis,7595,2,33,M,PA,2500,2048,train,data/train-00009-of-00032.parquet,159
00007597_002,00007597_002.jpg,val,0,No Finding,7597,1,70,M,PA,2992,2991,train,data/train-00009-of-00032.parquet,169
00007597_003,00007597_003.jpg,val,0,Emphysema,7597,2,71,M,PA,2992,2991,train,data/train-00009-of-00032.parquet,170
00007598_000,00007598_000.jpg,val,0,No Finding,7598,0,41,M,PA,2992,2991,train,data/train-00009-of-00032.parquet,171
00007598_001,00007598_001.jpg,val,0,No Finding,7598,1,41,M,AP,2500,2048,train,data/train-00009-of-00032.parquet,172
00007613_000,00007613_000.jpg,val,0,No Finding,7613,0,68,F,PA,2500,2048,train,data/train-00009-of-00032.parquet,193
00007628_000,00007628_000.jpg,train,0,No Finding,7628,0,40,M,PA,2048,2500,train,data/train-00009-of-00032.parquet,329
00007633_001,00007633_001.jpg,train,0,No Finding,7633,1,34,F,AP,2500,2048,train,data/train-00009-of-00032.parquet,334
00007634_000,00007634_000.jpg,train,0,Atelectasis,7634,0,75,M,PA,2500,2048,train,data/train-00009-of-00032.parquet,339
00007641_000,00007641_000.jpg,train,0,No Finding,7641,0,62,F,PA,2048,2500,train,data/train-00009-of-00032.parquet,357
00007644_000,00007644_000.jpg,train,0,No Finding,7644,0,55,M,PA,2500,2048,train,data/train-00009-of-00032.parquet,362
00007650_001,00007650_001.jpg,train,1,Pneumothorax,7650,1,33,F,PA,2992,2991,train,data/train-00009-of-00032.parquet,373
00007660_008,00007660_008.jpg,train,1,Atelectasis|Pneumothorax,7660,8,28,M,PA,2992,2991,train,data/train-00009-of-00032.parquet,398
00007672_002,00007672_002.jpg,train,0,No Finding,7672,1,43,F,PA,2538,2441,train,data/train-00009-of-00032.parquet,415
00007679_001,00007679_001.jpg,train,0,Effusion,7679,1,60,F,PA,2048,2500,train,data/train-00009-of-00032.parquet,426
00007683_002,00007683_002.jpg,train,0,No Finding,7683,2,73,F,AP,2500,2048,train,data/train-00009-of-00032.parquet,444
00007684_001,00007684_001.jpg,train,1,Infiltration|Pneumothorax,7684,1,72,M,AP,2500,2048,train,data/train-00009-of-00032.parquet,454
00007684_003,00007684_003.jpg,train,1,Infiltration|Pneumothorax,7684,2,72,M,AP,2500,2048,train,data/train-00009-of-00032.parquet,456
00007684_004,00007684_004.jpg,train,1,Infiltration|Pneumothorax,7684,3,72,M,AP,2500,2048,train,data/train-00009-of-00032.parquet,457
00007687_000,00007687_000.jpg,train,0,Infiltration,7687,0,28,M,PA,2500,2048,train,data/train-00009-of-00032.parquet,463
00007697_000,00007697_000.jpg,train,0,Atelectasis,7697,0,60,F,PA,2500,2048,train,data/train-00009-of-00032.parquet,485
00007700_003,00007700_003.jpg,train,1,Pneumothorax,7700,3,48,F,PA,2048,2500,train,data/train-00009-of-00032.parquet,497
00007702_000,00007702_000.jpg,train,0,No Finding,7702,0,32,M,AP,2500,2048,train,data/train-00009-of-00032.parquet,501
00007705_000,00007705_000.jpg,train,1,Pneumothorax,7705,0,42,F,AP,2500,2048,train,data/train-00009-of-00032.parquet,505
00007705_001,00007705_001.jpg,train,0,No Finding,7705,1,42,F,PA,2048,2500,train,data/train-00009-of-00032.parquet,506
00007706_001,00007706_001.jpg,train,0,Infiltration,7706,1,24,F,AP,2048,2500,train,data/train-00009-of-00032.parquet,508
00007707_000,00007707_000.jpg,train,0,Emphysema,7707,0,47,F,AP,2500,2048,train,data/train-00009-of-00032.parquet,509
00007712_002,00007712_002.jpg,train,0,Hernia,7712,2,80,F,PA,2678,2665,train,data/train-00009-of-00032.parquet,524
00007713_000,00007713_000.jpg,train,0,No Finding,7713,0,53,F,PA,2500,2048,train,data/train-00009-of-00032.parquet,526
00007713_002,00007713_002.jpg,train,0,No Finding,7713,2,53,F,AP,2500,2048,train,data/train-00009-of-00032.parquet,528
00007717_000,00007717_000.jpg,train,0,No Finding,7717,0,20,M,PA,2500,2048,train,data/train-00009-of-00032.parquet,543
00007729_002,00007729_002.jpg,train,0,No Finding,7729,2,58,F,AP,2500,2048,train,data/train-00009-of-00032.parquet,582
00007731_001,00007731_001.jpg,train,0,No Finding,7731,1,43,F,PA,2048,2500,train,data/train-00009-of-00032.parquet,592
00007741_001,00007741_001.jpg,train,0,No Finding,7741,1,44,F,AP,2500,2048,train,data/train-00009-of-00032.parquet,611
00007745_001,00007745_001.jpg,train,0,No Finding,7745,1,29,M,AP,2500,2048,train,data/train-00009-of-00032.parquet,618
00007754_000,00007754_000.jpg,train,0,No Finding,7754,0,27,M,AP,2500,2048,train,data/train-00009-of-00032.parquet,645
00007760_000,00007760_000.jpg,train,0,No Finding,7760,0,56,M,PA,2500,2048,train,data/train-00009-of-00032.parquet,659
00007762_000,00007762_000.jpg,train,1,Pneumothorax,7762,0,64,M,AP,2500,2048,train,data/train-00009-of-00032.parquet,661
00007767_001,00007767_001.jpg,train,0,No Finding,7767,1,35,M,PA,2500,2048,train,data/train-00009-of-00032.parquet,687
00007772_001,00007772_001.jpg,train,0,Mass,7772,1,66,M,AP,2500,2048,train,data/train-00009-of-00032.parquet,695
00007773_000,00007773_000.jpg,train,0,Consolidation|Infiltration,7773,0,60,F,AP,2500,2048,train,data/train-00009-of-00032.parquet,696
00007778_001,00007778_001.jpg,train,0,No Finding,7778,1,46,M,AP,2500,2048,train,data/train-00009-of-00032.parquet,706
00007782_003,00007782_003.jpg,train,1,Pneumothorax,7782,3,34,F,PA,2992,2991,train,data/train-00009-of-00032.parquet,732
00007793_001,00007793_001.jpg,train,0,No Finding,7793,1,64,F,PA,2048,2500,train,data/train-00009-of-00032.parquet,755
00007797_000,00007797_000.jpg,train,0,Nodule,7797,0,42,F,PA,2048,2500,train,data/train-00009-of-00032.parquet,768
00007806_002,00007806_002.jpg,train,0,No Finding,7806,2,66,M,AP,2500,2048,train,data/train-00009-of-00032.parquet,794
00007809_000,00007809_000.jpg,train,0,No Finding,7809,0,32,F,PA,2048,2500,train,data/train-00009-of-00032.parquet,800
00007811_000,00007811_000.jpg,train,0,No Finding,7811,0,52,F,PA,2048,2500,train,data/train-00009-of-00032.parquet,810
00007820_000,00007820_000.jpg,train,0,No Finding,7820,0,38,M,PA,2500,2048,train,data/train-00009-of-00032.parquet,833
00007821_000,00007821_000.jpg,train,0,No Finding,7821,0,23,F,PA,2048,2500,train,data/train-00009-of-00032.parquet,836
00007823_001,00007823_001.jpg,train,1,Atelectasis|Infiltration|Pneumothorax,7823,1,72,M,AP,2500,2048,train,data/train-00009-of-00032.parquet,839
00007825_003,00007825_003.jpg,train,0,No Finding,7825,1,47,F,PA,2534,2625,train,data/train-00009-of-00032.parquet,845
00007833_002,00007833_002.jpg,train,0,Effusion,7833,2,37,M,PA,2500,2048,train,data/train-00009-of-00032.parquet,854
00007837_002,00007837_002.jpg,train,0,No Finding,7837,2,62,M,AP,2500,2048,train,data/train-00009-of-00032.parquet,862
00007839_000,00007839_000.jpg,train,0,No Finding,7839,0,25,F,PA,2070,2649,train,data/train-00009-of-00032.parquet,864
00007845_000,00007845_000.jpg,train,0,No Finding,7845,0,79,F,PA,2048,2500,train,data/train-00009-of-00032.parquet,870
00007852_000,00007852_000.jpg,train,0,No Finding,7852,0,55,F,PA,2306,2991,train,data/train-00009-of-00032.parquet,898
00007854_000,00007854_000.jpg,val,0,No Finding,7854,0,31,M,PA,2500,2048,train,data/train-00009-of-00032.parquet,900
00007855_001,00007855_001.jpg,train,0,No Finding,7855,1,35,F,PA,2048,2500,train,data/train-00009-of-00032.parquet,902
00007856_003,00007856_003.jpg,val,0,No Finding,7856,1,43,F,PA,2876,2612,train,data/train-00009-of-00032.parquet,906
00007856_004,00007856_004.jpg,val,1,Pneumothorax,7856,2,44,F,PA,2486,2573,train,data/train-00009-of-00032.parquet,907
00007865_001,00007865_001.jpg,train,1,Atelectasis|Emphysema|Fibrosis|Mass|Pneumothorax,7865,1,68,F,PA,2500,2048,train,data/train-00009-of-00032.parquet,970
00007865_003,00007865_003.jpg,train,1,Atelectasis|Effusion|Infiltration|Pneumothorax,7865,3,68,F,PA,2730,2733,train,data/train-00009-of-00032.parquet,972
00007868_000,00007868_000.jpg,train,0,No Finding,7868,0,50,F,PA,2048,2500,train,data/train-00009-of-00032.parquet,981
00007868_001,00007868_001.jpg,train,0,No Finding,7868,1,51,F,PA,2992,2991,train,data/train-00009-of-00032.parquet,982
00007869_002,00007869_002.jpg,train,0,Mass,7869,2,49,F,PA,2500,2048,train,data/train-00009-of-00032.parquet,985
00007871_001,00007871_001.jpg,train,0,Fibrosis,7871,1,71,M,AP,2048,2500,train,data/train-00009-of-00032.parquet,992
00007916_002,00007916_002.jpg,train,0,Atelectasis|Infiltration,7916,2,63,M,AP,2500,2048,train,data/train-00009-of-00032.parquet,1102
00007917_000,00007917_000.jpg,train,0,No Finding,7917,0,32,F,AP,2500,2048,train,data/train-00009-of-00032.parquet,1114
00007917_006,00007917_006.jpg,train,1,Atelectasis|Nodule|Pneumothorax,7917,6,35,F,PA,2968,2132,train,data/train-00009-of-00032.parquet,1120
00007920_002,00007920_002.jpg,train,0,Effusion,7920,2,56,M,AP,2500,2048,train,data/train-00009-of-00032.parquet,1127
00007922_002,00007922_002.jpg,train,0,Atelectasis|Effusion,7922,2,48,F,AP,2048,2500,train,data/train-00009-of-00032.parquet,1135
00007932_002,00007932_002.jpg,train,1,Pneumothorax,7932,2,50,M,AP,2500,2048,train,data/train-00009-of-00032.parquet,1158
00007935_000,00007935_000.jpg,train,0,No Finding,7935,0,32,F,PA,2684,2627,train,data/train-00009-of-00032.parquet,1170
00007937_002,00007937_002.jpg,train,0,No Finding,7937,1,61,F,PA,2992,2991,train,data/train-00009-of-00032.parquet,1177
00007939_000,00007939_000.jpg,train,0,No Finding,7939,0,62,M,PA,2500,2048,train,data/train-00009-of-00032.parquet,1179
00007992_000,00007992_000.jpg,train,0,No Finding,7992,0,19,M,AP,2500,2048,train,data/train-00009-of-00032.parquet,1308
00007995_000,00007995_000.jpg,train,0,Atelectasis|Pleural_Thickening,7995,0,59,F,PA,2500,2048,train,data/train-00009-of-00032.parquet,1317
00007998_000,00007998_000.jpg,train,0,Mass,7998,0,28,M,PA,2500,2048,train,data/train-00009-of-00032.parquet,1321
00008000_000,00008000_000.jpg,train,0,No Finding,8000,0,46,M,PA,2048,2500,train,data/train-00009-of-00032.parquet,1324
00008002_000,00008002_000.jpg,train,0,Cardiomegaly,8002,0,29,M,PA,2048,2500,train,data/train-00009-of-00032.parquet,1326
00008007_000,00008007_000.jpg,train,0,Infiltration,8007,0,34,M,PA,2992,2991,train,data/train-00009-of-00032.parquet,1344
00008009_015,00008009_015.jpg,train,1,Pneumothorax,8009,15,18,M,PA,2992,2991,train,data/train-00009-of-00032.parquet,1361
00008009_016,00008009_016.jpg,train,1,Mass|Pneumothorax,8009,16,18,M,PA,2992,2991,train,data/train-00009-of-00032.parquet,1362
00008013_001,00008013_001.jpg,train,1,Pneumothorax,8013,1,50,F,AP,2500,2048,train,data/train-00009-of-00032.parquet,1400
00008013_002,00008013_002.jpg,train,1,Pneumothorax,8013,2,50,F,AP,2500,2048,train,data/train-00009-of-00032.parquet,1401
00008019_000,00008019_000.jpg,train,0,No Finding,8019,0,22,M,PA,2500,2048,train,data/train-00009-of-00032.parquet,1414
00008031_000,00008031_000.jpg,train,0,No Finding,8031,0,64,F,PA,2500,2048,train,data/train-00009-of-00032.parquet,1468
00008038_002,00008038_002.jpg,train,0,Effusion,8038,2,41,F,PA,2992,2991,train,data/train-00009-of-00032.parquet,1502
00008039_000,00008039_000.jpg,train,0,No Finding,8039,0,34,M,PA,2500,2048,train,data/train-00009-of-00032.parquet,1503
00008041_001,00008041_001.jpg,train,0,No Finding,8041,1,48,M,AP,2500,2048,train,data/train-00009-of-00032.parquet,1519
00008045_003,00008045_003.jpg,train,1,Pneumothorax,8045,3,59,M,PA,2048,2500,train,data/train-00009-of-00032.parquet,1547
00008046_014,00008046_014.jpg,train,0,Effusion,8046,1,31,F,AP,2048,2500,train,data/train-00009-of-00032.parquet,1564
00008148_000,00008148_000.jpg,train,0,No Finding,8148,0,37,F,PA,2048,2500,train,data/train-00009-of-00032.parquet,1914
00008151_001,00008151_001.jpg,train,1,Pneumothorax,8151,1,47,F,PA,2048,2500,train,data/train-00009-of-00032.parquet,1918
00008153_000,00008153_000.jpg,train,0,No Finding,8153,0,26,M,PA,2500,2048,train,data/train-00009-of-00032.parquet,1921
00008153_001,00008153_001.jpg,train,0,No Finding,8153,1,26,M,PA,2500,2048,train,data/train-00009-of-00032.parquet,1922
00008156_000,00008156_000.jpg,train,1,Pneumothorax,8156,0,72,M,PA,2500,2048,train,data/train-00009-of-00032.parquet,1929
00008161_000,00008161_000.jpg,train,0,Infiltration,8161,0,48,M,PA,2730,2991,train,data/train-00009-of-00032.parquet,1940
00008162_000,00008162_000.jpg,train,0,Pleural_Thickening,8162,0,40,F,PA,2048,2500,train,data/train-00009-of-00032.parquet,1941
00008162_001,00008162_001.jpg,train,0,No Finding,8162,1,40,F,AP,2500,2048,train,data/train-00009-of-00032.parquet,1942
00008163_000,00008163_000.jpg,train,0,No Finding,8163,0,57,M,PA,2500,2048,train,data/train-00009-of-00032.parquet,1944
00008164_000,00008164_000.jpg,train,0,No Finding,8164,0,41,F,AP,2500,2048,train,data/train-00009-of-00032.parquet,1945
00008168_001,00008168_001.jpg,train,1,Pneumothorax,8168,1,75,F,PA,2048,2500,train,data/train-00009-of-00032.parquet,1958
00008184_002,00008184_002.jpg,val,0,No Finding,8184,0,46,F,PA,2048,2500,train,data/train-00009-of-00032.parquet,2007
00008184_003,00008184_003.jpg,val,0,No Finding,8184,1,47,F,PA,2048,2500,train,data/train-00009-of-00032.parquet,2008
00008184_007,00008184_007.jpg,val,1,Pneumothorax,8184,5,51,F,PA,2992,2991,train,data/train-00009-of-00032.parquet,2012
00008187_000,00008187_000.jpg,val,0,Effusion|Mass,8187,0,58,M,PA,2500,2048,train,data/train-00009-of-00032.parquet,2025
00008187_001,00008187_001.jpg,val,0,No Finding,8187,1,58,M,PA,2500,2048,train,data/train-00009-of-00032.parquet,2026
00008187_002,00008187_002.jpg,val,0,Infiltration|Mass,8187,2,58,M,AP,2500,2048,train,data/train-00009-of-00032.parquet,2027
00008218_000,00008218_000.jpg,val,0,No Finding,8218,0,41,M,PA,2500,2048,train,data/train-00009-of-00032.parquet,2090
00008230_002,00008230_002.jpg,train,1,Pneumothorax,8230,2,60,F,PA,2048,2500,train,data/train-00009-of-00032.parquet,2122
00008230_004,00008230_004.jpg,train,1,Pneumothorax,8230,4,60,F,PA,2048,2500,train,data/train-00009-of-00032.parquet,2124
00008232_009,00008232_009.jpg,train,1,Pneumothorax,8232,9,40,M,AP,2500,2048,train,data/train-00009-of-00032.parquet,2162
00008234_000,00008234_000.jpg,train,0,Pleural_Thickening,8234,0,78,F,PA,2048,2500,train,data/train-00009-of-00032.parquet,2177
00008239_000,00008239_000.jpg,train,0,No Finding,8239,0,73,M,PA,2021,2021,train,data/train-00009-of-00032.parquet,2190
00008243_000,00008243_000.jpg,train,0,No Finding,8243,0,28,F,PA,2048,2500,train,data/train-00009-of-00032.parquet,2194
00008244_000,00008244_000.jpg,train,0,No Finding,8244,0,27,M,PA,2500,2048,train,data/train-00009-of-00032.parquet,2195
00008276_000,00008276_000.jpg,train,0,No Finding,8276,0,56,M,PA,2500,2048,train,data/train-00009-of-00032.parquet,2305
00008277_001,00008277_001.jpg,train,0,Mass,8277,1,50,F,AP,2500,2048,train,data/train-00009-of-00032.parquet,2310
00008287_000,00008287_000.jpg,train,0,Atelectasis,8287,0,26,F,PA,2048,2500,train,data/train-00009-of-00032.parquet,2321
00008288_000,00008288_000.jpg,train,0,No Finding,8288,0,53,M,PA,2500,2048,train,data/train-00009-of-00032.parquet,2325
00008299_001,00008299_001.jpg,train,0,Atelectasis|Fibrosis,8299,0,49,F,PA,2500,2048,train,data/train-00009-of-00032.parquet,2363
00008304_000,00008304_000.jpg,train,1,Pneumothorax,8304,6,35,F,PA,2992,2991,train,data/train-00009-of-00032.parquet,2370
00008306_000,00008306_000.jpg,train,0,Atelectasis,8306,0,54,F,AP,2500,2048,train,data/train-00009-of-00032.parquet,2379
00008330_000,00008330_000.jpg,train,0,No Finding,8330,0,39,F,PA,2048,2500,train,data/train-00009-of-00032.parquet,2431
00008337_000,00008337_000.jpg,train,0,No Finding,8337,0,51,F,PA,2048,2500,train,data/train-00009-of-00032.parquet,2439
00008342_004,00008342_004.jpg,train,1,Pneumothorax,8342,2,34,F,AP,2500,2048,train,data/train-00009-of-00032.parquet,2461
00008342_013,00008342_013.jpg,train,1,Infiltration|Mass|Nodule|Pneumothorax,8342,11,35,F,AP,2500,2048,train,data/train-00009-of-00032.parquet,2470
00008344_000,00008344_000.jpg,train,0,No Finding,8344,0,44,F,PA,2500,2048,train,data/train-00009-of-00032.parquet,2489
00008384_001,00008384_001.jpg,val,0,No Finding,8384,0,31,M,PA,2992,2991,train,data/train-00009-of-00032.parquet,2612
00008384_003,00008384_003.jpg,val,0,No Finding,8384,2,32,M,PA,2992,2991,train,data/train-00009-of-00032.parquet,2614
00008387_001,00008387_001.jpg,train,0,Infiltration,8387,1,41,M,AP,2500,2048,train,data/train-00009-of-00032.parquet,2617
00008401_001,00008401_001.jpg,val,1,Pneumothorax,8401,8,64,F,PA,2992,2991,train,data/train-00009-of-00032.parquet,2658
00008401_002,00008401_002.jpg,val,1,Nodule|Pneumothorax,8401,9,64,F,PA,2992,2991,train,data/train-00009-of-00032.parquet,2659
00008401_003,00008401_003.jpg,val,0,No Finding,8401,0,55,F,PA,2500,2048,train,data/train-00009-of-00032.parquet,2660
00008402_005,00008402_005.jpg,train,1,Mass|Pneumothorax,8402,3,62,M,PA,2500,2048,train,data/train-00009-of-00032.parquet,2672
00008409_000,00008409_000.jpg,train,0,Emphysema,8409,0,46,M,AP,2500,2048,train,data/train-00009-of-00032.parquet,2683
00008411_000,00008411_000.jpg,train,0,No Finding,8411,0,69,M,AP,2500,2048,train,data/train-00009-of-00032.parquet,2686
00008429_002,00008429_002.jpg,train,0,Mass,8429,2,75,M,AP,2500,2048,train,data/train-00010-of-00032.parquet,19
00008433_011,00008433_011.jpg,train,1,Effusion|Pneumothorax,8433,11,63,F,PA,2992,2991,train,data/train-00010-of-00032.parquet,38
00008435_000,00008435_000.jpg,train,0,No Finding,8435,0,56,F,PA,2500,2048,train,data/train-00010-of-00032.parquet,40
00008436_000,00008436_000.jpg,train,0,No Finding,8436,0,23,M,AP,2500,2048,train,data/train-00010-of-00032.parquet,49
00008440_000,00008440_000.jpg,train,0,No Finding,8440,0,44,M,PA,2500,2048,train,data/train-00010-of-00032.parquet,56
00008457_002,00008457_002.jpg,train,0,Infiltration,8457,2,72,M,PA,3056,2544,train,data/train-00010-of-00032.parquet,110
00008458_001,00008458_001.jpg,train,0,No Finding,8458,0,41,F,PA,2048,2500,train,data/train-00010-of-00032.parquet,113
00008460_000,00008460_000.jpg,train,0,No Finding,8460,0,40,F,PA,2500,2048,train,data/train-00010-of-00032.parquet,119
00008462_003,00008462_003.jpg,train,1,Pneumothorax,8462,3,51,F,PA,2992,2725,train,data/train-00010-of-00032.parquet,124
00008462_004,00008462_004.jpg,train,1,Pneumothorax,8462,4,51,F,PA,2992,2991,train,data/train-00010-of-00032.parquet,125
00008462_005,00008462_005.jpg,train,1,Pneumothorax,8462,5,53,F,PA,2992,2991,train,data/train-00010-of-00032.parquet,126
00008465_004,00008465_004.jpg,train,1,Pneumothorax,8465,2,28,F,PA,2992,2991,train,data/train-00010-of-00032.parquet,139
00008465_006,00008465_006.jpg,train,1,Pneumothorax,8465,4,31,F,PA,2544,3056,train,data/train-00010-of-00032.parquet,141
00008469_000,00008469_000.jpg,train,0,Atelectasis,8469,0,32,F,PA,2048,2500,train,data/train-00010-of-00032.parquet,214
00008470_000,00008470_000.jpg,train,0,No Finding,8470,0,29,F,AP,2500,2048,train,data/train-00010-of-00032.parquet,215
00008473_004,00008473_004.jpg,train,1,Pneumothorax,8473,4,44,M,PA,2500,2048,train,data/train-00010-of-00032.parquet,233
00008475_001,00008475_001.jpg,train,0,Infiltration,8475,1,28,M,PA,2021,2021,train,data/train-00010-of-00032.parquet,244
00008477_001,00008477_001.jpg,train,1,Pneumothorax,8477,1,51,F,PA,2048,2500,train,data/train-00010-of-00032.parquet,251
00008483_000,00008483_000.jpg,train,0,No Finding,8483,0,47,M,PA,2500,2048,train,data/train-00010-of-00032.parquet,272
00008484_001,00008484_001.jpg,train,0,Infiltration,8484,1,63,M,AP,2500,2048,train,data/train-00010-of-00032.parquet,274
00008489_003,00008489_003.jpg,train,0,No Finding,8489,2,48,M,AP,2500,2048,train,data/train-00010-of-00032.parquet,282
00008579_000,00008579_000.jpg,train,0,No Finding,8579,0,22,F,PA,2048,2500,train,data/train-00010-of-00032.parquet,507
00008582_000,00008582_000.jpg,val,0,No Finding,8582,0,57,F,AP,2500,2048,train,data/train-00010-of-00032.parquet,512
00008583_000,00008583_000.jpg,val,0,Pleural_Thickening,8583,0,58,F,PA,2654,2665,train,data/train-00010-of-00032.parquet,513
00008583_002,00008583_002.jpg,val,1,Fibrosis|Pneumothorax,8583,2,59,F,PA,2694,2485,train,data/train-00010-of-00032.parquet,515
00008584_000,00008584_000.jpg,val,0,Atelectasis,8584,0,58,M,PA,2500,2048,train,data/train-00010-of-00032.parquet,517
00008584_001,00008584_001.jpg,val,0,Atelectasis,8584,1,58,M,AP,2500,2048,train,data/train-00010-of-00032.parquet,518
00008584_002,00008584_002.jpg,val,0,Atelectasis,8584,2,59,M,PA,2500,2048,train,data/train-00010-of-00032.parquet,519
00008585_000,00008585_000.jpg,train,0,Cardiomegaly|Effusion|Emphysema,8585,0,59,F,PA,2500,2048,train,data/train-00010-of-00032.parquet,520
00008594_007,00008594_007.jpg,train,1,Pneumothorax,8594,7,69,F,PA,2990,2753,train,data/train-00010-of-00032.parquet,550
00008594_008,00008594_008.jpg,train,1,Effusion|Pneumothorax,8594,8,69,F,PA,2674,2991,train,data/train-00010-of-00032.parquet,551
00008594_009,00008594_009.jpg,train,1,Pneumothorax,8594,9,69,F,PA,2578,2761,train,data/train-00010-of-00032.parquet,552
00008596_000,00008596_000.jpg,train,0,No Finding,8596,0,53,M,PA,2500,2048,train,data/train-00010-of-00032.parquet,556
00008600_000,00008600_000.jpg,train,0,Atelectasis,8600,0,43,M,PA,2500,2048,train,data/train-00010-of-00032.parquet,573
00008602_000,00008602_000.jpg,train,0,No Finding,8602,0,33,F,PA,2992,2991,train,data/train-00010-of-00032.parquet,576
00008608_000,00008608_000.jpg,train,0,No Finding,8608,0,22,M,PA,2048,2500,train,data/train-00010-of-00032.parquet,588
00008613_001,00008613_001.jpg,train,0,Mass,8613,1,59,F,AP,2500,2048,train,data/train-00010-of-00032.parquet,597
00008701_044,00008701_044.jpg,train,1,Infiltration|Pneumothorax,8701,44,46,F,PA,2500,2048,train,data/train-00010-of-00032.parquet,864
00008701_045,00008701_045.jpg,train,1,Infiltration|Pneumothorax,8701,45,46,F,AP,2500,2048,train,data/train-00010-of-00032.parquet,865
00008702_000,00008702_000.jpg,train,0,Emphysema,8702,0,71,M,PA,2500,2048,train,data/train-00010-of-00032.parquet,870
00008731_001,00008731_001.jpg,train,0,No Finding,8731,1,74,F,PA,2992,2991,train,data/train-00010-of-00032.parquet,930
00008739_003,00008739_003.jpg,train,0,No Finding,8739,1,45,F,AP,2500,2048,train,data/train-00010-of-00032.parquet,949
00008740_000,00008740_000.jpg,train,0,No Finding,8740,0,41,F,PA,2048,2500,train,data/train-00010-of-00032.parquet,956
00008743_000,00008743_000.jpg,train,0,No Finding,8743,0,28,F,PA,2048,2500,train,data/train-00010-of-00032.parquet,971
00008745_008,00008745_008.jpg,train,1,Infiltration|Pneumothorax,8745,8,45,M,AP,2500,2048,train,data/train-00010-of-00032.parquet,981
00008748_002,00008748_002.jpg,train,0,Atelectasis|Effusion|Pleural_Thickening,8748,0,46,F,PA,2048,2500,train,data/train-00010-of-00032.parquet,1025
00008748_007,00008748_007.jpg,train,1,Pneumothorax,8748,5,46,F,PA,2048,2500,train,data/train-00010-of-00032.parquet,1030
00008749_001,00008749_001.jpg,train,0,No Finding,8749,1,68,M,AP,2500,2048,train,data/train-00010-of-00032.parquet,1038
00008856_000,00008856_000.jpg,val,0,Atelectasis,8856,0,57,M,PA,2992,2991,train,data/train-00010-of-00032.parquet,1355
00008856_001,00008856_001.jpg,val,0,Atelectasis,8856,1,57,M,PA,2500,2048,train,data/train-00010-of-00032.parquet,1356
00008864_001,00008864_001.jpg,val,0,No Finding,8864,0,39,F,PA,2048,2500,train,data/train-00010-of-00032.parquet,1382
00008864_002,00008864_002.jpg,val,0,No Finding,8864,1,39,F,PA,2048,2500,train,data/train-00010-of-00032.parquet,1383
00008864_004,00008864_004.jpg,val,1,Pneumothorax,8864,3,42,F,PA,2454,2569,train,data/train-00010-of-00032.parquet,1385
00008892_003,00008892_003.jpg,train,1,Infiltration|Nodule|Pneumothorax,8892,3,53,M,PA,2500,2048,train,data/train-00010-of-00032.parquet,1526
00008892_004,00008892_004.jpg,train,1,Infiltration|Nodule|Pneumothorax,8892,4,53,M,PA,2500,2048,train,data/train-00010-of-00032.parquet,1527
00008895_001,00008895_001.jpg,train,0,No Finding,8895,1,37,F,PA,2048,2500,train,data/train-00010-of-00032.parquet,1536
00008903_002,00008903_002.jpg,train,0,Fibrosis,8903,2,66,M,PA,2992,2991,train,data/train-00010-of-00032.parquet,1560
00008904_000,00008904_000.jpg,train,0,Atelectasis,8904,0,71,F,PA,2048,2500,train,data/train-00010-of-00032.parquet,1566
00008905_000,00008905_000.jpg,train,0,Effusion,8905,0,75,F,PA,2048,2500,train,data/train-00010-of-00032.parquet,1567
00008908_002,00008908_002.jpg,train,0,No Finding,8908,1,67,F,PA,2754,2991,train,data/train-00010-of-00032.parquet,1572
00008916_000,00008916_000.jpg,train,0,Cardiomegaly,8916,0,43,M,PA,2992,2991,train,data/train-00010-of-00032.parquet,1583
00008919_004,00008919_004.jpg,train,1,Pneumothorax,8919,4,54,F,PA,2732,2473,train,data/train-00010-of-00032.parquet,1590
00008922_002,00008922_002.jpg,train,0,No Finding,8922,2,23,F,AP,2500,2048,train,data/train-00010-of-00032.parquet,1596
00008970_002,00008970_002.jpg,train,1,Pneumothorax,8970,2,47,F,PA,2558,2537,train,data/train-00010-of-00032.parquet,1723
00008975_002,00008975_002.jpg,train,0,No Finding,8975,2,55,F,AP,2500,2048,train,data/train-00010-of-00032.parquet,1734
00008980_000,00008980_000.jpg,train,0,Atelectasis,8980,0,49,F,AP,2500,2048,train,data/train-00010-of-00032.parquet,1740
00008987_000,00008987_000.jpg,train,0,No Finding,8987,0,57,M,PA,2048,2500,train,data/train-00010-of-00032.parquet,1756
00008999_000,00008999_000.jpg,train,0,No Finding,8999,0,53,F,PA,2048,2500,train,data/train-00010-of-00032.parquet,1776
00009001_005,00009001_005.jpg,train,1,Effusion|Pneumothorax,9001,1,50,F,PA,2822,2513,train,data/train-00010-of-00032.parquet,1785
00009005_000,00009005_000.jpg,train,0,No Finding,9005,0,40,F,PA,2048,2500,train,data/train-00010-of-00032.parquet,1792
00009019_000,00009019_000.jpg,train,0,No Finding,9019,1,88,F,PA,2838,2991,train,data/train-00010-of-00032.parquet,1828
00009019_001,00009019_001.jpg,train,0,Nodule,9019,0,86,F,PA,2782,2991,train,data/train-00010-of-00032.parquet,1829
00009027_002,00009027_002.jpg,train,0,No Finding,9027,2,68,F,PA,2614,2773,train,data/train-00010-of-00032.parquet,1862
00009031_000,00009031_000.jpg,train,0,Atelectasis,9031,0,55,M,PA,2314,2550,train,data/train-00010-of-00032.parquet,1872
00009034_000,00009034_000.jpg,train,0,No Finding,9034,0,63,M,AP,2500,2048,train,data/train-00010-of-00032.parquet,1875
00009037_000,00009037_000.jpg,train,0,No Finding,9037,0,46,M,PA,2992,2991,train,data/train-00010-of-00032.parquet,1884
00009045_000,00009045_000.jpg,train,0,No Finding,9045,0,39,F,PA,2500,2048,train,data/train-00010-of-00032.parquet,1894
00009045_002,00009045_002.jpg,train,1,Pneumothorax,9045,2,39,F,PA,2500,2048,train,data/train-00010-of-00032.parquet,1896
00009047_000,00009047_000.jpg,train,0,Atelectasis|Cardiomegaly|Effusion|Infiltration,9047,0,61,M,PA,2500,2048,train,data/train-00010-of-00032.parquet,1898
00009048_000,00009048_000.jpg,train,0,Pleural_Thickening,9048,0,55,M,PA,2500,2048,train,data/train-00010-of-00032.parquet,1899
00009048_002,00009048_002.jpg,train,0,Pneumonia,9048,2,55,M,AP,2500,2048,train,data/train-00010-of-00032.parquet,1901
00009049_002,00009049_002.jpg,train,0,No Finding,9049,2,45,M,AP,2500,2048,train,data/train-00010-of-00032.parquet,1907
00009051_000,00009051_000.jpg,train,0,No Finding,9051,0,39,F,PA,2156,2183,train,data/train-00010-of-00032.parquet,1916
00009057_000,00009057_000.jpg,train,0,No Finding,9057,0,65,M,PA,2500,2048,train,data/train-00010-of-00032.parquet,1933
00009061_001,00009061_001.jpg,train,0,No Finding,9061,1,59,M,PA,2500,2048,train,data/train-00010-of-00032.parquet,1941
00009061_002,00009061_002.jpg,train,0,No Finding,9061,2,59,M,PA,2500,2048,train,data/train-00010-of-00032.parquet,1942
00009068_000,00009068_000.jpg,train,0,No Finding,9068,0,48,F,PA,2048,2500,train,data/train-00010-of-00032.parquet,1959
00009073_000,00009073_000.jpg,train,1,Effusion|Pneumothorax,9073,0,55,M,PA,2048,2500,train,data/train-00010-of-00032.parquet,1964
00009081_002,00009081_002.jpg,train,0,No Finding,9081,2,51,M,AP,2500,2048,train,data/train-00010-of-00032.parquet,1979
00009119_000,00009119_000.jpg,train,1,Pneumothorax,9119,0,48,F,PA,2500,2048,train,data/train-00010-of-00032.parquet,2103
00009120_001,00009120_001.jpg,train,0,Nodule,9120,1,40,F,AP,2500,2048,train,data/train-00010-of-00032.parquet,2108
00009132_000,00009132_000.jpg,train,0,Emphysema,9132,0,44,F,PA,2048,2500,train,data/train-00010-of-00032.parquet,2131
00009135_000,00009135_000.jpg,train,0,No Finding,9135,0,58,F,PA,2500,2048,train,data/train-00010-of-00032.parquet,2135
00009135_001,00009135_001.jpg,train,0,No Finding,9135,1,59,F,AP,2500,2048,train,data/train-00010-of-00032.parquet,2136
00009143_000,00009143_000.jpg,train,0,No Finding,9143,0,29,M,PA,2500,2048,train,data/train-00010-of-00032.parquet,2151
00009152_000,00009152_000.jpg,train,0,No Finding,9152,0,59,M,PA,2500,2048,train,data/train-00010-of-00032.parquet,2166
00009159_000,00009159_000.jpg,train,0,No Finding,9159,0,47,F,PA,2048,2500,train,data/train-00010-of-00032.parquet,2176
00009162_000,00009162_000.jpg,train,0,No Finding,9162,0,28,F,PA,2048,2500,train,data/train-00010-of-00032.parquet,2179
00009163_000,00009163_000.jpg,train,0,Atelectasis|Effusion,9163,0,56,F,PA,2048,2500,train,data/train-00010-of-00032.parquet,2180
00009176_000,00009176_000.jpg,train,0,No Finding,9176,0,54,M,PA,2500,2048,train,data/train-00010-of-00032.parquet,2204
00009182_000,00009182_000.jpg,train,0,No Finding,9182,0,59,F,PA,2048,2500,train,data/train-00010-of-00032.parquet,2210
00009184_002,00009184_002.jpg,train,0,Infiltration,9184,2,58,M,AP,2500,2048,train,data/train-00010-of-00032.parquet,2221
00009185_001,00009185_001.jpg,train,0,Nodule,9185,1,53,M,PA,2500,2048,train,data/train-00010-of-00032.parquet,2223
00009189_000,00009189_000.jpg,train,0,Nodule|Pleural_Thickening,9189,0,66,F,PA,2500,2048,train,data/train-00010-of-00032.parquet,2237
00009190_001,00009190_001.jpg,train,0,No Finding,9190,1,61,F,AP,2500,2048,train,data/train-00010-of-00032.parquet,2247
00009192_000,00009192_000.jpg,train,0,No Finding,9192,0,29,M,PA,2048,2500,train,data/train-00010-of-00032.parquet,2252
00009198_002,00009198_002.jpg,train,0,No Finding,9198,2,49,M,AP,2048,2500,train,data/train-00010-of-00032.parquet,2262
00009201_000,00009201_000.jpg,train,0,No Finding,9201,0,60,M,PA,2500,2048,train,data/train-00010-of-00032.parquet,2268
00009201_001,00009201_001.jpg,train,0,No Finding,9201,1,60,M,AP,2500,2048,train,data/train-00010-of-00032.parquet,2269
00009202_000,00009202_000.jpg,train,0,No Finding,9202,0,41,M,AP,2500,2048,train,data/train-00010-of-00032.parquet,2270
00009202_001,00009202_001.jpg,train,0,No Finding,9202,1,42,M,PA,2626,2661,train,data/train-00010-of-00032.parquet,2271
00009206_001,00009206_001.jpg,train,1,Pneumothorax,9206,1,69,M,AP,2500,2048,train,data/train-00010-of-00032.parquet,2281
00009215_001,00009215_001.jpg,train,0,No Finding,9215,1,40,M,PA,2992,2991,train,data/train-00010-of-00032.parquet,2292
00009217_001,00009217_001.jpg,train,0,No Finding,9217,1,18,M,AP,2500,2048,train,data/train-00010-of-00032.parquet,2307
00009219_000,00009219_000.jpg,train,0,No Finding,9219,0,50,M,PA,2500,2048,train,data/train-00010-of-00032.parquet,2308
00009219_002,00009219_002.jpg,train,0,No Finding,9219,2,52,M,PA,2990,2991,train,data/train-00010-of-00032.parquet,2310
00009220_000,00009220_000.jpg,train,0,No Finding,9220,0,61,M,PA,2500,2048,train,data/train-00010-of-00032.parquet,2317
00009223_001,00009223_001.jpg,train,0,No Finding,9223,1,21,F,PA,2048,2500,train,data/train-00010-of-00032.parquet,2321
00009227_000,00009227_000.jpg,val,1,Mass|Pneumothorax,9227,0,48,F,PA,2048,2500,train,data/train-00010-of-00032.parquet,2327
00009231_008,00009231_008.jpg,train,1,Pneumothorax,9231,8,25,M,AP,2500,2048,train,data/train-00010-of-00032.parquet,2345
00009232_001,00009232_001.jpg,train,0,No Finding,9232,1,40,F,AP,2500,2048,train,data/train-00010-of-00032.parquet,2351
00009234_000,00009234_000.jpg,train,0,Atelectasis|Consolidation|Infiltration,9234,1,46,M,AP,2500,2048,train,data/train-00010-of-00032.parquet,2359
00009235_000,00009235_000.jpg,val,0,No Finding,9235,0,57,M,PA,2500,2048,train,data/train-00010-of-00032.parquet,2364
00009238_000,00009238_000.jpg,val,0,No Finding,9238,0,43,M,PA,2500,2048,train,data/train-00010-of-00032.parquet,2366
00009242_001,00009242_001.jpg,train,0,No Finding,9242,1,41,F,AP,2500,2048,train,data/train-00010-of-00032.parquet,2370
00009242_002,00009242_002.jpg,train,0,Edema|Effusion,9242,2,41,F,AP,2500,2048,train,data/train-00010-of-00032.parquet,2371
00009243_000,00009243_000.jpg,train,0,No Finding,9243,0,51,M,PA,2500,2048,train,data/train-00010-of-00032.parquet,2373
00009252_000,00009252_000.jpg,val,0,No Finding,9252,0,22,F,PA,2834,2829,train,data/train-00010-of-00032.parquet,2384
00009253_000,00009253_000.jpg,val,0,No Finding,9253,0,22,F,PA,2992,2991,train,data/train-00010-of-00032.parquet,2385
00009259_000,00009259_000.jpg,val,0,Nodule,9259,0,54,M,PA,2500,2048,train,data/train-00010-of-00032.parquet,2395
00009267_000,00009267_000.jpg,train,0,No Finding,9267,0,50,M,PA,2500,2048,train,data/train-00010-of-00032.parquet,2411
00009270_000,00009270_000.jpg,train,0,No Finding,9270,0,49,F,PA,2048,2500,train,data/train-00010-of-00032.parquet,2414
00009272_001,00009272_001.jpg,train,0,No Finding,9272,1,62,F,PA,2048,2500,train,data/train-00010-of-00032.parquet,2417
00009279_001,00009279_001.jpg,train,0,No Finding,9279,1,18,F,AP,2500,2048,train,data/train-00010-of-00032.parquet,2431
00009286_001,00009286_001.jpg,train,0,Atelectasis|Consolidation|Effusion|Emphysema|Infiltration,9286,1,57,F,AP,2500,2048,train,data/train-00010-of-00032.parquet,2456
00009292_001,00009292_001.jpg,train,1,Atelectasis|Pneumothorax,9292,0,43,F,AP,2048,2500,train,data/train-00010-of-00032.parquet,2466
00009292_003,00009292_003.jpg,train,1,Atelectasis|Pneumothorax,9292,1,43,F,AP,2500,2048,train,data/train-00010-of-00032.parquet,2468
00009446_000,00009446_000.jpg,train,0,Emphysema|Mass,9446,0,48,M,PA,2048,2500,train,data/train-00011-of-00032.parquet,306
00009459_001,00009459_001.jpg,train,0,No Finding,9459,1,47,M,PA,2500,2048,train,data/train-00011-of-00032.parquet,358
00009459_002,00009459_002.jpg,train,0,No Finding,9459,2,47,M,AP,2500,2048,train,data/train-00011-of-00032.parquet,359
00009464_000,00009464_000.jpg,train,1,Pneumothorax,9464,0,50,F,PA,2048,2500,train,data/train-00011-of-00032.parquet,372
00009465_000,00009465_000.jpg,train,0,Nodule,9465,0,52,M,PA,2500,2048,train,data/train-00011-of-00032.parquet,373
00009473_001,00009473_001.jpg,train,0,No Finding,9473,1,28,F,AP,2500,2048,train,data/train-00011-of-00032.parquet,386
00009475_000,00009475_000.jpg,train,0,Atelectasis|Mass,9475,0,78,M,PA,2500,2048,train,data/train-00011-of-00032.parquet,390
00009475_001,00009475_001.jpg,train,0,No Finding,9475,1,78,M,AP,2500,2048,train,data/train-00011-of-00032.parquet,391
00009481_000,00009481_000.jpg,train,0,Atelectasis,9481,0,66,F,AP,2500,2048,train,data/train-00011-of-00032.parquet,400
00009489_000,00009489_000.jpg,train,0,No Finding,9489,0,28,F,PA,2048,2500,train,data/train-00011-of-00032.parquet,434
00009490_000,00009490_000.jpg,train,0,Effusion|Infiltration,9490,0,28,F,PA,2048,2500,train,data/train-00011-of-00032.parquet,435
00009495_001,00009495_001.jpg,train,0,No Finding,9495,1,64,F,AP,2500,2048,train,data/train-00011-of-00032.parquet,444
00009508_002,00009508_002.jpg,train,1,Pneumothorax,9508,2,69,M,AP,2500,2048,train,data/train-00011-of-00032.parquet,479
00009509_000,00009509_000.jpg,train,0,No Finding,9509,0,69,M,PA,2021,2021,train,data/train-00011-of-00032.parquet,488
00009523_007,00009523_007.jpg,train,1,Emphysema|Pneumothorax,9523,7,27,M,PA,2858,2637,train,data/train-00011-of-00032.parquet,518
00009523_008,00009523_008.jpg,train,1,Atelectasis|Effusion|Infiltration|Mass|Nodule|Pleural_Thickening|Pneumothorax,9523,8,27,M,PA,2640,2762,train,data/train-00011-of-00032.parquet,519
00009525_002,00009525_002.jpg,train,0,No Finding,9525,2,72,M,AP,2500,2048,train,data/train-00011-of-00032.parquet,540
00009526_000,00009526_000.jpg,train,0,No Finding,9526,0,62,F,PA,2048,2500,train,data/train-00011-of-00032.parquet,542
00009527_002,00009527_002.jpg,train,0,No Finding,9527,2,28,M,AP,2500,2048,train,data/train-00011-of-00032.parquet,548
00009530_002,00009530_002.jpg,train,0,No Finding,9530,2,69,M,AP,2500,2048,train,data/train-00011-of-00032.parquet,557
00009532_001,00009532_001.jpg,train,0,No Finding,9532,1,27,F,PA,2992,2991,train,data/train-00011-of-00032.parquet,562
00009534_002,00009534_002.jpg,train,0,Atelectasis|Pneumonia,9534,2,42,F,PA,2048,2500,train,data/train-00011-of-00032.parquet,566
00009537_000,00009537_000.jpg,train,0,No Finding,9537,0,52,F,PA,2888,2948,train,data/train-00011-of-00032.parquet,571
00009543_000,00009543_000.jpg,train,0,No Finding,9543,0,31,M,PA,2048,2500,train,data/train-00011-of-00032.parquet,578
00009553_000,00009553_000.jpg,train,0,Effusion|Infiltration,9553,0,64,M,PA,2500,2048,train,data/train-00011-of-00032.parquet,596
00009553_005,00009553_005.jpg,train,1,Effusion|Pneumothorax,9553,5,64,M,PA,2500,2048,train,data/train-00011-of-00032.parquet,601
00009554_000,00009554_000.jpg,train,0,Infiltration|Nodule,9554,0,60,M,PA,2500,2048,train,data/train-00011-of-00032.parquet,603
00009559_000,00009559_000.jpg,train,0,No Finding,9559,0,35,M,PA,2500,2048,train,data/train-00011-of-00032.parquet,611
00009566_000,00009566_000.jpg,train,0,No Finding,9566,0,50,F,PA,2738,2985,train,data/train-00011-of-00032.parquet,624
00009567_001,00009567_001.jpg,train,0,No Finding,9567,1,62,M,AP,2500,2048,train,data/train-00011-of-00032.parquet,629
00009568_000,00009568_000.jpg,train,0,Atelectasis,9568,0,72,F,PA,2048,2500,train,data/train-00011-of-00032.parquet,631
00009571_003,00009571_003.jpg,train,1,Pneumothorax,9571,3,58,M,PA,2500,2048,train,data/train-00011-of-00032.parquet,638
00009571_004,00009571_004.jpg,train,1,Consolidation|Pneumothorax,9571,4,58,M,PA,2500,2048,train,data/train-00011-of-00032.parquet,639
00009579_000,00009579_000.jpg,train,0,Effusion,9579,0,67,M,AP,2500,2048,train,data/train-00011-of-00032.parquet,652
00009579_002,00009579_002.jpg,train,0,No Finding,9579,2,67,M,AP,2500,2048,train,data/train-00011-of-00032.parquet,654
00009584_001,00009584_001.jpg,train,0,No Finding,9584,1,29,F,AP,2500,2048,train,data/train-00011-of-00032.parquet,663
00009586_000,00009586_000.jpg,train,0,Infiltration,9586,0,39,M,AP,2500,2048,train,data/train-00011-of-00032.parquet,673
00009600_016,00009600_016.jpg,train,1,Infiltration|Nodule|Pneumothorax,9600,16,64,F,AP,2500,2048,train,data/train-00011-of-00032.parquet,740
00009601_000,00009601_000.jpg,train,0,No Finding,9601,0,31,M,PA,2500,2048,train,data/train-00011-of-00032.parquet,750
00009602_000,00009602_000.jpg,train,0,No Finding,9602,2,47,M,PA,2992,2991,train,data/train-00011-of-00032.parquet,751
00009602_002,00009602_002.jpg,train,0,No Finding,9602,0,40,M,AP,2500,2048,train,data/train-00011-of-00032.parquet,753
00009602_003,00009602_003.jpg,train,0,No Finding,9602,1,41,M,PA,2992,2785,train,data/train-00011-of-00032.parquet,754
00009605_000,00009605_000.jpg,train,0,Infiltration,9605,0,48,M,PA,2500,2048,train,data/train-00011-of-00032.parquet,764
00009606_004,00009606_004.jpg,train,1,Pneumothorax,9606,1,47,M,AP,3056,2544,train,data/train-00011-of-00032.parquet,769
00009606_005,00009606_005.jpg,train,1,Pneumothorax,9606,2,47,M,PA,3056,2544,train,data/train-00011-of-00032.parquet,770
00009606_006,00009606_006.jpg,train,1,Atelectasis|Emphysema|Pleural_Thickening|Pneumothorax,9606,3,47,M,PA,2992,2991,train,data/train-00011-of-00032.parquet,771
00009609_002,00009609_002.jpg,train,0,No Finding,9609,2,52,M,AP,2500,2048,train,data/train-00011-of-00032.parquet,784
00009718_000,00009718_000.jpg,train,0,No Finding,9718,0,20,M,PA,2500,2048,train,data/train-00011-of-00032.parquet,1203
00009720_001,00009720_001.jpg,train,0,Pleural_Thickening,9720,1,41,F,PA,2936,2937,train,data/train-00011-of-00032.parquet,1206
00009722_000,00009722_000.jpg,train,0,Cardiomegaly,9722,0,23,F,PA,2500,2048,train,data/train-00011-of-00032.parquet,1210
00009724_000,00009724_000.jpg,train,0,Effusion|Nodule,9724,0,21,M,PA,2500,2048,train,data/train-00011-of-00032.parquet,1215
00009724_001,00009724_001.jpg,train,0,No Finding,9724,1,21,M,AP,2500,2048,train,data/train-00011-of-00032.parquet,1216
00009736_004,00009736_004.jpg,train,1,Atelectasis|Effusion|Mass|Pneumothorax,9736,4,65,F,PA,2838,2991,train,data/train-00011-of-00032.parquet,1287
00009736_012,00009736_012.jpg,train,1,Effusion|Pneumothorax,9736,12,65,F,AP,2500,2048,train,data/train-00011-of-00032.parquet,1295
00009737_001,00009737_001.jpg,train,0,No Finding,9737,0,28,M,PA,2992,2991,train,data/train-00011-of-00032.parquet,1303
00009740_001,00009740_001.jpg,train,0,No Finding,9740,1,48,F,PA,2606,2481,train,data/train-00011-of-00032.parquet,1308
00009748_000,00009748_000.jpg,train,0,No Finding,9748,0,42,F,PA,2992,2991,train,data/train-00011-of-00032.parquet,1316
00009749_001,00009749_001.jpg,train,0,Atelectasis,9749,1,62,F,PA,2048,2500,train,data/train-00011-of-00032.parquet,1318
00009753_000,00009753_000.jpg,train,0,No Finding,9753,0,70,M,PA,2500,2048,train,data/train-00011-of-00032.parquet,1325
00009755_001,00009755_001.jpg,train,1,Pneumothorax,9755,1,73,F,AP,3056,2544,train,data/train-00011-of-00032.parquet,1328
00009758_000,00009758_000.jpg,train,0,Nodule,9758,0,52,F,PA,2500,2048,train,data/train-00011-of-00032.parquet,1335
00009759_001,00009759_001.jpg,train,0,Effusion|Hernia,9759,1,54,F,PA,2048,2500,train,data/train-00011-of-00032.parquet,1337
00009760_000,00009760_000.jpg,train,0,No Finding,9760,0,48,F,AP,2500,2048,train,data/train-00011-of-00032.parquet,1343
00009764_000,00009764_000.jpg,train,0,Mass,9764,0,61,M,PA,2500,2048,train,data/train-00011-of-00032.parquet,1350
00009770_000,00009770_000.jpg,train,0,Atelectasis|Infiltration|Nodule,9770,0,35,M,PA,2500,2048,train,data/train-00011-of-00032.parquet,1371
00009773_000,00009773_000.jpg,train,0,Fibrosis,9773,0,58,M,PA,2638,2991,train,data/train-00011-of-00032.parquet,1376
00009774_000,00009774_000.jpg,train,0,No Finding,9774,0,44,M,PA,2500,2048,train,data/train-00011-of-00032.parquet,1377
00009783_001,00009783_001.jpg,train,0,No Finding,9783,1,45,F,PA,2582,2741,train,data/train-00011-of-00032.parquet,1390
00009783_002,00009783_002.jpg,train,0,No Finding,9783,2,45,F,PA,2500,2048,train,data/train-00011-of-00032.parquet,1391
00009786_000,00009786_000.jpg,train,1,Pneumothorax,9786,0,37,F,PA,2992,2991,train,data/train-00011-of-00032.parquet,1394
00009786_001,00009786_001.jpg,train,0,No Finding,9786,1,38,F,PA,2690,2649,train,data/train-00011-of-00032.parquet,1395
00009825_000,00009825_000.jpg,val,0,Emphysema,9825,0,67,M,PA,2500,2048,train,data/train-00011-of-00032.parquet,1507
00009825_001,00009825_001.jpg,val,0,Infiltration,9825,1,67,M,AP,2500,2048,train,data/train-00011-of-00032.parquet,1508
00009825_002,00009825_002.jpg,val,0,Infiltration,9825,2,67,M,AP,2500,2048,train,data/train-00011-of-00032.parquet,1509
00009831_000,00009831_000.jpg,val,0,No Finding,9831,0,50,M,PA,2992,2991,train,data/train-00011-of-00032.parquet,1527
00009843_000,00009843_000.jpg,val,0,Mass,9843,0,24,F,AP,2500,2048,train,data/train-00011-of-00032.parquet,1550
00009861_000,00009861_000.jpg,val,0,No Finding,9861,0,35,M,PA,2500,2048,train,data/train-00011-of-00032.parquet,1583
00009861_001,00009861_001.jpg,val,0,No Finding,9861,1,36,M,PA,2992,2991,train,data/train-00011-of-00032.parquet,1584
00009866_000,00009866_000.jpg,val,0,No Finding,9866,0,37,F,PA,2048,2500,train,data/train-00011-of-00032.parquet,1591
00009866_001,00009866_001.jpg,val,1,Pneumothorax,9866,1,38,F,PA,2992,2991,train,data/train-00011-of-00032.parquet,1592
00009866_003,00009866_003.jpg,val,1,Pneumothorax,9866,3,39,F,PA,2992,2991,train,data/train-00011-of-00032.parquet,1594
00009873_004,00009873_004.jpg,train,1,Pneumothorax,9873,3,41,M,AP,2500,2048,train,data/train-00011-of-00032.parquet,1623
00009876_001,00009876_001.jpg,train,0,No Finding,9876,1,66,M,PA,2992,2749,train,data/train-00011-of-00032.parquet,1635
00009890_002,00009890_002.jpg,train,1,Pneumothorax,9890,2,55,M,PA,2500,2048,train,data/train-00011-of-00032.parquet,1663
00009890_003,00009890_003.jpg,train,1,Pneumothorax,9890,3,55,M,PA,2500,2048,train,data/train-00011-of-00032.parquet,1664
00009893_002,00009893_002.jpg,train,0,Infiltration,9893,2,46,M,PA,2992,2991,train,data/train-00011-of-00032.parquet,1670
00009896_000,00009896_000.jpg,train,0,Pleural_Thickening,9896,0,48,M,PA,2500,2048,train,data/train-00011-of-00032.parquet,1694
00009902_000,00009902_000.jpg,train,0,No Finding,9902,0,19,F,AP,2500,2048,train,data/train-00011-of-00032.parquet,1706
00009903_002,00009903_002.jpg,train,0,No Finding,9903,2,76,M,PA,2992,2991,train,data/train-00011-of-00032.parquet,1709
00009904_001,00009904_001.jpg,train,0,No Finding,9904,1,39,M,PA,2526,2845,train,data/train-00011-of-00032.parquet,1715
00009913_000,00009913_000.jpg,train,0,Atelectasis,9913,0,40,M,AP,2500,2048,train,data/train-00011-of-00032.parquet,1744
00009913_001,00009913_001.jpg,train,0,No Finding,9913,1,46,M,PA,2650,2991,train,data/train-00011-of-00032.parquet,1745
00009915_000,00009915_000.jpg,train,0,Nodule,9915,0,56,F,PA,2566,2825,train,data/train-00011-of-00032.parquet,1748
00009916_001,00009916_001.jpg,train,0,No Finding,9916,1,53,F,PA,2048,2500,train,data/train-00011-of-00032.parquet,1750
00009921_000,00009921_000.jpg,train,0,Infiltration|Nodule,9921,0,66,M,PA,2500,2048,train,data/train-00011-of-00032.parquet,1771
00009922_000,00009922_000.jpg,train,0,No Finding,9922,0,37,F,PA,2602,2991,train,data/train-00011-of-00032.parquet,1772
00009925_022,00009925_022.jpg,train,1,Pneumothorax,9925,22,55,M,PA,2500,2048,train,data/train-00011-of-00032.parquet,1797
00009925_025,00009925_025.jpg,train,1,Effusion|Mass|Pneumothorax,9925,25,56,M,PA,2992,2991,train,data/train-00011-of-00032.parquet,1800
00009925_026,00009925_026.jpg,train,1,Effusion|Mass|Pneumothorax,9925,26,56,M,PA,2992,2991,train,data/train-00011-of-00032.parquet,1801
00009928_000,00009928_000.jpg,train,0,No Finding,9928,0,41,M,PA,2500,2048,train,data/train-00011-of-00032.parquet,1831
00009932_000,00009932_000.jpg,train,0,No Finding,9932,0,20,M,AP,2500,2048,train,data/train-00011-of-00032.parquet,1839
00009933_000,00009933_000.jpg,train,0,No Finding,9933,0,23,M,PA,2906,2991,train,data/train-00011-of-00032.parquet,1848
00009935_000,00009935_000.jpg,train,0,No Finding,9935,0,59,M,PA,2500,2048,train,data/train-00011-of-00032.parquet,1849
00009937_001,00009937_001.jpg,train,0,No Finding,9937,1,37,M,PA,2500,2048,train,data/train-00011-of-00032.parquet,1854
00009938_002,00009938_002.jpg,train,0,No Finding,9938,2,53,F,PA,2992,2991,train,data/train-00011-of-00032.parquet,1859
00009949_000,00009949_000.jpg,train,0,Effusion|Infiltration,9949,0,40,M,AP,2500,2048,train,data/train-00011-of-00032.parquet,1875
00009951_001,00009951_001.jpg,train,0,Nodule,9951,1,58,F,PA,2048,2500,train,data/train-00011-of-00032.parquet,1881
00009952_000,00009952_000.jpg,train,0,No Finding,9952,0,43,M,PA,2500,2048,train,data/train-00011-of-00032.parquet,1884
00009959_002,00009959_002.jpg,train,1,Pneumothorax,9959,8,54,F,PA,2021,2021,train,data/train-00011-of-00032.parquet,1899
00009959_003,00009959_003.jpg,train,1,Atelectasis|Pneumothorax,9959,7,54,F,PA,2021,2021,train,data/train-00011-of-00032.parquet,1900
00009959_004,00009959_004.jpg,train,1,Pneumothorax,9959,9,54,F,PA,2544,3056,train,data/train-00011-of-00032.parquet,1901
00009963_002,00009963_002.jpg,train,0,No Finding,9963,2,35,M,AP,2500,2048,train,data/train-00011-of-00032.parquet,1921
00009967_000,00009967_000.jpg,train,0,No Finding,9967,0,34,F,PA,2048,2500,train,data/train-00011-of-00032.parquet,1936
00009986_001,00009986_001.jpg,train,0,No Finding,9986,1,62,F,AP,2500,2048,train,data/train-00011-of-00032.parquet,1991
00010017_002,00010017_002.jpg,train,0,Consolidation,10017,2,63,M,PA,2992,2991,train,data/train-00011-of-00032.parquet,2114
00010019_000,00010019_000.jpg,train,0,Atelectasis,10019,0,71,F,PA,2048,2500,train,data/train-00011-of-00032.parquet,2120
00010020_003,00010020_003.jpg,train,1,Atelectasis|Pneumothorax,10020,3,64,M,AP,2500,2048,train,data/train-00011-of-00032.parquet,2124
00010022_000,00010022_000.jpg,train,0,Hernia,10022,0,55,M,AP,2500,2048,train,data/train-00011-of-00032.parquet,2132
00010028_000,00010028_000.jpg,train,0,No Finding,10028,0,58,M,PA,2500,2048,train,data/train-00011-of-00032.parquet,2139
00010030_000,00010030_000.jpg,train,0,No Finding,10030,0,39,F,PA,2048,2500,train,data/train-00011-of-00032.parquet,2149
00010031_000,00010031_000.jpg,train,0,No Finding,10031,0,52,F,PA,2048,2500,train,data/train-00011-of-00032.parquet,2151
00010032_000,00010032_000.jpg,train,0,Mass,10032,0,64,F,PA,2048,2500,train,data/train-00011-of-00032.parquet,2152
00010032_006,00010032_006.jpg,train,1,Pneumothorax,10032,6,65,F,PA,2550,2661,train,data/train-00011-of-00032.parquet,2158
00010033_001,00010033_001.jpg,train,0,No Finding,10033,1,24,M,AP,2500,2048,train,data/train-00011-of-00032.parquet,2167
00010061_000,00010061_000.jpg,train,0,No Finding,10061,0,47,M,PA,2500,2048,train,data/train-00011-of-00032.parquet,2308
00010069_004,00010069_004.jpg,train,1,Atelectasis|Pneumothorax,10069,4,78,F,PA,2766,2854,train,data/train-00011-of-00032.parquet,2329
00010069_005,00010069_005.jpg,train,1,Atelectasis|Effusion|Infiltration|Pneumothorax,10069,5,78,F,AP,2048,2500,train,data/train-00011-of-00032.parquet,2330
00010072_000,00010072_000.jpg,train,0,No Finding,10072,0,48,F,PA,2048,2500,train,data/train-00011-of-00032.parquet,2339
00010077_002,00010077_002.jpg,train,0,No Finding,10077,2,70,M,PA,2992,2991,train,data/train-00011-of-00032.parquet,2349
00010080_002,00010080_002.jpg,train,0,Atelectasis,10080,2,34,M,AP,2500,2048,train,data/train-00011-of-00032.parquet,2373
00010085_000,00010085_000.jpg,train,0,Mass,10085,0,52,F,PA,2048,2500,train,data/train-00011-of-00032.parquet,2382
00010089_000,00010089_000.jpg,train,0,No Finding,10089,0,67,M,PA,2500,2048,train,data/train-00011-of-00032.parquet,2386
00010091_000,00010091_000.jpg,train,0,Effusion,10091,0,48,M,PA,2048,2500,train,data/train-00011-of-00032.parquet,2390
00010116_000,00010116_000.jpg,train,0,Effusion,10116,0,64,M,PA,2500,2048,train,data/train-00011-of-00032.parquet,2439
00010122_000,00010122_000.jpg,train,0,No Finding,10122,0,40,F,PA,2048,2500,train,data/train-00011-of-00032.parquet,2444
00010123_001,00010123_001.jpg,train,1,Pneumothorax,10123,1,24,F,PA,2500,2048,train,data/train-00011-of-00032.parquet,2447
00010123_002,00010123_002.jpg,train,1,Pneumothorax,10123,2,24,F,AP,2500,2048,train,data/train-00011-of-00032.parquet,2448
00010123_004,00010123_004.jpg,train,1,Pneumothorax,10123,3,24,F,AP,2500,2048,train,data/train-00011-of-00032.parquet,2450
00010278_001,00010278_001.jpg,train,0,No Finding,10278,1,53,M,PA,2992,2991,train,data/train-00012-of-00032.parquet,119
00010279_004,00010279_004.jpg,train,1,Effusion|Infiltration|Pneumothorax,10279,4,29,F,PA,2992,2991,train,data/train-00012-of-00032.parquet,124
00010280_000,00010280_000.jpg,train,0,No Finding,10280,0,76,M,PA,2992,2991,train,data/train-00012-of-00032.parquet,128
00010290_000,00010290_000.jpg,train,0,No Finding,10290,0,58,F,PA,2048,2500,train,data/train-00012-of-00032.parquet,141
00010316_002,00010316_002.jpg,train,1,Pneumothorax,10316,2,38,F,PA,2992,2991,train,data/train-00012-of-00032.parquet,319
00010321_000,00010321_000.jpg,train,0,No Finding,10321,0,45,F,PA,2048,2500,train,data/train-00012-of-00032.parquet,337
00010322_000,00010322_000.jpg,train,0,Infiltration,10322,0,69,M,PA,2021,2021,train,data/train-00012-of-00032.parquet,338
00010324_001,00010324_001.jpg,train,0,No Finding,10324,1,72,F,PA,2048,2500,train,data/train-00012-of-00032.parquet,341
00010334_002,00010334_002.jpg,train,0,No Finding,10334,2,66,M,PA,2500,2048,train,data/train-00012-of-00032.parquet,361
00010339_000,00010339_000.jpg,train,0,No Finding,10339,0,53,M,PA,2992,2991,train,data/train-00012-of-00032.parquet,387
00010340_001,00010340_001.jpg,train,0,No Finding,10340,1,79,M,PA,2992,2991,train,data/train-00012-of-00032.parquet,389
00010340_002,00010340_002.jpg,train,0,Atelectasis,10340,2,79,M,PA,2990,2685,train,data/train-00012-of-00032.parquet,390
00010344_001,00010344_001.jpg,train,0,No Finding,10344,1,45,F,PA,2992,2991,train,data/train-00012-of-00032.parquet,404
00010350_035,00010350_035.jpg,train,1,Pneumothorax,10350,36,52,F,AP,2500,2048,train,data/train-00012-of-00032.parquet,456
00010350_037,00010350_037.jpg,train,1,Infiltration|Pneumothorax,10350,37,52,F,AP,2500,2048,train,data/train-00012-of-00032.parquet,458
00010403_000,00010403_000.jpg,train,0,No Finding,10403,0,53,M,PA,2500,2048,train,data/train-00012-of-00032.parquet,717
00010409_000,00010409_000.jpg,train,0,Fibrosis,10409,2,61,F,PA,1733,1847,train,data/train-00012-of-00032.parquet,740
00010409_001,00010409_001.jpg,train,1,Pneumothorax,10409,0,52,F,PA,2454,2525,train,data/train-00012-of-00032.parquet,741
00010414_000,00010414_000.jpg,train,0,No Finding,10414,0,48,F,PA,2730,2729,train,data/train-00012-of-00032.parquet,760
00010426_002,00010426_002.jpg,train,0,Effusion,10426,2,57,M,PA,2990,2991,train,data/train-00012-of-00032.parquet,785
00010427_000,00010427_000.jpg,train,0,Infiltration|Mass|Nodule,10427,0,59,M,PA,2992,2991,train,data/train-00012-of-00032.parquet,787
00010537_000,00010537_000.jpg,train,0,Atelectasis,10537,0,27,F,PA,2992,2991,train,data/train-00012-of-00032.parquet,1331
00010539_001,00010539_001.jpg,train,0,Fibrosis|Infiltration,10539,1,51,M,PA,2992,2991,train,data/train-00012-of-00032.parquet,1335
00010540_001,00010540_001.jpg,train,0,Atelectasis,10540,1,37,F,PA,2992,2991,train,data/train-00012-of-00032.parquet,1337
00010543_000,00010543_000.jpg,train,0,No Finding,10543,0,34,M,PA,2898,2991,train,data/train-00012-of-00032.parquet,1343
00010544_001,00010544_001.jpg,val,0,Infiltration,10544,0,32,F,AP,2500,2048,train,data/train-00012-of-00032.parquet,1346
00010544_014,00010544_014.jpg,val,1,Consolidation|Infiltration|Pneumothorax,10544,14,32,F,AP,2500,2048,train,data/train-00012-of-00032.parquet,1359
00010544_016,00010544_016.jpg,val,1,Pneumothorax,10544,16,32,F,AP,2500,2048,train,data/train-00012-of-00032.parquet,1361
00010547_001,00010547_001.jpg,val,0,No Finding,10547,0,61,M,PA,2992,2991,train,data/train-00012-of-00032.parquet,1384
00010547_002,00010547_002.jpg,val,0,No Finding,10547,1,61,M,PA,2992,2991,train,data/train-00012-of-00032.parquet,1385
00010548_000,00010548_000.jpg,train,1,Pneumothorax,10548,6,67,F,PA,2992,2991,train,data/train-00012-of-00032.parquet,1391
00010548_006,00010548_006.jpg,train,1,Pneumothorax,10548,1,62,F,PA,2854,2623,train,data/train-00012-of-00032.parquet,1397
00010549_000,00010549_000.jpg,train,0,No Finding,10549,0,41,M,PA,2992,2991,train,data/train-00012-of-00032.parquet,1402
00010551_000,00010551_000.jpg,train,0,Mass,10551,0,57,M,PA,2992,2991,train,data/train-00012-of-00032.parquet,1404
00010551_002,00010551_002.jpg,train,0,No Finding,10551,2,58,M,AP,2500,2048,train,data/train-00012-of-00032.parquet,1406
00010552_007,00010552_007.jpg,train,0,No Finding,10552,2,42,M,AP,2500,2048,train,data/train-00012-of-00032.parquet,1415
00010554_000,00010554_000.jpg,train,0,No Finding,10554,0,57,M,PA,2992,2991,train,data/train-00012-of-00032.parquet,1437
00010561_001,00010561_001.jpg,train,0,Mass,10561,1,56,M,PA,2992,2991,train,data/train-00012-of-00032.parquet,1451
00010569_008,00010569_008.jpg,train,1,Pneumothorax,10569,8,21,M,PA,2992,2991,train,data/train-00012-of-00032.parquet,1472
00010570_000,00010570_000.jpg,train,0,No Finding,10570,0,63,M,PA,2786,2991,train,data/train-00012-of-00032.parquet,1475
00010579_000,00010579_000.jpg,train,0,No Finding,10579,0,26,M,PA,2910,2657,train,data/train-00012-of-00032.parquet,1492
00010580_000,00010580_000.jpg,train,0,No Finding,10580,0,43,M,PA,2992,2991,train,data/train-00012-of-00032.parquet,1495
00010649_000,00010649_000.jpg,train,0,No Finding,10649,0,26,F,PA,2048,2500,train,data/train-00012-of-00032.parquet,1811
00010653_000,00010653_000.jpg,train,0,Atelectasis,10653,0,50,F,PA,2486,2385,train,data/train-00012-of-00032.parquet,1814
00010653_002,00010653_002.jpg,train,0,Fibrosis|Infiltration,10653,2,51,F,PA,2802,2605,train,data/train-00012-of-00032.parquet,1816
00010657_002,00010657_002.jpg,train,0,No Finding,10657,2,50,F,PA,2458,2991,train,data/train-00012-of-00032.parquet,1822
00010658_000,00010658_000.jpg,train,0,No Finding,10658,0,44,M,PA,2992,2991,train,data/train-00012-of-00032.parquet,1823
00010661_000,00010661_000.jpg,train,0,Atelectasis|Effusion|Infiltration|Nodule|Pleural_Thickening,10661,0,53,F,PA,2534,2793,train,data/train-00012-of-00032.parquet,1830
00010662_000,00010662_000.jpg,train,0,Atelectasis|Effusion|Infiltration,10662,0,46,F,PA,2992,2991,train,data/train-00012-of-00032.parquet,1832
00010676_000,00010676_000.jpg,train,0,No Finding,10676,0,25,F,PA,2674,2991,train,data/train-00012-of-00032.parquet,1876
00010676_002,00010676_002.jpg,train,1,Infiltration|Pneumothorax,10676,2,25,F,PA,2936,2892,train,data/train-00012-of-00032.parquet,1878
00010688_000,00010688_000.jpg,train,0,No Finding,10688,0,34,M,PA,2992,2991,train,data/train-00012-of-00032.parquet,1909
00010695_007,00010695_007.jpg,train,1,Emphysema|Nodule|Pneumothorax,10695,7,25,F,PA,2992,2991,train,data/train-00012-of-00032.parquet,1964
00010698_050,00010698_050.jpg,val,1,Effusion|Pneumothorax,10698,50,74,F,AP,2048,2500,train,data/train-00012-of-00032.parquet,2040
00010722_000,00010722_000.jpg,train,0,No Finding,10722,0,48,M,PA,2992,2991,train,data/train-00012-of-00032.parquet,2109
00010722_001,00010722_001.jpg,train,0,No Finding,10722,1,48,M,PA,2812,2691,train,data/train-00012-of-00032.parquet,2110
00010725_000,00010725_000.jpg,train,0,Atelectasis|Effusion|Infiltration|Mass,10725,0,24,F,PA,2048,2500,train,data/train-00012-of-00032.parquet,2128
00010725_001,00010725_001.jpg,train,0,No Finding,10725,1,24,F,AP,2500,2048,train,data/train-00012-of-00032.parquet,2129
00010725_002,00010725_002.jpg,train,0,Atelectasis|Effusion,10725,2,24,F,PA,2542,2609,train,data/train-00012-of-00032.parquet,2130
00010727_000,00010727_000.jpg,train,0,No Finding,10727,0,57,F,PA,2814,2709,train,data/train-00012-of-00032.parquet,2148
00010729_003,00010729_003.jpg,train,1,Pneumothorax,10729,3,23,M,PA,2500,2048,train,data/train-00012-of-00032.parquet,2159
00010729_004,00010729_004.jpg,train,1,Pneumothorax,10729,4,23,M,PA,2812,2893,train,data/train-00012-of-00032.parquet,2160
00010732_000,00010732_000.jpg,train,0,No Finding,10732,0,21,M,PA,2500,2048,train,data/train-00012-of-00032.parquet,2165
00010733_000,00010733_000.jpg,train,0,Atelectasis|Effusion|Infiltration|Pleural_Thickening,10733,0,51,M,AP,2500,2048,train,data/train-00012-of-00032.parquet,2166
00010740_000,00010740_000.jpg,train,0,No Finding,10740,0,50,M,PA,2814,2991,train,data/train-00012-of-00032.parquet,2197
00010763_007,00010763_007.jpg,train,1,Atelectasis|Infiltration|Pneumothorax,10763,3,66,M,PA,2992,2991,train,data/train-00012-of-00032.parquet,2302
00010763_008,00010763_008.jpg,train,1,Effusion|Pneumothorax,10763,4,66,M,PA,2992,2991,train,data/train-00012-of-00032.parquet,2303
00010765_000,00010765_000.jpg,train,0,No Finding,10765,0,60,M,PA,2814,2991,train,data/train-00012-of-00032.parquet,2317
00010772_000,00010772_000.jpg,train,0,No Finding,10772,0,70,M,AP,2500,2048,train,data/train-00012-of-00032.parquet,2335
00010783_000,00010783_000.jpg,train,0,No Finding,10783,0,41,F,PA,2992,2991,train,data/train-00012-of-00032.parquet,2407
00010784_000,00010784_000.jpg,train,0,No Finding,10784,0,45,M,PA,2500,2048,train,data/train-00012-of-00032.parquet,2408
00010785_000,00010785_000.jpg,train,0,Cardiomegaly,10785,0,69,M,PA,2992,2991,train,data/train-00012-of-00032.parquet,2409
00010785_001,00010785_001.jpg,train,0,No Finding,10785,1,69,M,AP,2500,2048,train,data/train-00012-of-00032.parquet,2410
00010790_001,00010790_001.jpg,train,1,Nodule|Pneumothorax,10790,1,55,F,AP,2500,2048,train,data/train-00012-of-00032.parquet,2419
00010790_002,00010790_002.jpg,train,1,Pneumothorax,10790,2,55,F,AP,2500,2048,train,data/train-00012-of-00032.parquet,2420
00010790_003,00010790_003.jpg,train,1,Infiltration|Pneumothorax,10790,3,55,F,PA,2992,2991,train,data/train-00012-of-00032.parquet,2421
00010799_000,00010799_000.jpg,train,0,Atelectasis,10799,0,65,M,PA,2992,2991,train,data/train-00012-of-00032.parquet,2493
00010801_000,00010801_000.jpg,train,0,Nodule,10801,0,61,M,PA,2730,2685,train,data/train-00012-of-00032.parquet,2496
00010803_000,00010803_000.jpg,train,0,No Finding,10803,0,26,M,PA,2992,2991,train,data/train-00012-of-00032.parquet,2507
00010811_002,00010811_002.jpg,train,0,Atelectasis,10811,2,64,F,PA,2498,2325,train,data/train-00012-of-00032.parquet,2530
00010826_000,00010826_000.jpg,train,0,No Finding,10826,0,53,M,PA,2466,2383,train,data/train-00012-of-00032.parquet,2567
00010829_000,00010829_000.jpg,train,0,Consolidation|Nodule,10829,0,58,F,PA,2992,2991,train,data/train-00012-of-00032.parquet,2570
00010834_001,00010834_001.jpg,train,1,Effusion|Pneumothorax,10834,1,62,F,PA,2530,2991,train,data/train-00012-of-00032.parquet,2598
00010840_001,00010840_001.jpg,train,1,Consolidation|Pneumothorax,10840,1,33,F,PA,2746,2590,train,data/train-00012-of-00032.parquet,2610
00010841_001,00010841_001.jpg,train,1,Pneumothorax,10841,1,62,M,AP,2500,2048,train,data/train-00012-of-00032.parquet,2612
00010841_002,00010841_002.jpg,train,1,Emphysema|Pneumothorax,10841,2,62,M,AP,2500,2048,train,data/train-00012-of-00032.parquet,2613
00010841_003,00010841_003.jpg,train,1,Pneumothorax,10841,3,62,M,PA,2992,2991,train,data/train-00012-of-00032.parquet,2614
00010845_000,00010845_000.jpg,train,0,No Finding,10845,0,31,M,PA,2606,2813,train,data/train-00012-of-00032.parquet,2627
00010847_002,00010847_002.jpg,train,0,No Finding,10847,1,63,F,PA,2992,2991,train,data/train-00012-of-00032.parquet,2631
00010851_001,00010851_001.jpg,train,0,No Finding,10851,1,49,M,PA,2500,2048,train,data/train-00012-of-00032.parquet,2645
00010853_000,00010853_000.jpg,train,0,No Finding,10853,0,58,F,PA,2138,2573,train,data/train-00012-of-00032.parquet,2647
00010860_001,00010860_001.jpg,train,0,No Finding,10860,1,35,M,PA,2992,2991,train,data/train-00012-of-00032.parquet,2656
00010864_004,00010864_004.jpg,train,1,Effusion|Infiltration|Pneumothorax,10864,4,33,M,AP,2500,2048,train,data/train-00012-of-00032.parquet,2671
00010864_005,00010864_005.jpg,train,1,Pneumothorax,10864,5,33,M,AP,2500,2048,train,data/train-00012-of-00032.parquet,2672
00010864_009,00010864_009.jpg,train,1,Pneumothorax,10864,9,34,M,AP,2500,2048,train,data/train-00012-of-00032.parquet,2676
00010935_000,00010935_000.jpg,train,1,Effusion|Infiltration|Mass|Pneumothorax,10935,0,52,M,AP,2500,2048,train,data/train-00013-of-00032.parquet,205
00010945_001,00010945_001.jpg,train,0,No Finding,10945,1,27,M,PA,2500,2048,train,data/train-00013-of-00032.parquet,220
00010951_000,00010951_000.jpg,train,0,No Finding,10951,0,47,M,PA,2500,2048,train,data/train-00013-of-00032.parquet,231
00010955_000,00010955_000.jpg,train,0,Emphysema,10955,0,66,M,PA,2606,2991,train,data/train-00013-of-00032.parquet,247
00010968_001,00010968_001.jpg,train,0,No Finding,10968,1,24,F,PA,2048,2500,train,data/train-00013-of-00032.parquet,264
00010969_000,00010969_000.jpg,train,0,No Finding,10969,0,43,F,AP,2500,2048,train,data/train-00013-of-00032.parquet,265
00010973_002,00010973_002.jpg,train,1,Emphysema|Pneumothorax,10973,2,75,M,AP,2500,2048,train,data/train-00013-of-00032.parquet,272
00010980_001,00010980_001.jpg,train,0,No Finding,10980,1,51,M,AP,2500,2048,train,data/train-00013-of-00032.parquet,289
00010982_001,00010982_001.jpg,train,0,No Finding,10982,1,48,M,PA,2992,2991,train,data/train-00013-of-00032.parquet,295
00010992_000,00010992_000.jpg,train,0,Effusion,10992,0,57,F,PA,2690,2991,train,data/train-00013-of-00032.parquet,319
00010996_001,00010996_001.jpg,train,1,Pneumothorax,10996,1,46,M,PA,2992,2973,train,data/train-00013-of-00032.parquet,366
00010996_003,00010996_003.jpg,train,1,Fibrosis|Pleural_Thickening|Pneumothorax,10996,3,51,M,AP,2848,2544,train,data/train-00013-of-00032.parquet,368
00011002_001,00011002_001.jpg,train,0,No Finding,11002,1,58,F,AP,2500,2048,train,data/train-00013-of-00032.parquet,382
00011034_001,00011034_001.jpg,val,0,Mass,11034,0,53,F,PA,2048,2500,train,data/train-00013-of-00032.parquet,505
00011034_006,00011034_006.jpg,val,1,Mass|Pneumothorax,11034,5,53,F,PA,2992,2991,train,data/train-00013-of-00032.parquet,510
00011038_000,00011038_000.jpg,val,0,No Finding,11038,0,60,F,PA,2682,2533,train,data/train-00013-of-00032.parquet,534
00011044_000,00011044_000.jpg,val,0,No Finding,11044,0,27,F,PA,2500,2048,train,data/train-00013-of-00032.parquet,541
00011065_000,00011065_000.jpg,val,0,No Finding,11065,0,64,M,PA,2992,2991,train,data/train-00013-of-00032.parquet,591
00011065_001,00011065_001.jpg,val,0,No Finding,11065,1,64,M,PA,2500,2048,train,data/train-00013-of-00032.parquet,592
00011065_002,00011065_002.jpg,val,0,Emphysema,11065,2,65,M,PA,2992,2991,train,data/train-00013-of-00032.parquet,593
00011144_009,00011144_009.jpg,train,1,Pneumothorax,11144,9,67,M,AP,2500,2048,train,data/train-00013-of-00032.parquet,811
00011144_011,00011144_011.jpg,train,1,Atelectasis|Effusion|Infiltration|Pneumothorax,11144,11,67,M,PA,2992,2991,train,data/train-00013-of-00032.parquet,813
00011144_030,00011144_030.jpg,train,1,Consolidation|Effusion|Pleural_Thickening|Pneumothorax,11144,30,67,M,PA,2992,2991,train,data/train-00013-of-00032.parquet,832
00011145_002,00011145_002.jpg,train,0,No Finding,11145,2,34,F,PA,2992,2905,train,data/train-00013-of-00032.parquet,836
00011154_000,00011154_000.jpg,train,0,No Finding,11154,2,55,F,PA,2021,2021,train,data/train-00013-of-00032.parquet,849
00011159_000,00011159_000.jpg,train,0,Infiltration|Nodule,11159,0,57,F,PA,2538,2709,train,data/train-00013-of-00032.parquet,873
00011159_001,00011159_001.jpg,train,0,No Finding,11159,1,57,F,PA,2048,2500,train,data/train-00013-of-00032.parquet,874
00011161_001,00011161_001.jpg,train,0,No Finding,11161,1,25,M,PA,2500,2048,train,data/train-00013-of-00032.parquet,877
00011168_001,00011168_001.jpg,train,0,No Finding,11168,1,22,F,AP,2048,2500,train,data/train-00013-of-00032.parquet,908
00011170_000,00011170_000.jpg,train,1,Atelectasis|Mass|Pleural_Thickening|Pneumothorax,11170,0,62,F,PA,2538,2877,train,data/train-00013-of-00032.parquet,912
00011174_002,00011174_002.jpg,train,1,Atelectasis|Pneumothorax,11174,2,48,M,PA,2992,2991,train,data/train-00013-of-00032.parquet,928
00011176_006,00011176_006.jpg,train,1,Infiltration|Pneumothorax,11176,6,24,F,PA,2622,2991,train,data/train-00013-of-00032.parquet,944
00011178_004,00011178_004.jpg,train,0,No Finding,11178,1,60,M,AP,2500,2048,train,data/train-00013-of-00032.parquet,953
00011182_000,00011182_000.jpg,train,0,No Finding,11182,0,20,F,PA,2806,2837,train,data/train-00013-of-00032.parquet,978
00011186_000,00011186_000.jpg,train,0,No Finding,11186,0,28,M,PA,2986,2837,train,data/train-00013-of-00032.parquet,985
00011190_000,00011190_000.jpg,train,0,Cardiomegaly,11190,0,22,M,PA,2630,2633,train,data/train-00013-of-00032.parquet,999
00011238_001,00011238_001.jpg,train,0,Mass|Pleural_Thickening,11238,1,42,F,PA,2754,2685,train,data/train-00013-of-00032.parquet,1106
00011242_002,00011242_002.jpg,train,0,No Finding,11242,2,40,M,AP,2500,2048,train,data/train-00013-of-00032.parquet,1116
00011244_000,00011244_000.jpg,train,0,Atelectasis,11244,0,54,F,PA,2742,2841,train,data/train-00013-of-00032.parquet,1123
00011247_000,00011247_000.jpg,train,0,No Finding,11247,0,47,F,PA,2992,2991,train,data/train-00013-of-00032.parquet,1127
00011255_000,00011255_000.jpg,train,1,Pneumothorax,11255,4,52,F,PA,2992,2991,train,data/train-00013-of-00032.parquet,1159
00011255_007,00011255_007.jpg,train,1,Pneumothorax,11255,0,46,F,PA,2986,2991,train,data/train-00013-of-00032.parquet,1166
00011255_010,00011255_010.jpg,train,1,Pneumothorax,11255,3,51,F,PA,2992,2991,train,data/train-00013-of-00032.parquet,1169
00011264_001,00011264_001.jpg,train,0,No Finding,11264,1,40,M,PA,2992,2991,train,data/train-00013-of-00032.parquet,1180
00011265_000,00011265_000.jpg,train,0,Nodule,11265,0,41,M,PA,2962,2485,train,data/train-00013-of-00032.parquet,1182
00011272_000,00011272_000.jpg,train,0,No Finding,11272,0,23,M,PA,2992,2991,train,data/train-00013-of-00032.parquet,1193
00011276_000,00011276_000.jpg,train,0,No Finding,11276,0,27,F,PA,2992,2991,train,data/train-00013-of-00032.parquet,1200
00011288_002,00011288_002.jpg,train,0,No Finding,11288,1,49,F,PA,2642,2991,train,data/train-00013-of-00032.parquet,1234
00011290_000,00011290_000.jpg,train,0,No Finding,11290,0,20,F,PA,2048,2500,train,data/train-00013-of-00032.parquet,1236
00011293_000,00011293_000.jpg,train,0,No Finding,11293,0,63,M,PA,2978,2985,train,data/train-00013-of-00032.parquet,1238
00011296_000,00011296_000.jpg,train,0,No Finding,11296,0,50,F,PA,2458,2365,train,data/train-00013-of-00032.parquet,1249
00011296_001,00011296_001.jpg,train,0,No Finding,11296,1,51,F,PA,2358,2513,train,data/train-00013-of-00032.parquet,1250
00011303_007,00011303_007.jpg,train,1,Atelectasis|Pneumothorax,11303,7,71,F,AP,3056,2544,train,data/train-00013-of-00032.parquet,1270
00011306_000,00011306_000.jpg,train,0,No Finding,11306,0,33,M,PA,2500,2048,train,data/train-00013-of-00032.parquet,1279
00011307_001,00011307_001.jpg,train,0,Infiltration,11307,1,52,M,PA,2978,2991,train,data/train-00013-of-00032.parquet,1281
00011313_000,00011313_000.jpg,train,0,No Finding,11313,0,57,M,PA,2992,2991,train,data/train-00013-of-00032.parquet,1296
00011323_000,00011323_000.jpg,train,0,No Finding,11323,0,75,M,PA,2992,2991,train,data/train-00013-of-00032.parquet,1309
00011329_000,00011329_000.jpg,train,0,No Finding,11329,0,55,F,PA,2826,2973,train,data/train-00013-of-00032.parquet,1330
00011336_000,00011336_000.jpg,train,0,No Finding,11336,0,41,M,PA,2992,2991,train,data/train-00013-of-00032.parquet,1340
00011350_001,00011350_001.jpg,train,1,Pneumothorax,11350,0,44,F,PA,2326,2349,train,data/train-00013-of-00032.parquet,1368
00011413_000,00011413_000.jpg,train,0,No Finding,11413,1,62,M,PA,2021,2021,train,data/train-00013-of-00032.parquet,1608
00011423_002,00011423_002.jpg,train,1,Pneumothorax,11423,0,48,F,PA,2990,2991,train,data/train-00013-of-00032.parquet,1649
00011423_003,00011423_003.jpg,train,1,Pneumothorax,11423,1,49,F,PA,2844,2828,train,data/train-00013-of-00032.parquet,1650
00011424_000,00011424_000.jpg,train,1,Fibrosis|Pneumothorax,11424,4,70,F,PA,2654,2405,train,data/train-00013-of-00032.parquet,1656
00011427_001,00011427_001.jpg,train,0,No Finding,11427,0,56,F,PA,2992,2991,train,data/train-00013-of-00032.parquet,1676
00011478_002,00011478_002.jpg,train,0,Mass,11478,2,58,F,AP,2500,2048,train,data/train-00013-of-00032.parquet,1803
00011480_000,00011480_000.jpg,train,0,No Finding,11480,0,48,F,PA,2048,2500,train,data/train-00013-of-00032.parquet,1810
00011485_000,00011485_000.jpg,train,0,No Finding,11485,0,44,M,AP,2500,2048,train,data/train-00013-of-00032.parquet,1841
00011490_000,00011490_000.jpg,train,0,No Finding,11490,0,39,M,PA,2500,2048,train,data/train-00013-of-00032.parquet,1853
00011491_001,00011491_001.jpg,train,1,Pneumothorax,11491,1,57,M,AP,2500,2048,train,data/train-00013-of-00032.parquet,1857
00011493_002,00011493_002.jpg,train,0,No Finding,11493,2,27,M,PA,2992,2991,train,data/train-00013-of-00032.parquet,1864
00011505_000,00011505_000.jpg,train,0,No Finding,11505,0,51,M,PA,2992,2991,train,data/train-00013-of-00032.parquet,1916
00011506_000,00011506_000.jpg,train,1,Atelectasis|Pneumothorax,11506,0,56,F,PA,2248,2445,train,data/train-00013-of-00032.parquet,1917
00011507_002,00011507_002.jpg,train,0,Cardiomegaly,11507,2,46,F,PA,2992,2991,train,data/train-00013-of-00032.parquet,1921
00011508_000,00011508_000.jpg,train,0,Atelectasis,11508,1,42,M,PA,2020,2021,train,data/train-00013-of-00032.parquet,1924
00011508_001,00011508_001.jpg,train,0,No Finding,11508,0,33,M,PA,2992,2991,train,data/train-00013-of-00032.parquet,1925
00011511_000,00011511_000.jpg,train,0,No Finding,11511,0,45,F,PA,2910,2565,train,data/train-00013-of-00032.parquet,1929
00011519_000,00011519_000.jpg,train,0,No Finding,11519,0,23,M,AP,3056,2544,train,data/train-00013-of-00032.parquet,1937
00011525_001,00011525_001.jpg,train,0,Pleural_Thickening,11525,1,42,M,PA,2992,2991,train,data/train-00013-of-00032.parquet,1955
00011527_000,00011527_000.jpg,train,0,No Finding,11527,0,50,M,PA,2738,2991,train,data/train-00013-of-00032.parquet,1959
00011534_000,00011534_000.jpg,train,0,No Finding,11534,0,49,F,PA,2810,2737,train,data/train-00013-of-00032.parquet,1970
00011543_001,00011543_001.jpg,train,0,Atelectasis|Effusion,11543,1,79,M,PA,2490,2991,train,data/train-00013-of-00032.parquet,1985
00011543_002,00011543_002.jpg,train,0,Fibrosis,11543,2,79,M,PA,2500,2048,train,data/train-00013-of-00032.parquet,1986
00011544_010,00011544_010.jpg,train,1,Infiltration|Pneumonia|Pneumothorax,11544,10,49,M,PA,2992,2991,train,data/train-00013-of-00032.parquet,2018
00011552_000,00011552_000.jpg,train,0,No Finding,11552,0,60,M,PA,2914,2991,train,data/train-00013-of-00032.parquet,2060
00011552_002,00011552_002.jpg,train,0,No Finding,11552,2,60,M,AP,2500,2048,train,data/train-00013-of-00032.parquet,2062
00011564_003,00011564_003.jpg,train,1,Effusion|Infiltration|Pneumothorax,11564,3,56,F,AP,2500,2048,train,data/train-00013-of-00032.parquet,2141
00011567_002,00011567_002.jpg,train,0,No Finding,11567,2,43,F,PA,2992,2991,train,data/train-00013-of-00032.parquet,2153
00011568_000,00011568_000.jpg,train,0,No Finding,11568,0,42,M,PA,2992,2991,train,data/train-00013-of-00032.parquet,2154
00011570_001,00011570_001.jpg,train,0,Infiltration|Pleural_Thickening,11570,1,27,F,PA,2642,2613,train,data/train-00013-of-00032.parquet,2167
00011570_002,00011570_002.jpg,train,0,No Finding,11570,2,28,F,PA,2730,2991,train,data/train-00013-of-00032.parquet,2168
00011580_000,00011580_000.jpg,train,0,No Finding,11580,0,47,M,PA,2902,2948,train,data/train-00013-of-00032.parquet,2198
00011603_000,00011603_000.jpg,train,0,No Finding,11603,0,26,F,PA,2992,2991,train,data/train-00013-of-00032.parquet,2301
00011605_011,00011605_011.jpg,val,1,Pneumothorax,11605,8,42,F,AP,2500,2048,train,data/train-00013-of-00032.parquet,2314
00011605_016,00011605_016.jpg,val,1,Infiltration|Pneumothorax,11605,13,46,F,AP,2500,2048,train,data/train-00013-of-00032.parquet,2319
00011614_000,00011614_000.jpg,val,0,Infiltration,11614,0,60,F,PA,2992,2991,train,data/train-00013-of-00032.parquet,2349
00011614_001,00011614_001.jpg,val,0,No Finding,11614,1,60,F,AP,2500,2048,train,data/train-00013-of-00032.parquet,2350
00011618_008,00011618_008.jpg,train,1,Pneumothorax,11618,5,22,F,AP,2500,2048,train,data/train-00013-of-00032.parquet,2366
00011623_000,00011623_000.jpg,val,0,No Finding,11623,0,44,F,PA,2566,2565,train,data/train-00013-of-00032.parquet,2397
00011624_000,00011624_000.jpg,train,0,No Finding,11624,0,50,M,AP,2500,2048,train,data/train-00013-of-00032.parquet,2398
00011624_002,00011624_002.jpg,train,0,No Finding,11624,2,50,M,PA,2992,2991,train,data/train-00013-of-00032.parquet,2400
00011632_001,00011632_001.jpg,train,0,No Finding,11632,1,56,M,PA,2992,2991,train,data/train-00013-of-00032.parquet,2421
00011635_000,00011635_000.jpg,train,0,No Finding,11635,0,64,M,PA,2992,2991,train,data/train-00013-of-00032.parquet,2453
00011639_000,00011639_000.jpg,train,0,No Finding,11639,0,49,M,PA,2500,2048,train,data/train-00013-of-00032.parquet,2459
00011645_000,00011645_000.jpg,train,0,No Finding,11645,0,46,M,PA,2992,2991,train,data/train-00013-of-00032.parquet,2468
00011649_004,00011649_004.jpg,train,1,Pneumothorax,11649,4,38,M,PA,2992,2991,train,data/train-00013-of-00032.parquet,2477
00011661_000,00011661_000.jpg,train,0,Cardiomegaly,11661,0,56,F,PA,2518,2473,train,data/train-00013-of-00032.parquet,2513
00011671_000,00011671_000.jpg,train,0,No Finding,11671,0,58,F,AP,2500,2048,train,data/train-00013-of-00032.parquet,2529
00011675_000,00011675_000.jpg,train,0,No Finding,11675,0,63,M,PA,2620,2098,train,data/train-00013-of-00032.parquet,2537
00011679_000,00011679_000.jpg,train,0,No Finding,11679,0,19,F,PA,2992,2991,train,data/train-00013-of-00032.parquet,2546
00011679_002,00011679_002.jpg,train,0,No Finding,11679,2,19,F,AP,2500,2048,train,data/train-00013-of-00032.parquet,2548
00011687_003,00011687_003.jpg,train,0,No Finding,11687,2,31,F,AP,2500,2048,train,data/train-00013-of-00032.parquet,2567
00011688_000,00011688_000.jpg,train,1,Pneumothorax,11688,6,26,F,PA,2758,2991,train,data/train-00013-of-00032.parquet,2569
00011688_008,00011688_008.jpg,train,1,Pneumothorax,11688,3,21,F,PA,2992,2991,train,data/train-00013-of-00032.parquet,2577
00011692_001,00011692_001.jpg,train,0,Consolidation,11692,0,40,F,PA,2590,2685,train,data/train-00013-of-00032.parquet,2586
00011694_000,00011694_000.jpg,train,0,No Finding,11694,0,37,F,PA,2590,2991,train,data/train-00013-of-00032.parquet,2588
00011696_000,00011696_000.jpg,train,0,No Finding,11696,0,55,F,PA,2992,2991,train,data/train-00013-of-00032.parquet,2596
00011696_001,00011696_001.jpg,train,0,No Finding,11696,1,55,F,AP,2500,2048,train,data/train-00013-of-00032.parquet,2597
00011708_001,00011708_001.jpg,train,0,Fibrosis,11708,1,62,M,PA,2992,2991,train,data/train-00013-of-00032.parquet,2614
00011709_000,00011709_000.jpg,train,0,Mass|Nodule|Pneumonia,11709,0,62,M,PA,2992,2991,train,data/train-00013-of-00032.parquet,2616
00011720_000,00011720_000.jpg,train,0,No Finding,11720,0,79,M,PA,2992,2991,train,data/train-00013-of-00032.parquet,2662
00011723_006,00011723_006.jpg,train,1,Emphysema|Pneumothorax,11723,6,61,M,PA,2992,2991,train,data/train-00013-of-00032.parquet,2675
00011724_000,00011724_000.jpg,train,0,No Finding,11724,0,52,F,PA,2886,2693,train,data/train-00014-of-00032.parquet,11
00011733_001,00011733_001.jpg,train,0,No Finding,11733,1,29,M,AP,2500,2048,train,data/train-00014-of-00032.parquet,34
00011744_000,00011744_000.jpg,train,0,No Finding,11744,0,48,F,PA,2048,2500,train,data/train-00014-of-00032.parquet,63
00011751_008,00011751_008.jpg,train,1,Pneumothorax,11751,7,22,M,PA,2674,2991,train,data/train-00014-of-00032.parquet,80
00011752_000,00011752_000.jpg,train,1,Effusion|Pneumothorax,11752,0,35,M,PA,2330,2991,train,data/train-00014-of-00032.parquet,82
00011752_003,00011752_003.jpg,train,1,Pneumothorax,11752,3,35,M,AP,2500,2048,train,data/train-00014-of-00032.parquet,85
00011752_004,00011752_004.jpg,train,1,Pneumothorax,11752,4,35,M,AP,2500,2048,train,data/train-00014-of-00032.parquet,86
00011789_000,00011789_000.jpg,train,0,No Finding,11789,0,55,M,PA,2992,2991,train,data/train-00014-of-00032.parquet,208
00011792_000,00011792_000.jpg,train,0,No Finding,11792,0,48,M,PA,2726,2991,train,data/train-00014-of-00032.parquet,219
00011793_000,00011793_000.jpg,train,0,No Finding,11793,0,64,M,PA,2678,2873,train,data/train-00014-of-00032.parquet,222
00011802_002,00011802_002.jpg,val,0,No Finding,11802,1,29,M,PA,2878,2953,train,data/train-00014-of-00032.parquet,262
00011802_003,00011802_003.jpg,val,0,No Finding,11802,2,30,M,PA,2774,2701,train,data/train-00014-of-00032.parquet,263
00011805_000,00011805_000.jpg,val,1,Pneumothorax,11805,4,49,F,PA,2982,2991,train,data/train-00014-of-00032.parquet,268
00011805_002,00011805_002.jpg,val,0,No Finding,11805,0,43,F,PA,2992,2991,train,data/train-00014-of-00032.parquet,270
00011806_000,00011806_000.jpg,val,0,No Finding,11806,0,54,F,PA,2048,2500,train,data/train-00014-of-00032.parquet,274
00011808_015,00011808_015.jpg,train,1,Atelectasis|Pneumothorax,11808,6,49,M,PA,2992,2901,train,data/train-00014-of-00032.parquet,291
00011808_016,00011808_016.jpg,train,1,Atelectasis|Pneumothorax,11808,7,49,M,PA,2810,2991,train,data/train-00014-of-00032.parquet,292
00011810_002,00011810_002.jpg,train,0,No Finding,11810,0,53,M,PA,2992,2991,train,data/train-00014-of-00032.parquet,302
00011813_001,00011813_001.jpg,train,0,No Finding,11813,0,31,F,PA,2992,2991,train,data/train-00014-of-00032.parquet,319
00011813_002,00011813_002.jpg,train,0,No Finding,11813,1,34,F,PA,2992,2991,train,data/train-00014-of-00032.parquet,320
00011817_000,00011817_000.jpg,train,0,No Finding,11817,0,42,F,PA,2526,2991,train,data/train-00014-of-00032.parquet,329
00011823_000,00011823_000.jpg,train,0,No Finding,11823,0,51,F,PA,2048,2500,train,data/train-00014-of-00032.parquet,344
00011823_001,00011823_001.jpg,train,0,No Finding,11823,1,51,F,PA,2690,2991,train,data/train-00014-of-00032.parquet,345
00011825_000,00011825_000.jpg,train,0,No Finding,11825,0,40,M,PA,2992,2991,train,data/train-00014-of-00032.parquet,347
00011834_000,00011834_000.jpg,train,0,Atelectasis|Mass,11834,0,62,F,PA,2992,2991,train,data/train-00014-of-00032.parquet,365
00011834_001,00011834_001.jpg,train,0,Atelectasis|Pleural_Thickening,11834,1,63,F,PA,2602,2785,train,data/train-00014-of-00032.parquet,366
00011835_000,00011835_000.jpg,train,0,Mass,11835,0,37,M,PA,2582,2749,train,data/train-00014-of-00032.parquet,367
00011837_012,00011837_012.jpg,train,1,Pleural_Thickening|Pneumothorax,11837,12,44,M,PA,2794,2991,train,data/train-00014-of-00032.parquet,390
00011837_014,00011837_014.jpg,train,1,Infiltration|Pneumothorax,11837,14,44,M,AP,2500,2048,train,data/train-00014-of-00032.parquet,392
00011845_001,00011845_001.jpg,train,1,Pneumothorax,11845,1,65,F,PA,2638,2991,train,data/train-00014-of-00032.parquet,410
00011845_002,00011845_002.jpg,train,1,Atelectasis|Mass|Pneumothorax,11845,2,65,F,PA,2614,2991,train,data/train-00014-of-00032.parquet,411
00011845_003,00011845_003.jpg,train,1,Mass|Pneumothorax,11845,3,65,F,PA,2992,2991,train,data/train-00014-of-00032.parquet,412
00011847_002,00011847_002.jpg,train,0,Effusion,11847,2,65,M,PA,2658,2991,train,data/train-00014-of-00032.parquet,433
00011856_000,00011856_000.jpg,train,0,No Finding,11856,0,33,M,PA,2992,2991,train,data/train-00014-of-00032.parquet,466
00011859_021,00011859_021.jpg,train,1,Emphysema|Pneumothorax,11859,21,53,M,PA,2992,2991,train,data/train-00014-of-00032.parquet,489
00011859_022,00011859_022.jpg,train,1,Emphysema|Pneumothorax,11859,22,53,M,PA,2992,2991,train,data/train-00014-of-00032.parquet,490
00011862_000,00011862_000.jpg,train,0,No Finding,11862,0,28,M,PA,2992,2889,train,data/train-00014-of-00032.parquet,494
00011863_000,00011863_000.jpg,val,0,No Finding,11863,0,27,F,PA,2992,2991,train,data/train-00014-of-00032.parquet,500
00011873_000,00011873_000.jpg,val,0,No Finding,11873,0,41,F,PA,2992,2991,train,data/train-00014-of-00032.parquet,522
00011873_001,00011873_001.jpg,val,0,No Finding,11873,1,41,F,PA,2992,2991,train,data/train-00014-of-00032.parquet,523
00011873_009,00011873_009.jpg,val,1,Atelectasis|Infiltration|Pneumothorax,11873,9,41,F,PA,2430,2438,train,data/train-00014-of-00032.parquet,531
00011882_002,00011882_002.jpg,val,0,No Finding,11882,2,18,F,PA,2021,2021,train,data/train-00014-of-00032.parquet,562
00011886_000,00011886_000.jpg,val,0,No Finding,11886,0,21,F,PA,2566,2969,train,data/train-00014-of-00032.parquet,589
00011886_001,00011886_001.jpg,val,0,Mass,11886,1,21,F,AP,2500,2048,train,data/train-00014-of-00032.parquet,590
00011886_010,00011886_010.jpg,val,1,Mass|Pneumothorax,11886,11,22,F,PA,2910,2653,train,data/train-00014-of-00032.parquet,599
00011890_001,00011890_001.jpg,train,0,Effusion,11890,1,53,M,PA,2902,2991,train,data/train-00014-of-00032.parquet,607
00011894_000,00011894_000.jpg,train,0,No Finding,11894,0,22,M,AP,2048,2500,train,data/train-00014-of-00032.parquet,611
00011896_001,00011896_001.jpg,train,0,No Finding,11896,1,43,F,AP,2500,2048,train,data/train-00014-of-00032.parquet,623
00011896_002,00011896_002.jpg,train,0,No Finding,11896,2,43,F,AP,2500,2048,train,data/train-00014-of-00032.parquet,624
00011899_000,00011899_000.jpg,train,0,Mass,11899,0,60,M,PA,2814,2991,train,data/train-00014-of-00032.parquet,650
00011899_002,00011899_002.jpg,train,0,No Finding,11899,2,60,M,AP,2500,2048,train,data/train-00014-of-00032.parquet,652
00011901_000,00011901_000.jpg,train,0,Mass,11901,0,34,M,PA,2992,2991,train,data/train-00014-of-00032.parquet,655
00011904_001,00011904_001.jpg,train,0,No Finding,11904,1,44,M,PA,2604,2515,train,data/train-00014-of-00032.parquet,668
00011906_010,00011906_010.jpg,train,1,Pneumothorax,11906,10,67,F,PA,2048,2500,train,data/train-00014-of-00032.parquet,681
00011967_003,00011967_003.jpg,train,0,Effusion,11967,0,31,F,PA,2992,2991,train,data/train-00014-of-00032.parquet,916
00011968_000,00011968_000.jpg,val,0,No Finding,11968,0,45,F,PA,2992,2991,train,data/train-00014-of-00032.parquet,921
00011968_001,00011968_001.jpg,val,0,No Finding,11968,1,46,F,PA,2048,2500,train,data/train-00014-of-00032.parquet,922
00011968_002,00011968_002.jpg,val,1,Effusion|Pneumothorax,11968,2,47,F,PA,2410,2565,train,data/train-00014-of-00032.parquet,923
00011969_001,00011969_001.jpg,train,1,Consolidation|Pneumothorax,11969,1,50,F,PA,2526,2991,train,data/train-00014-of-00032.parquet,925
00011971_001,00011971_001.jpg,val,0,Fibrosis,11971,0,58,M,PA,2730,2669,train,data/train-00014-of-00032.parquet,928
00011971_002,00011971_002.jpg,val,0,No Finding,11971,1,58,M,PA,2992,2991,train,data/train-00014-of-00032.parquet,929
00011971_003,00011971_003.jpg,val,0,Atelectasis,11971,2,58,M,PA,2992,2991,train,data/train-00014-of-00032.parquet,930
00011972_001,00011972_001.jpg,train,0,No Finding,11972,1,20,M,AP,2500,2048,train,data/train-00014-of-00032.parquet,941
00011975_000,00011975_000.jpg,train,0,No Finding,11975,0,44,M,PA,2500,2048,train,data/train-00014-of-00032.parquet,943
00011975_002,00011975_002.jpg,train,0,No Finding,11975,2,44,M,PA,2500,2048,train,data/train-00014-of-00032.parquet,945
00011987_001,00011987_001.jpg,train,0,No Finding,11987,1,23,F,AP,2500,2048,train,data/train-00014-of-00032.parquet,966
00011990_000,00011990_000.jpg,val,0,No Finding,11990,0,60,F,PA,2048,2500,train,data/train-00014-of-00032.parquet,980
00011991_000,00011991_000.jpg,val,0,No Finding,11991,0,65,M,PA,2992,2991,train,data/train-00014-of-00032.parquet,981
00011998_002,00011998_002.jpg,train,0,Infiltration,11998,1,39,F,PA,2992,2991,train,data/train-00014-of-00032.parquet,1000
00012001_000,00012001_000.jpg,train,0,No Finding,12001,0,35,F,PA,2992,2991,train,data/train-00014-of-00032.parquet,1007
00012001_002,00012001_002.jpg,train,0,Mass,12001,2,35,F,AP,2500,2048,train,data/train-00014-of-00032.parquet,1009
00012003_000,00012003_000.jpg,train,0,Hernia|Mass,12003,0,67,M,PA,2992,2991,train,data/train-00014-of-00032.parquet,1012
00012008_006,00012008_006.jpg,train,1,Effusion|Emphysema|Pneumothorax,12008,6,74,F,PA,2562,2453,train,data/train-00014-of-00032.parquet,1028
00012010_000,00012010_000.jpg,train,0,No Finding,12010,0,54,M,AP,2500,2048,train,data/train-00014-of-00032.parquet,1030
00012010_002,00012010_002.jpg,train,0,Atelectasis,12010,2,54,M,AP,2500,2048,train,data/train-00014-of-00032.parquet,1032
00012013_000,00012013_000.jpg,train,0,No Finding,12013,0,47,M,PA,2992,2991,train,data/train-00014-of-00032.parquet,1075
00012014_001,00012014_001.jpg,train,1,Pneumothorax,12014,1,32,F,PA,2586,2561,train,data/train-00014-of-00032.parquet,1077
00012014_002,00012014_002.jpg,train,1,Pneumothorax,12014,2,33,F,PA,2048,2500,train,data/train-00014-of-00032.parquet,1078
00012024_003,00012024_003.jpg,val,1,Mass|Pneumothorax,12024,3,45,M,PA,2992,2991,train,data/train-00014-of-00032.parquet,1144
00012036_000,00012036_000.jpg,val,0,Atelectasis|Fibrosis|Pleural_Thickening,12036,0,23,M,PA,2422,2991,train,data/train-00014-of-00032.parquet,1176
00012038_000,00012038_000.jpg,val,0,No Finding,12038,0,33,F,PA,2482,2349,train,data/train-00014-of-00032.parquet,1178
00012038_001,00012038_001.jpg,val,0,Cardiomegaly,12038,1,33,F,PA,2598,2297,train,data/train-00014-of-00032.parquet,1179
00012047_008,00012047_008.jpg,train,1,Effusion|Infiltration|Nodule|Pneumothorax,12047,8,55,F,PA,2742,2991,train,data/train-00014-of-00032.parquet,1212
00012050_000,00012050_000.jpg,train,0,No Finding,12050,0,48,M,PA,2834,2693,train,data/train-00014-of-00032.parquet,1220
00012053_000,00012053_000.jpg,train,0,Atelectasis|Fibrosis,12053,0,55,F,PA,2048,2500,train,data/train-00014-of-00032.parquet,1233
00012057_004,00012057_004.jpg,train,0,No Finding,12057,1,53,M,PA,2892,2991,train,data/train-00014-of-00032.parquet,1246
00012057_009,00012057_009.jpg,train,1,Nodule|Pneumothorax,12057,6,54,M,PA,2992,2991,train,data/train-00014-of-00032.parquet,1251
00012061_001,00012061_001.jpg,train,0,Infiltration|Pleural_Thickening,12061,1,66,M,PA,2992,2991,train,data/train-00014-of-00032.parquet,1274
00012068_000,00012068_000.jpg,train,0,No Finding,12068,0,60,M,PA,2992,2991,train,data/train-00014-of-00032.parquet,1292
00012071_000,00012071_000.jpg,train,0,No Finding,12071,0,64,M,PA,2992,2991,train,data/train-00014-of-00032.parquet,1299
00012144_017,00012144_017.jpg,val,1,Pneumothorax,12144,17,21,F,PA,2494,2645,train,data/train-00014-of-00032.parquet,1516
00012144_018,00012144_018.jpg,val,1,Pneumothorax,12144,18,21,F,PA,2992,2991,train,data/train-00014-of-00032.parquet,1517
00012153_000,00012153_000.jpg,val,0,No Finding,12153,0,25,F,PA,2390,2991,train,data/train-00014-of-00032.parquet,1564
00012225_000,00012225_000.jpg,train,0,No Finding,12225,0,66,M,PA,2992,2991,train,data/train-00014-of-00032.parquet,1801
00012225_001,00012225_001.jpg,train,0,No Finding,12225,1,66,M,AP,2500,2048,train,data/train-00014-of-00032.parquet,1802
00012231_000,00012231_000.jpg,train,0,No Finding,12231,0,34,M,PA,2992,2717,train,data/train-00014-of-00032.parquet,1822
00012233_002,00012233_002.jpg,train,1,Pneumothorax,12233,2,24,F,AP,2500,2048,train,data/train-00014-of-00032.parquet,1826
00012233_004,00012233_004.jpg,train,1,Atelectasis|Emphysema|Pneumothorax,12233,4,24,F,PA,2048,2500,train,data/train-00014-of-00032.parquet,1828
00012237_000,00012237_000.jpg,train,0,No Finding,12237,0,66,F,PA,2992,2991,train,data/train-00014-of-00032.parquet,1853
00012238_002,00012238_002.jpg,train,0,Atelectasis|Fibrosis,12238,2,63,M,PA,2718,2641,train,data/train-00014-of-00032.parquet,1857
00012242_002,00012242_002.jpg,train,0,Mass|Nodule,12242,2,48,M,PA,2992,2991,train,data/train-00014-of-00032.parquet,1886
00012245_001,00012245_001.jpg,train,0,Effusion,12245,0,69,M,PA,2992,2991,train,data/train-00014-of-00032.parquet,1893
00012247_000,00012247_000.jpg,train,1,Pneumothorax,12247,2,60,F,PA,2992,2991,train,data/train-00014-of-00032.parquet,1899
00012247_001,00012247_001.jpg,train,1,Pneumothorax,12247,0,55,F,PA,2992,2991,train,data/train-00014-of-00032.parquet,1900
00012252_000,00012252_000.jpg,train,0,No Finding,12252,0,64,M,PA,2992,2991,train,data/train-00014-of-00032.parquet,1909
00012252_002,00012252_002.jpg,train,0,Infiltration,12252,2,64,M,PA,2500,2048,train,data/train-00014-of-00032.parquet,1911
00012255_000,00012255_000.jpg,train,0,Cardiomegaly|Consolidation,12255,0,21,F,PA,2724,2633,train,data/train-00014-of-00032.parquet,1914
00012264_000,00012264_000.jpg,train,0,Infiltration,12264,0,34,F,PA,2854,2561,train,data/train-00014-of-00032.parquet,1933
00012267_000,00012267_000.jpg,train,0,No Finding,12267,0,51,F,PA,2992,2991,train,data/train-00014-of-00032.parquet,1943
00012272_001,00012272_001.jpg,train,0,No Finding,12272,1,35,M,PA,2992,2729,train,data/train-00014-of-00032.parquet,1951
00012274_000,00012274_000.jpg,train,0,No Finding,12274,0,59,F,PA,2090,2409,train,data/train-00014-of-00032.parquet,1956
00012287_001,00012287_001.jpg,train,0,Mass|Nodule,12287,1,35,F,PA,2992,2991,train,data/train-00014-of-00032.parquet,2015
00012297_001,00012297_001.jpg,train,0,No Finding,12297,0,46,F,PA,2992,2991,train,data/train-00014-of-00032.parquet,2026
00012303_001,00012303_001.jpg,train,1,Pneumothorax,12303,8,28,F,PA,2992,2991,train,data/train-00014-of-00032.parquet,2035
00012303_003,00012303_003.jpg,train,1,Pneumothorax,12303,1,22,F,PA,2048,2500,train,data/train-00014-of-00032.parquet,2037
00012303_006,00012303_006.jpg,train,1,Atelectasis|Pneumothorax,12303,4,22,F,PA,2048,2500,train,data/train-00014-of-00032.parquet,2040
00012308_002,00012308_002.jpg,train,1,Pneumothorax,12308,1,27,F,PA,2904,2384,train,data/train-00014-of-00032.parquet,2061
00012312_000,00012312_000.jpg,train,0,No Finding,12312,0,30,F,PA,2992,2991,train,data/train-00014-of-00032.parquet,2070
00012315_019,00012315_019.jpg,train,1,Pneumothorax,12315,19,30,M,PA,2930,2845,train,data/train-00014-of-00032.parquet,2097
00012315_021,00012315_021.jpg,train,1,Emphysema|Pneumothorax,12315,21,30,M,PA,2992,2991,train,data/train-00014-of-00032.parquet,2099
00012315_023,00012315_023.jpg,train,1,Pneumothorax,12315,22,30,M,PA,2992,2991,train,data/train-00014-of-00032.parquet,2101
00012316_001,00012316_001.jpg,train,0,No Finding,12316,1,31,F,PA,2562,2409,train,data/train-00014-of-00032.parquet,2103
00012317_000,00012317_000.jpg,train,0,No Finding,12317,0,58,M,PA,2500,2048,train,data/train-00014-of-00032.parquet,2104
00012321_003,00012321_003.jpg,train,1,Pneumothorax,12321,2,23,M,AP,2500,2048,train,data/train-00014-of-00032.parquet,2115
00012322_000,00012322_000.jpg,train,0,No Finding,12322,0,42,M,PA,2992,2991,train,data/train-00014-of-00032.parquet,2117
00012326_004,00012326_004.jpg,train,1,Pneumothorax,12326,2,36,F,PA,2992,2991,train,data/train-00014-of-00032.parquet,2134
00012326_005,00012326_005.jpg,train,1,Pneumothorax,12326,3,37,F,PA,2992,2991,train,data/train-00014-of-00032.parquet,2135
00012336_001,00012336_001.jpg,train,0,No Finding,12336,1,56,M,PA,2992,2991,train,data/train-00014-of-00032.parquet,2152
00012339_001,00012339_001.jpg,train,0,No Finding,12339,1,59,F,PA,2690,2505,train,data/train-00014-of-00032.parquet,2157
00012341_003,00012341_003.jpg,train,1,Pneumothorax,12341,2,51,F,PA,2992,2991,train,data/train-00014-of-00032.parquet,2164
00012346_000,00012346_000.jpg,train,0,Cardiomegaly,12346,0,40,F,AP,2500,2048,train,data/train-00014-of-00032.parquet,2180
00012346_001,00012346_001.jpg,train,0,Cardiomegaly|Infiltration,12346,1,41,F,PA,2658,2505,train,data/train-00014-of-00032.parquet,2181
00012348_000,00012348_000.jpg,train,0,No Finding,12348,0,34,F,PA,2992,2991,train,data/train-00014-of-00032.parquet,2183
00012354_000,00012354_000.jpg,train,0,No Finding,12354,0,44,F,PA,2754,2991,train,data/train-00014-of-00032.parquet,2199
00012492_010,00012492_010.jpg,train,1,Pneumothorax,12492,10,38,F,AP,2500,2048,train,data/train-00014-of-00032.parquet,2613
00012492_011,00012492_011.jpg,train,1,Pneumothorax,12492,11,38,F,AP,2500,2048,train,data/train-00014-of-00032.parquet,2614
00012493_000,00012493_000.jpg,train,0,No Finding,12493,0,19,M,PA,2992,2991,train,data/train-00014-of-00032.parquet,2617
00012502_001,00012502_001.jpg,train,0,Mass,12502,1,29,M,AP,2500,2048,train,data/train-00014-of-00032.parquet,2633
00012504_001,00012504_001.jpg,train,0,No Finding,12504,1,65,M,PA,3056,2544,train,data/train-00014-of-00032.parquet,2648
00012512_000,00012512_000.jpg,train,0,No Finding,12512,0,55,M,PA,2992,2991,train,data/train-00014-of-00032.parquet,2675
00012520_002,00012520_002.jpg,train,0,Atelectasis|Effusion|Pleural_Thickening,12520,2,69,M,PA,2992,2991,train,data/train-00014-of-00032.parquet,2684
00012626_004,00012626_004.jpg,train,1,Pneumothorax,12626,4,29,M,AP,2500,2048,train,data/train-00015-of-00032.parquet,313
00012628_065,00012628_065.jpg,train,1,Pneumothorax,12628,65,51,F,AP,2500,2048,train,data/train-00015-of-00032.parquet,392
00012628_066,00012628_066.jpg,train,1,Pneumothorax,12628,66,51,F,AP,2500,2048,train,data/train-00015-of-00032.parquet,393
00012633_000,00012633_000.jpg,train,0,No Finding,12633,0,46,M,PA,2992,2991,train,data/train-00015-of-00032.parquet,404
00012642_000,00012642_000.jpg,train,0,No Finding,12642,0,37,F,PA,2674,2673,train,data/train-00015-of-00032.parquet,458
00012643_001,00012643_001.jpg,train,1,Pneumothorax,12643,1,69,F,AP,2500,2048,train,data/train-00015-of-00032.parquet,460
00012648_004,00012648_004.jpg,train,1,Emphysema|Mass|Pneumothorax,12648,4,36,M,PA,2500,2048,train,data/train-00015-of-00032.parquet,495
00012673_000,00012673_000.jpg,train,0,Atelectasis|Mass|Nodule,12673,0,73,F,PA,2750,2549,train,data/train-00015-of-00032.parquet,611
00012676_000,00012676_000.jpg,train,0,No Finding,12676,0,32,M,PA,2898,2785,train,data/train-00015-of-00032.parquet,614
00012678_000,00012678_000.jpg,train,0,No Finding,12678,0,52,M,PA,2802,2991,train,data/train-00015-of-00032.parquet,615
00012687_002,00012687_002.jpg,train,1,Pneumothorax,12687,2,62,F,PA,2992,2991,train,data/train-00015-of-00032.parquet,681
00012687_003,00012687_003.jpg,train,1,Pneumothorax,12687,3,62,F,PA,2992,2991,train,data/train-00015-of-00032.parquet,682
00012687_004,00012687_004.jpg,train,1,Emphysema|Pneumothorax,12687,4,62,F,PA,2522,2589,train,data/train-00015-of-00032.parquet,683
00012688_003,00012688_003.jpg,train,0,No Finding,12688,2,19,F,PA,2048,2500,train,data/train-00015-of-00032.parquet,694
00012724_000,00012724_000.jpg,train,0,No Finding,12724,0,26,M,PA,2500,2048,train,data/train-00015-of-00032.parquet,803
00012731_000,00012731_000.jpg,train,0,No Finding,12731,0,44,F,PA,2992,2991,train,data/train-00015-of-00032.parquet,811
00012734_000,00012734_000.jpg,train,0,Atelectasis,12734,0,60,M,PA,2992,2991,train,data/train-00015-of-00032.parquet,819
00012744_000,00012744_000.jpg,train,0,No Finding,12744,0,66,M,PA,2992,2991,train,data/train-00015-of-00032.parquet,839
00012745_000,00012745_000.jpg,train,0,No Finding,12745,0,79,M,PA,2694,2991,train,data/train-00015-of-00032.parquet,840
00012752_004,00012752_004.jpg,train,1,Atelectasis|Pneumothorax,12752,4,27,M,AP,2500,2048,train,data/train-00015-of-00032.parquet,857
00012756_000,00012756_000.jpg,train,0,Atelectasis,12756,0,30,M,PA,2992,2991,train,data/train-00015-of-00032.parquet,870
00012849_000,00012849_000.jpg,train,0,No Finding,12849,0,26,M,PA,2514,2991,train,data/train-00015-of-00032.parquet,1103
00012857_002,00012857_002.jpg,train,0,No Finding,12857,2,73,F,PA,2048,2500,train,data/train-00015-of-00032.parquet,1119
00012862_000,00012862_000.jpg,train,0,No Finding,12862,0,40,F,PA,2048,2500,train,data/train-00015-of-00032.parquet,1125
00012864_004,00012864_004.jpg,train,1,Emphysema|Pneumothorax,12864,4,48,M,PA,2990,2991,train,data/train-00015-of-00032.parquet,1173
00012921_000,00012921_000.jpg,train,0,Nodule,12921,0,47,F,AP,2500,2048,train,data/train-00015-of-00032.parquet,1409
00012922_002,00012922_002.jpg,train,1,Mass|Pneumothorax,12922,2,62,M,PA,2992,2991,train,data/train-00015-of-00032.parquet,1412
00012930_002,00012930_002.jpg,train,0,No Finding,12930,2,42,F,PA,2992,2991,train,data/train-00015-of-00032.parquet,1439
00012935_015,00012935_015.jpg,train,1,Consolidation|Infiltration|Pneumothorax,12935,15,55,M,PA,2674,2991,train,data/train-00015-of-00032.parquet,1501
00012942_002,00012942_002.jpg,train,0,No Finding,12942,2,37,M,AP,2500,2048,train,data/train-00015-of-00032.parquet,1528
00012952_001,00012952_001.jpg,train,0,No Finding,12952,1,40,F,AP,3056,2544,train,data/train-00015-of-00032.parquet,1559
00012957_006,00012957_006.jpg,train,0,No Finding,12957,1,31,M,AP,2500,2048,train,data/train-00015-of-00032.parquet,1579
00012961_000,00012961_000.jpg,train,0,No Finding,12961,1,37,F,PA,2544,3056,train,data/train-00015-of-00032.parquet,1593
00013052_006,00013052_006.jpg,train,1,Atelectasis|Pneumothorax,13052,6,41,F,AP,2500,2048,train,data/train-00015-of-00032.parquet,1900
00013052_008,00013052_008.jpg,train,1,Atelectasis|Pneumothorax,13052,8,41,F,AP,2500,2048,train,data/train-00015-of-00032.parquet,1902
00013063_002,00013063_002.jpg,train,0,Effusion|Mass,13063,2,72,M,PA,2992,2991,train,data/train-00015-of-00032.parquet,1942
00013070_000,00013070_000.jpg,train,0,Pneumonia,13070,0,21,M,PA,2992,2991,train,data/train-00015-of-00032.parquet,1955
00013076_000,00013076_000.jpg,train,0,No Finding,13076,0,33,M,PA,2742,2901,train,data/train-00015-of-00032.parquet,1978
00013081_000,00013081_000.jpg,train,0,Nodule,13081,0,59,M,PA,2500,2048,train,data/train-00015-of-00032.parquet,2018
00013085_004,00013085_004.jpg,train,1,Atelectasis|Effusion|Pneumothorax,13085,4,25,F,PA,2718,2991,train,data/train-00015-of-00032.parquet,2026
00013085_005,00013085_005.jpg,train,1,Effusion|Emphysema|Pneumothorax,13085,5,25,F,PA,2364,2217,train,data/train-00015-of-00032.parquet,2027
00013093_000,00013093_000.jpg,train,0,No Finding,13093,0,58,M,PA,2936,2948,train,data/train-00015-of-00032.parquet,2037
00013095_000,00013095_000.jpg,train,0,No Finding,13095,0,53,F,AP,2500,2048,train,data/train-00015-of-00032.parquet,2039
00013110_000,00013110_000.jpg,train,0,No Finding,13110,0,33,M,PA,2992,2991,train,data/train-00015-of-00032.parquet,2066
00013119_001,00013119_001.jpg,train,0,No Finding,13119,1,61,M,AP,2500,2048,train,data/train-00015-of-00032.parquet,2076
00013174_001,00013174_001.jpg,train,0,No Finding,13174,1,34,M,PA,2992,2991,train,data/train-00015-of-00032.parquet,2201
00013190_000,00013190_000.jpg,train,0,No Finding,13190,0,53,M,PA,2758,2861,train,data/train-00015-of-00032.parquet,2260
00013205_001,00013205_001.jpg,train,1,Emphysema|Pneumothorax,13205,1,41,F,PA,2838,2757,train,data/train-00015-of-00032.parquet,2292
00013279_000,00013279_000.jpg,train,0,No Finding,13279,0,44,M,PA,2500,2048,train,data/train-00015-of-00032.parquet,2519
00013280_000,00013280_000.jpg,train,0,Atelectasis|Fibrosis,13280,0,48,F,PA,2992,2991,train,data/train-00015-of-00032.parquet,2521
00013282_004,00013282_004.jpg,train,1,Pneumothorax,13282,3,56,M,PA,2992,2991,train,data/train-00015-of-00032.parquet,2527
00013282_007,00013282_007.jpg,train,1,Atelectasis|Pneumothorax,13282,6,56,M,PA,2992,2991,train,data/train-00015-of-00032.parquet,2530
00013297_000,00013297_000.jpg,train,0,No Finding,13297,0,41,M,PA,3056,2544,train,data/train-00015-of-00032.parquet,2556
00013305_000,00013305_000.jpg,train,0,No Finding,13305,0,54,M,PA,2992,2991,train,data/train-00015-of-00032.parquet,2573
00013305_002,00013305_002.jpg,train,0,No Finding,13305,2,54,M,PA,2992,2991,train,data/train-00015-of-00032.parquet,2575
00013318_003,00013318_003.jpg,train,0,Atelectasis|Consolidation,13318,2,47,F,AP,2500,2048,train,data/train-00015-of-00032.parquet,2620
00013326_000,00013326_000.jpg,train,0,No Finding,13326,0,54,F,PA,2992,2991,train,data/train-00015-of-00032.parquet,2636
00013332_001,00013332_001.jpg,train,0,Infiltration,13332,0,51,F,PA,2992,2991,train,data/train-00015-of-00032.parquet,2651
00013334_000,00013334_000.jpg,train,0,Emphysema,13334,0,60,M,PA,2992,2991,train,data/train-00015-of-00032.parquet,2653
00013338_000,00013338_000.jpg,train,0,No Finding,13338,0,62,M,PA,2992,2991,train,data/train-00015-of-00032.parquet,2657
00013342_014,00013342_014.jpg,train,1,Infiltration|Pneumothorax,13342,14,48,M,PA,2950,2991,train,data/train-00015-of-00032.parquet,2681
00013348_000,00013348_000.jpg,train,0,No Finding,13348,0,58,M,PA,2992,2991,train,data/train-00015-of-00032.parquet,2689
00013348_001,00013348_001.jpg,train,0,No Finding,13348,1,58,M,PA,2992,2991,train,data/train-00015-of-00032.parquet,2690
00013350_000,00013350_000.jpg,train,0,No Finding,13350,0,21,M,PA,2500,2048,train,data/train-00015-of-00032.parquet,2692
00013376_000,00013376_000.jpg,train,0,Nodule|Pneumonia,13376,1,36,M,PA,2992,2991,train,data/train-00016-of-00032.parquet,30
00013379_000,00013379_000.jpg,train,0,No Finding,13379,0,19,F,AP,2500,2048,train,data/train-00016-of-00032.parquet,34
00013384_000,00013384_000.jpg,train,0,No Finding,13384,0,52,M,PA,2500,2048,train,data/train-00016-of-00032.parquet,39
00013386_011,00013386_011.jpg,train,1,Effusion|Pneumothorax,13386,11,30,M,PA,2992,2991,train,data/train-00016-of-00032.parquet,58
00013387_001,00013387_001.jpg,train,0,Atelectasis,13387,1,45,F,AP,2500,2048,train,data/train-00016-of-00032.parquet,62
00013387_002,00013387_002.jpg,train,0,Atelectasis|Infiltration,13387,2,45,F,PA,2992,2991,train,data/train-00016-of-00032.parquet,63
00013393_000,00013393_000.jpg,train,0,No Finding,13393,0,35,F,PA,2992,2991,train,data/train-00016-of-00032.parquet,69
00013404_000,00013404_000.jpg,train,0,No Finding,13404,0,42,M,PA,2992,2991,train,data/train-00016-of-00032.parquet,88
00013408_007,00013408_007.jpg,train,1,Pneumothorax,13408,7,20,F,PA,2600,2850,train,data/train-00016-of-00032.parquet,104
00013408_008,00013408_008.jpg,train,1,Pneumothorax,13408,8,20,F,PA,2992,2991,train,data/train-00016-of-00032.parquet,105
00013409_001,00013409_001.jpg,train,0,Cardiomegaly,13409,1,75,M,AP,2500,2048,train,data/train-00016-of-00032.parquet,117
00013411_002,00013411_002.jpg,train,0,Effusion|Infiltration|Pneumonia,13411,2,22,M,AP,2500,2048,train,data/train-00016-of-00032.parquet,121
00013416_002,00013416_002.jpg,train,0,No Finding,13416,2,46,F,PA,2330,2677,train,data/train-00016-of-00032.parquet,131
00013433_000,00013433_000.jpg,train,0,Infiltration,13433,0,26,M,AP,2500,2048,train,data/train-00016-of-00032.parquet,174
00013439_000,00013439_000.jpg,train,0,Pleural_Thickening,13439,0,47,F,PA,2690,2717,train,data/train-00016-of-00032.parquet,186
00013449_001,00013449_001.jpg,train,0,Nodule,13449,1,56,F,PA,2992,2991,train,data/train-00016-of-00032.parquet,229
00013449_002,00013449_002.jpg,train,0,Nodule,13449,2,56,F,AP,2500,2048,train,data/train-00016-of-00032.parquet,230
00013454_000,00013454_000.jpg,train,0,Nodule,13454,0,48,M,PA,2992,2991,train,data/train-00016-of-00032.parquet,241
00013456_000,00013456_000.jpg,train,0,No Finding,13456,0,57,M,PA,2992,2991,train,data/train-00016-of-00032.parquet,244
00013457_001,00013457_001.jpg,train,0,No Finding,13457,1,44,M,AP,2500,2048,train,data/train-00016-of-00032.parquet,246
00013458_002,00013458_002.jpg,train,1,Pneumothorax,13458,1,38,F,PA,2992,2991,train,data/train-00016-of-00032.parquet,253
00013460_000,00013460_000.jpg,train,0,Atelectasis|Infiltration,13460,0,72,M,PA,2500,2048,train,data/train-00016-of-00032.parquet,255
00013464_004,00013464_004.jpg,train,1,Atelectasis|Effusion|Pneumothorax,13464,3,44,F,AP,2500,2048,train,data/train-00016-of-00032.parquet,265
00013519_000,00013519_000.jpg,train,1,Atelectasis|Fibrosis|Infiltration|Nodule|Pneumothorax,13519,0,51,M,AP,2500,2048,train,data/train-00016-of-00032.parquet,414
00013519_002,00013519_002.jpg,train,0,No Finding,13519,2,53,M,AP,2500,2048,train,data/train-00016-of-00032.parquet,416
00013524_000,00013524_000.jpg,train,0,Mass,13524,0,69,M,PA,2992,2991,train,data/train-00016-of-00032.parquet,429
00013525_000,00013525_000.jpg,train,0,No Finding,13525,0,29,F,PA,2992,2929,train,data/train-00016-of-00032.parquet,430
00013526_002,00013526_002.jpg,train,0,No Finding,13526,0,47,F,PA,2992,2991,train,data/train-00016-of-00032.parquet,434
00013533_000,00013533_000.jpg,train,0,No Finding,13533,0,62,M,PA,2992,2991,train,data/train-00016-of-00032.parquet,448
00013534_009,00013534_009.jpg,train,1,Atelectasis|Cardiomegaly|Effusion|Pneumothorax,13534,8,67,F,AP,2500,2048,train,data/train-00016-of-00032.parquet,459
00013534_010,00013534_010.jpg,train,1,Atelectasis|Effusion|Fibrosis|Pneumothorax,13534,9,67,F,PA,2694,2991,train,data/train-00016-of-00032.parquet,460
00013537_002,00013537_002.jpg,train,1,Nodule|Pneumothorax,13537,2,55,M,PA,2992,2991,train,data/train-00016-of-00032.parquet,465
00013541_000,00013541_000.jpg,train,0,No Finding,13541,0,74,M,PA,2992,2991,train,data/train-00016-of-00032.parquet,481
00013549_003,00013549_003.jpg,train,0,Infiltration,13549,1,63,F,PA,2834,2757,train,data/train-00016-of-00032.parquet,497
00013558_000,00013558_000.jpg,val,1,Pneumothorax,13558,4,55,F,PA,2614,2541,train,data/train-00016-of-00032.parquet,538
00013558_002,00013558_002.jpg,val,1,Pneumothorax,13558,6,57,F,PA,2021,2021,train,data/train-00016-of-00032.parquet,540
00013558_003,00013558_003.jpg,val,1,Pneumothorax,13558,0,50,F,PA,2992,2991,train,data/train-00016-of-00032.parquet,541
00013561_000,00013561_000.jpg,val,0,Infiltration,13561,0,61,M,PA,2500,2048,train,data/train-00016-of-00032.parquet,547
00013644_000,00013644_000.jpg,train,0,No Finding,13644,0,19,F,AP,2500,2048,train,data/train-00016-of-00032.parquet,1026
00013649_001,00013649_001.jpg,train,0,No Finding,13649,1,53,M,PA,2992,2991,train,data/train-00016-of-00032.parquet,1041
00013653_000,00013653_000.jpg,train,1,Pneumothorax,13653,0,27,M,AP,2500,2048,train,data/train-00016-of-00032.parquet,1049
00013653_001,00013653_001.jpg,train,1,Pneumothorax,13653,1,27,M,AP,2500,2048,train,data/train-00016-of-00032.parquet,1050
00013653_003,00013653_003.jpg,train,1,Emphysema|Pneumothorax,13653,3,27,M,PA,2992,2991,train,data/train-00016-of-00032.parquet,1052
00013658_002,00013658_002.jpg,train,0,No Finding,13658,2,57,F,PA,2048,2500,train,data/train-00016-of-00032.parquet,1068
00013719_002,00013719_002.jpg,train,0,No Finding,13719,2,35,M,AP,2500,2048,train,data/train-00016-of-00032.parquet,1207
00013723_001,00013723_001.jpg,train,0,No Finding,13723,1,32,F,PA,2530,2501,train,data/train-00016-of-00032.parquet,1215
00013727_000,00013727_000.jpg,train,0,No Finding,13727,0,58,F,PA,2992,2991,train,data/train-00016-of-00032.parquet,1222
00013728_000,00013728_000.jpg,train,0,No Finding,13728,0,71,M,PA,2992,2991,train,data/train-00016-of-00032.parquet,1223
00013738_001,00013738_001.jpg,train,0,No Finding,13738,1,41,M,PA,2992,2991,train,data/train-00016-of-00032.parquet,1237
00013739_002,00013739_002.jpg,train,0,Atelectasis,13739,2,65,F,AP,2500,2048,train,data/train-00016-of-00032.parquet,1240
00013745_000,00013745_000.jpg,train,0,No Finding,13745,0,41,M,PA,2992,2991,train,data/train-00016-of-00032.parquet,1249
00013749_000,00013749_000.jpg,train,0,No Finding,13749,0,59,M,PA,2654,2801,train,data/train-00016-of-00032.parquet,1255
00013755_001,00013755_001.jpg,train,0,No Finding,13755,1,44,M,PA,2500,2048,train,data/train-00016-of-00032.parquet,1263
00013757_002,00013757_002.jpg,train,0,Effusion,13757,2,62,M,PA,2992,2991,train,data/train-00016-of-00032.parquet,1271
00013759_000,00013759_000.jpg,train,0,No Finding,13759,0,28,M,PA,2814,2991,train,data/train-00016-of-00032.parquet,1275
00013760_002,00013760_002.jpg,train,0,Effusion|Infiltration,13760,2,46,M,PA,2992,2991,train,data/train-00016-of-00032.parquet,1278
00013763_000,00013763_000.jpg,train,0,No Finding,13763,0,62,M,PA,2992,2991,train,data/train-00016-of-00032.parquet,1283
00013765_007,00013765_007.jpg,train,1,Effusion|Pneumothorax,13765,3,30,F,PA,2990,2991,train,data/train-00016-of-00032.parquet,1293
00013766_000,00013766_000.jpg,train,0,Infiltration|Nodule,13766,0,59,F,PA,2048,2500,train,data/train-00016-of-00032.parquet,1295
00013767_002,00013767_002.jpg,train,0,No Finding,13767,1,58,F,PA,2992,2991,train,data/train-00016-of-00032.parquet,1298
00013772_000,00013772_000.jpg,train,0,No Finding,13772,0,32,M,PA,2678,2754,train,data/train-00016-of-00032.parquet,1304
00013774_003,00013774_003.jpg,train,1,Atelectasis|Effusion|Pneumothorax,13774,3,77,F,PA,2718,2991,train,data/train-00016-of-00032.parquet,1310
00013774_004,00013774_004.jpg,train,1,Effusion|Pneumothorax,13774,4,77,F,PA,2992,2873,train,data/train-00016-of-00032.parquet,1311
00013779_000,00013779_000.jpg,train,0,Pneumonia,13779,0,66,M,PA,2992,2991,train,data/train-00016-of-00032.parquet,1390
00013779_001,00013779_001.jpg,train,0,Emphysema|Mass,13779,1,66,M,PA,2992,2991,train,data/train-00016-of-00032.parquet,1391
00013782_000,00013782_000.jpg,train,0,Infiltration,13782,0,26,M,AP,2500,2048,train,data/train-00016-of-00032.parquet,1398
00013783_000,00013783_000.jpg,train,0,Atelectasis,13783,0,63,M,PA,2790,2991,train,data/train-00016-of-00032.parquet,1403
00013790_000,00013790_000.jpg,train,0,Mass|Nodule,13790,0,52,M,PA,2992,2991,train,data/train-00016-of-00032.parquet,1413
00013791_000,00013791_000.jpg,train,0,Hernia|Mass,13791,0,28,F,PA,2992,2991,train,data/train-00016-of-00032.parquet,1414
00013792_000,00013792_000.jpg,train,0,No Finding,13792,0,69,F,PA,2992,2991,train,data/train-00016-of-00032.parquet,1415
00013794_000,00013794_000.jpg,train,0,No Finding,13794,0,46,M,PA,2992,2991,train,data/train-00016-of-00032.parquet,1419
00013804_000,00013804_000.jpg,train,0,Infiltration,13804,0,34,M,PA,2992,2991,train,data/train-00016-of-00032.parquet,1445
00013810_000,00013810_000.jpg,train,1,Atelectasis|Pneumothorax,13810,0,77,M,PA,2992,2991,train,data/train-00016-of-00032.parquet,1457
00013811_000,00013811_000.jpg,train,0,Nodule,13811,0,68,M,PA,2992,2991,train,data/train-00016-of-00032.parquet,1463
00013818_000,00013818_000.jpg,train,0,Pneumonia,13818,0,35,F,PA,2992,2991,train,data/train-00016-of-00032.parquet,1483
00013821_000,00013821_000.jpg,train,0,No Finding,13821,0,52,M,PA,2992,2991,train,data/train-00016-of-00032.parquet,1488
00013825_001,00013825_001.jpg,train,0,No Finding,13825,1,67,M,PA,2992,2991,train,data/train-00016-of-00032.parquet,1495
00013826_000,00013826_000.jpg,train,0,No Finding,13826,6,18,F,PA,2658,2991,train,data/train-00016-of-00032.parquet,1497
00013826_001,00013826_001.jpg,train,0,No Finding,13826,7,20,F,PA,2540,3024,train,data/train-00016-of-00032.parquet,1498
00013852_000,00013852_000.jpg,train,0,No Finding,13852,0,58,F,PA,2992,2991,train,data/train-00016-of-00032.parquet,1606
00013853_000,00013853_000.jpg,train,0,Effusion|Infiltration,13853,0,29,F,PA,2522,2991,train,data/train-00016-of-00032.parquet,1607
00013855_006,00013855_006.jpg,train,1,Pneumothorax,13855,4,40,F,PA,2992,2991,train,data/train-00016-of-00032.parquet,1615
00013865_000,00013865_000.jpg,train,0,No Finding,13865,0,23,M,PA,2048,2500,train,data/train-00016-of-00032.parquet,1635
00013880_001,00013880_001.jpg,train,0,Effusion|Pleural_Thickening,13880,1,51,M,PA,2500,2048,train,data/train-00016-of-00032.parquet,1666
00013883_000,00013883_000.jpg,train,0,Atelectasis,13883,0,55,F,PA,2822,2991,train,data/train-00016-of-00032.parquet,1677
00013889_000,00013889_000.jpg,train,0,Infiltration,13889,0,61,M,PA,2982,2966,train,data/train-00016-of-00032.parquet,1690
00013892_002,00013892_002.jpg,train,0,No Finding,13892,2,42,M,AP,2500,2048,train,data/train-00016-of-00032.parquet,1722
00013894_001,00013894_001.jpg,train,0,No Finding,13894,1,20,M,PA,2992,2673,train,data/train-00016-of-00032.parquet,1725
00013901_004,00013901_004.jpg,train,1,Atelectasis|Consolidation|Emphysema|Pneumothorax,13901,4,69,F,AP,2500,2048,train,data/train-00016-of-00032.parquet,1794
00013902_000,00013902_000.jpg,train,0,No Finding,13902,0,52,F,PA,2992,2991,train,data/train-00016-of-00032.parquet,1796
00013904_002,00013904_002.jpg,train,0,Effusion|Nodule,13904,2,42,M,PA,2992,2991,train,data/train-00016-of-00032.parquet,1800
00013905_002,00013905_002.jpg,train,0,No Finding,13905,2,59,M,AP,2500,2048,train,data/train-00016-of-00032.parquet,1815
00013915_000,00013915_000.jpg,train,0,No Finding,13915,0,26,F,PA,2358,2725,train,data/train-00016-of-00032.parquet,1830
00013917_002,00013917_002.jpg,train,0,No Finding,13917,0,52,M,PA,2992,2991,train,data/train-00016-of-00032.parquet,1836
00013917_020,00013917_020.jpg,train,1,Consolidation|Effusion|Infiltration|Mass|Pneumothorax,13917,18,54,M,AP,2500,2048,train,data/train-00016-of-00032.parquet,1854
00013995_000,00013995_000.jpg,train,0,Atelectasis|Mass,13995,0,50,M,PA,2910,2991,train,data/train-00016-of-00032.parquet,2121
00013998_000,00013998_000.jpg,train,0,No Finding,13998,0,57,M,PA,2920,2801,train,data/train-00016-of-00032.parquet,2134
00014000_001,00014000_001.jpg,train,0,Atelectasis|Infiltration,14000,1,34,F,AP,2500,2048,train,data/train-00016-of-00032.parquet,2144
00014005_001,00014005_001.jpg,train,0,No Finding,14005,1,71,M,PA,2714,2991,train,data/train-00016-of-00032.parquet,2150
00014011_000,00014011_000.jpg,train,0,No Finding,14011,0,46,M,PA,2500,2048,train,data/train-00016-of-00032.parquet,2186
00014017_000,00014017_000.jpg,train,0,No Finding,14017,0,26,F,PA,2992,2991,train,data/train-00016-of-00032.parquet,2190
00014018_007,00014018_007.jpg,train,1,Effusion|Emphysema|Pneumothorax,14018,7,46,M,PA,2992,2991,train,data/train-00016-of-00032.parquet,2198
00014018_011,00014018_011.jpg,train,1,Pneumothorax,14018,10,46,M,AP,2500,2048,train,data/train-00016-of-00032.parquet,2202
00014020_000,00014020_000.jpg,train,0,No Finding,14020,0,39,M,PA,2686,2749,train,data/train-00016-of-00032.parquet,2215
00014029_002,00014029_002.jpg,train,0,No Finding,14029,2,25,F,PA,2598,2405,train,data/train-00016-of-00032.parquet,2237
00014032_012,00014032_012.jpg,train,1,Atelectasis|Emphysema|Pneumothorax,14032,12,61,M,AP,2500,2048,train,data/train-00016-of-00032.parquet,2262
00014032_013,00014032_013.jpg,train,1,Pneumothorax,14032,13,61,M,PA,2992,2991,train,data/train-00016-of-00032.parquet,2263
00014032_014,00014032_014.jpg,train,1,Emphysema|Pneumothorax,14032,14,61,M,PA,2992,2991,train,data/train-00016-of-00032.parquet,2264
00014034_008,00014034_008.jpg,train,1,Atelectasis|Effusion|Pneumothorax,14034,8,46,M,AP,2500,2048,train,data/train-00016-of-00032.parquet,2281
00014034_019,00014034_019.jpg,train,1,Atelectasis|Pneumothorax,14034,19,49,M,PA,2992,2991,train,data/train-00016-of-00032.parquet,2292
00014036_002,00014036_002.jpg,train,0,No Finding,14036,2,36,M,PA,2746,2991,train,data/train-00016-of-00032.parquet,2298
00014046_006,00014046_006.jpg,train,1,Edema|Pneumothorax,14046,6,46,M,AP,2500,2048,train,data/train-00016-of-00032.parquet,2316
00014047_000,00014047_000.jpg,val,0,No Finding,14047,0,32,M,PA,2992,2991,train,data/train-00016-of-00032.parquet,2318
00014048_000,00014048_000.jpg,val,0,Nodule,14048,0,76,M,PA,2854,2991,train,data/train-00016-of-00032.parquet,2319
00014054_000,00014054_000.jpg,val,0,No Finding,14054,0,42,M,PA,2718,2729,train,data/train-00016-of-00032.parquet,2340
00014055_000,00014055_000.jpg,train,1,Pneumothorax,14055,0,46,F,PA,2992,2991,train,data/train-00016-of-00032.parquet,2341
00014055_001,00014055_001.jpg,train,0,No Finding,14055,1,47,F,PA,2021,2021,train,data/train-00016-of-00032.parquet,2342
00014060_001,00014060_001.jpg,val,0,No Finding,14060,1,60,F,PA,2712,2206,train,data/train-00016-of-00032.parquet,2349
00014066_000,00014066_000.jpg,val,0,No Finding,14066,0,37,F,PA,2326,2125,train,data/train-00016-of-00032.parquet,2357
00014067_001,00014067_001.jpg,val,0,No Finding,14067,1,36,F,PA,2518,2991,train,data/train-00016-of-00032.parquet,2359
00014067_002,00014067_002.jpg,val,0,No Finding,14067,2,36,F,AP,2500,2048,train,data/train-00016-of-00032.parquet,2360
00014073_008,00014073_008.jpg,train,0,Nodule,14073,1,60,M,PA,2992,2645,train,data/train-00016-of-00032.parquet,2381
00014074_000,00014074_000.jpg,val,0,Effusion,14074,0,72,F,PA,2790,2429,train,data/train-00016-of-00032.parquet,2382
00014074_002,00014074_002.jpg,val,1,Atelectasis|Effusion|Pneumonia|Pneumothorax,14074,2,72,F,PA,2992,2991,train,data/train-00016-of-00032.parquet,2384
00014076_000,00014076_000.jpg,val,0,No Finding,14076,0,36,M,PA,2500,2048,train,data/train-00016-of-00032.parquet,2397
00014081_000,00014081_000.jpg,train,0,No Finding,14081,0,49,M,PA,2992,2991,train,data/train-00016-of-00032.parquet,2411
00014081_002,00014081_002.jpg,train,0,Edema,14081,2,49,M,AP,2500,2048,train,data/train-00016-of-00032.parquet,2413
00014085_002,00014085_002.jpg,train,0,Atelectasis|Effusion|Infiltration,14085,2,63,M,AP,2500,2048,train,data/train-00016-of-00032.parquet,2421
00014101_000,00014101_000.jpg,train,0,No Finding,14101,0,40,M,PA,2992,2991,train,data/train-00016-of-00032.parquet,2452
00014102_001,00014102_001.jpg,train,0,No Finding,14102,1,54,M,PA,2992,2991,train,data/train-00016-of-00032.parquet,2454
00014105_002,00014105_002.jpg,train,0,Mass,14105,2,61,F,PA,2992,2991,train,data/train-00016-of-00032.parquet,2460
00014106_000,00014106_000.jpg,train,0,No Finding,14106,0,31,M,PA,2992,2989,train,data/train-00016-of-00032.parquet,2461
00014112_004,00014112_004.jpg,train,1,Effusion|Pneumothorax,14112,4,39,F,PA,2400,1866,train,data/train-00016-of-00032.parquet,2491
00014129_011,00014129_011.jpg,train,1,Emphysema|Pneumothorax,14129,11,63,M,AP,2500,2048,train,data/train-00016-of-00032.parquet,2575
00014129_012,00014129_012.jpg,train,1,Pneumothorax,14129,12,63,M,AP,2500,2048,train,data/train-00016-of-00032.parquet,2576
00014129_013,00014129_013.jpg,train,1,Pneumothorax,14129,13,63,M,AP,2500,2048,train,data/train-00016-of-00032.parquet,2577
00014133_000,00014133_000.jpg,train,0,No Finding,14133,0,69,M,AP,2500,2048,train,data/train-00016-of-00032.parquet,2582
00014137_001,00014137_001.jpg,train,0,No Finding,14137,1,73,M,PA,2992,2991,train,data/train-00016-of-00032.parquet,2587
00014139_000,00014139_000.jpg,train,0,No Finding,14139,0,23,M,PA,2500,2048,train,data/train-00016-of-00032.parquet,2589
00014141_001,00014141_001.jpg,train,0,Edema|Infiltration,14141,1,55,M,AP,2500,2048,train,data/train-00016-of-00032.parquet,2602
00014141_002,00014141_002.jpg,train,0,Infiltration,14141,2,55,M,AP,2500,2048,train,data/train-00016-of-00032.parquet,2603
00014143_001,00014143_001.jpg,train,1,Pneumothorax,14143,1,19,M,PA,2992,2991,train,data/train-00016-of-00032.parquet,2606
00014145_000,00014145_000.jpg,train,0,No Finding,14145,0,55,M,PA,2992,2991,train,data/train-00016-of-00032.parquet,2609
00014146_001,00014146_001.jpg,train,0,Nodule,14146,1,62,M,PA,2992,2991,train,data/train-00016-of-00032.parquet,2634
00014146_004,00014146_004.jpg,train,1,Effusion|Pneumothorax,14146,4,62,M,AP,2500,2048,train,data/train-00016-of-00032.parquet,2637
00014154_000,00014154_000.jpg,train,0,No Finding,14154,0,52,M,PA,2992,2991,train,data/train-00016-of-00032.parquet,2654
00014160_002,00014160_002.jpg,train,0,No Finding,14160,2,49,M,PA,2992,2991,train,data/train-00016-of-00032.parquet,2665
00014161_000,00014161_000.jpg,train,0,No Finding,14161,0,50,F,PA,2992,2991,train,data/train-00016-of-00032.parquet,2666
00014162_000,00014162_000.jpg,train,0,No Finding,14162,0,70,M,PA,2992,2991,train,data/train-00016-of-00032.parquet,2667
00014165_001,00014165_001.jpg,train,0,No Finding,14165,1,70,M,PA,2992,2991,train,data/train-00016-of-00032.parquet,2671
00014172_001,00014172_001.jpg,train,0,No Finding,14172,0,53,M,PA,2720,2611,train,data/train-00016-of-00032.parquet,2685
00014174_020,00014174_020.jpg,train,1,Pneumothorax,14174,20,52,F,PA,2992,2991,train,data/train-00017-of-00032.parquet,13
00014178_003,00014178_003.jpg,train,1,Atelectasis|Pneumothorax,14178,9,63,F,PA,2718,2991,train,data/train-00017-of-00032.parquet,32
00014178_005,00014178_005.jpg,train,1,Atelectasis|Emphysema|Pneumothorax,14178,11,63,F,PA,2992,2991,train,data/train-00017-of-00032.parquet,34
00014183_001,00014183_001.jpg,train,0,Infiltration,14183,0,27,M,PA,2474,2725,train,data/train-00017-of-00032.parquet,57
00014196_000,00014196_000.jpg,train,0,No Finding,14196,0,51,M,AP,2500,2048,train,data/train-00017-of-00032.parquet,75
00014282_000,00014282_000.jpg,train,0,No Finding,14282,0,39,F,PA,2500,2048,train,data/train-00017-of-00032.parquet,316
00014290_000,00014290_000.jpg,train,1,Pneumothorax,14290,0,40,M,PA,2992,2991,train,data/train-00017-of-00032.parquet,342
00014291_002,00014291_002.jpg,train,0,Effusion|Nodule,14291,2,56,M,PA,2992,2991,train,data/train-00017-of-00032.parquet,354
00014292_000,00014292_000.jpg,train,0,No Finding,14292,0,28,M,PA,2544,3056,train,data/train-00017-of-00032.parquet,355
00014299_003,00014299_003.jpg,train,1,Atelectasis|Emphysema|Pneumothorax,14299,3,44,F,PA,2678,2991,train,data/train-00017-of-00032.parquet,376
00014299_004,00014299_004.jpg,train,1,Pneumothorax,14299,4,44,F,PA,2992,2991,train,data/train-00017-of-00032.parquet,377
00014306_003,00014306_003.jpg,train,1,Pneumothorax,14306,4,51,M,PA,3056,2544,train,data/train-00017-of-00032.parquet,411
00014307_001,00014307_001.jpg,train,0,No Finding,14307,1,40,F,PA,2382,2565,train,data/train-00017-of-00032.parquet,415
00014313_000,00014313_000.jpg,train,0,No Finding,14313,0,33,M,PA,2021,2021,train,data/train-00017-of-00032.parquet,433
00014314_003,00014314_003.jpg,train,1,Pneumothorax,14314,3,56,F,PA,2992,2991,train,data/train-00017-of-00032.parquet,437
00014317_000,00014317_000.jpg,train,0,No Finding,14317,0,18,M,PA,2500,2048,train,data/train-00017-of-00032.parquet,442
00014319_000,00014319_000.jpg,train,0,No Finding,14319,0,68,F,PA,2442,2991,train,data/train-00017-of-00032.parquet,449
00014328_000,00014328_000.jpg,train,0,No Finding,14328,0,61,F,PA,2778,2821,train,data/train-00017-of-00032.parquet,520
00014332_012,00014332_012.jpg,train,1,Atelectasis|Pneumothorax,14332,12,28,F,AP,2500,2048,train,data/train-00017-of-00032.parquet,542
00014332_013,00014332_013.jpg,train,1,Cardiomegaly|Fibrosis|Pneumothorax,14332,13,28,F,PA,2048,2500,train,data/train-00017-of-00032.parquet,543
00014344_000,00014344_000.jpg,train,0,No Finding,14344,0,69,M,PA,2666,2991,train,data/train-00017-of-00032.parquet,564
00014347_000,00014347_000.jpg,train,0,No Finding,14347,0,40,F,PA,2618,2991,train,data/train-00017-of-00032.parquet,567
00014349_000,00014349_000.jpg,train,0,No Finding,14349,0,33,M,PA,2500,2048,train,data/train-00017-of-00032.parquet,573
00014353_001,00014353_001.jpg,train,0,No Finding,14353,1,23,M,AP,2500,2048,train,data/train-00017-of-00032.parquet,588
00014430_000,00014430_000.jpg,train,0,No Finding,14430,0,65,F,PA,2910,2729,train,data/train-00017-of-00032.parquet,906
00014431_000,00014431_000.jpg,train,0,No Finding,14431,0,48,F,PA,2502,2813,train,data/train-00017-of-00032.parquet,907
00014436_001,00014436_001.jpg,train,0,No Finding,14436,1,62,M,AP,2500,2048,train,data/train-00017-of-00032.parquet,916
00014437_000,00014437_000.jpg,train,0,Pleural_Thickening,14437,0,55,M,PA,2500,2048,train,data/train-00017-of-00032.parquet,929
00014454_001,00014454_001.jpg,train,0,No Finding,14454,1,38,M,AP,2500,2048,train,data/train-00017-of-00032.parquet,981
00014458_003,00014458_003.jpg,train,1,Consolidation|Pneumothorax,14458,1,38,F,AP,2500,2048,train,data/train-00017-of-00032.parquet,996
00014488_000,00014488_000.jpg,train,0,Pleural_Thickening,14488,0,43,M,PA,2570,2991,train,data/train-00017-of-00032.parquet,1104
00014503_000,00014503_000.jpg,train,0,No Finding,14503,0,68,F,PA,2500,2048,train,data/train-00017-of-00032.parquet,1120
00014520_005,00014520_005.jpg,train,1,Pneumothorax,14520,5,32,M,AP,2500,2048,train,data/train-00017-of-00032.parquet,1149
00014524_001,00014524_001.jpg,train,0,No Finding,14524,1,54,M,AP,2500,2048,train,data/train-00017-of-00032.parquet,1180
00014528_002,00014528_002.jpg,train,0,No Finding,14528,2,60,M,AP,2500,2048,train,data/train-00017-of-00032.parquet,1191
00014530_005,00014530_005.jpg,train,1,Pneumothorax,14530,6,53,F,PA,2992,2991,train,data/train-00017-of-00032.parquet,1202
00014530_006,00014530_006.jpg,train,1,Pneumothorax,14530,7,53,F,PA,2754,2991,train,data/train-00017-of-00032.parquet,1203
00014534_001,00014534_001.jpg,train,0,No Finding,14534,1,21,F,AP,2500,2048,train,data/train-00017-of-00032.parquet,1217
00014534_002,00014534_002.jpg,train,0,No Finding,14534,2,21,F,AP,2500,2048,train,data/train-00017-of-00032.parquet,1218
00014535_001,00014535_001.jpg,train,0,No Finding,14535,1,51,F,PA,2602,2991,train,data/train-00017-of-00032.parquet,1225
00014541_000,00014541_000.jpg,train,0,No Finding,14541,0,32,F,PA,2544,3056,train,data/train-00017-of-00032.parquet,1234
00014543_000,00014543_000.jpg,train,0,Atelectasis|Emphysema|Mass,14543,0,62,M,AP,2500,2048,train,data/train-00017-of-00032.parquet,1236
00014543_002,00014543_002.jpg,train,0,Atelectasis|Emphysema,14543,1,62,M,AP,2500,2048,train,data/train-00017-of-00032.parquet,1238
00014545_001,00014545_001.jpg,train,0,Cardiomegaly|Effusion,14545,1,35,F,PA,2992,2991,train,data/train-00017-of-00032.parquet,1248
00014546_003,00014546_003.jpg,train,1,Emphysema|Pneumothorax,14546,3,58,M,AP,2500,2048,train,data/train-00017-of-00032.parquet,1254
00014550_002,00014550_002.jpg,train,0,No Finding,14550,2,61,F,AP,2500,2048,train,data/train-00017-of-00032.parquet,1271
00014554_000,00014554_000.jpg,train,0,No Finding,14554,0,52,M,PA,2992,2991,train,data/train-00017-of-00032.parquet,1281
00014555_000,00014555_000.jpg,train,0,Cardiomegaly|Edema,14555,0,56,M,AP,2500,2048,train,data/train-00017-of-00032.parquet,1282
00014558_002,00014558_002.jpg,train,0,No Finding,14558,0,34,F,PA,2992,2991,train,data/train-00017-of-00032.parquet,1289
00014618_002,00014618_002.jpg,train,0,Effusion,14618,2,56,F,AP,2500,2048,train,data/train-00017-of-00032.parquet,1507
00014621_000,00014621_000.jpg,train,0,No Finding,14621,0,38,F,PA,2718,2991,train,data/train-00017-of-00032.parquet,1520
00014621_001,00014621_001.jpg,train,0,No Finding,14621,1,38,F,PA,2048,2500,train,data/train-00017-of-00032.parquet,1521
00014634_000,00014634_000.jpg,train,0,No Finding,14634,1,36,F,PA,2654,2991,train,data/train-00017-of-00032.parquet,1547
00014637_001,00014637_001.jpg,train,0,Pleural_Thickening,14637,1,59,M,PA,2992,2991,train,data/train-00017-of-00032.parquet,1551
00014644_002,00014644_002.jpg,train,0,Atelectasis|Edema|Infiltration,14644,2,54,F,AP,2500,2048,train,data/train-00017-of-00032.parquet,1571
00014648_000,00014648_000.jpg,train,1,Effusion|Pneumothorax,14648,0,24,F,PA,2306,2541,train,data/train-00017-of-00032.parquet,1596
00014695_001,00014695_001.jpg,train,0,No Finding,14695,1,50,F,AP,3056,2544,train,data/train-00017-of-00032.parquet,1700
00014695_002,00014695_002.jpg,train,0,No Finding,14695,2,50,F,PA,3056,2544,train,data/train-00017-of-00032.parquet,1701
00014705_008,00014705_008.jpg,train,0,Infiltration,14705,1,72,M,PA,2758,2881,train,data/train-00017-of-00032.parquet,1725
00014708_002,00014708_002.jpg,train,1,Atelectasis|Pneumothorax,14708,2,45,M,AP,2500,2048,train,data/train-00017-of-00032.parquet,1729
00014708_003,00014708_003.jpg,train,1,Effusion|Pneumothorax,14708,3,45,M,PA,2858,2991,train,data/train-00017-of-00032.parquet,1730
00014708_004,00014708_004.jpg,train,1,Atelectasis|Effusion|Pneumothorax,14708,4,45,M,PA,2986,2991,train,data/train-00017-of-00032.parquet,1731
00014712_001,00014712_001.jpg,train,0,No Finding,14712,1,30,M,AP,2500,2048,train,data/train-00017-of-00032.parquet,1765
00014715_001,00014715_001.jpg,train,1,Pneumothorax,14715,1,38,F,AP,2500,2048,train,data/train-00017-of-00032.parquet,1770
00014717_009,00014717_009.jpg,train,1,Pneumothorax,14717,9,34,M,PA,2992,2991,train,data/train-00017-of-00032.parquet,1795
00014717_010,00014717_010.jpg,train,1,Pneumothorax,14717,10,34,M,PA,2992,2991,train,data/train-00017-of-00032.parquet,1796
00014746_000,00014746_000.jpg,train,0,No Finding,14746,0,30,M,PA,2746,2991,train,data/train-00017-of-00032.parquet,1901
00014747_000,00014747_000.jpg,train,0,No Finding,14747,0,25,M,PA,2992,2991,train,data/train-00017-of-00032.parquet,1902
00014758_001,00014758_001.jpg,train,0,Mass,14758,1,59,M,AP,2500,2048,train,data/train-00017-of-00032.parquet,1928
00014764_002,00014764_002.jpg,train,0,No Finding,14764,2,34,F,AP,2500,2048,train,data/train-00017-of-00032.parquet,1950
00014765_000,00014765_000.jpg,train,0,No Finding,14765,0,57,M,PA,2880,2802,train,data/train-00017-of-00032.parquet,1953
00014767_000,00014767_000.jpg,train,0,No Finding,14767,0,53,F,PA,2500,2048,train,data/train-00017-of-00032.parquet,1955
00014773_003,00014773_003.jpg,train,1,Atelectasis|Emphysema|Pneumothorax,14773,3,52,M,PA,2546,2673,train,data/train-00017-of-00032.parquet,1981
00014773_004,00014773_004.jpg,train,1,Atelectasis|Pneumothorax,14773,4,52,M,PA,2878,2991,train,data/train-00017-of-00032.parquet,1982
00014773_006,00014773_006.jpg,train,1,Atelectasis|Pneumothorax,14773,5,52,M,PA,2674,2991,train,data/train-00017-of-00032.parquet,1984
00014890_000,00014890_000.jpg,train,0,Nodule,14890,0,26,F,PA,2048,2500,train,data/train-00017-of-00032.parquet,2306
00014891_000,00014891_000.jpg,train,0,Cardiomegaly|Effusion,14891,0,71,M,PA,2048,2500,train,data/train-00017-of-00032.parquet,2313
00014903_000,00014903_000.jpg,train,0,Infiltration,14903,0,49,F,PA,2992,2991,train,data/train-00017-of-00032.parquet,2326
00014905_002,00014905_002.jpg,train,0,Infiltration|Mass,14905,2,46,M,PA,2992,2991,train,data/train-00017-of-00032.parquet,2336
00014912_000,00014912_000.jpg,train,0,No Finding,14912,0,39,F,PA,2354,2625,train,data/train-00017-of-00032.parquet,2356
00014913_000,00014913_000.jpg,train,0,No Finding,14913,0,70,M,PA,2666,2991,train,data/train-00017-of-00032.parquet,2357
00014919_004,00014919_004.jpg,train,1,Atelectasis|Mass|Pneumothorax,14919,4,66,M,AP,2500,2048,train,data/train-00017-of-00032.parquet,2381
00014919_006,00014919_006.jpg,train,1,Atelectasis|Mass|Pneumothorax,14919,6,66,M,AP,2500,2048,train,data/train-00017-of-00032.parquet,2383
00014920_000,00014920_000.jpg,train,0,No Finding,14920,0,49,M,PA,2992,2991,train,data/train-00017-of-00032.parquet,2395
00014921_001,00014921_001.jpg,train,0,No Finding,14921,0,51,F,PA,2500,2048,train,data/train-00017-of-00032.parquet,2397
00014922_000,00014922_000.jpg,train,0,No Finding,14922,0,50,M,PA,2992,2991,train,data/train-00017-of-00032.parquet,2398
00014928_000,00014928_000.jpg,train,0,No Finding,14928,0,25,F,PA,2992,2991,train,data/train-00017-of-00032.parquet,2406
00014929_000,00014929_000.jpg,train,0,No Finding,14929,0,44,F,PA,2048,2500,train,data/train-00017-of-00032.parquet,2407
00014929_002,00014929_002.jpg,train,0,No Finding,14929,2,45,F,PA,2992,2991,train,data/train-00017-of-00032.parquet,2409
00014933_002,00014933_002.jpg,train,0,No Finding,14933,2,54,F,AP,2500,2048,train,data/train-00017-of-00032.parquet,2438
00014938_001,00014938_001.jpg,train,0,No Finding,14938,1,55,F,PA,2992,2991,train,data/train-00017-of-00032.parquet,2462
00014938_002,00014938_002.jpg,train,0,No Finding,14938,2,55,F,PA,2992,2991,train,data/train-00017-of-00032.parquet,2463
00014945_003,00014945_003.jpg,train,1,Pneumothorax,14945,4,55,M,PA,2992,2957,train,data/train-00017-of-00032.parquet,2493
00014945_004,00014945_004.jpg,train,1,Effusion|Infiltration|Pneumothorax,14945,5,55,M,PA,2992,2991,train,data/train-00017-of-00032.parquet,2494
00014946_000,00014946_000.jpg,train,1,Pneumothorax,14946,0,31,F,AP,2500,2048,train,data/train-00017-of-00032.parquet,2498
00014990_000,00014990_000.jpg,val,0,No Finding,14990,0,51,M,PA,2600,2862,train,data/train-00017-of-00032.parquet,2610
00014994_000,00014994_000.jpg,train,0,No Finding,14994,0,47,M,PA,2992,2991,train,data/train-00017-of-00032.parquet,2614
00015001_000,00015001_000.jpg,val,0,No Finding,15001,0,55,F,PA,2992,2989,train,data/train-00017-of-00032.parquet,2630
00015002_000,00015002_000.jpg,train,0,No Finding,15002,0,56,M,PA,2986,2991,train,data/train-00017-of-00032.parquet,2631
00015004_000,00015004_000.jpg,train,0,Atelectasis|Effusion,15004,0,58,F,PA,2048,2500,train,data/train-00017-of-00032.parquet,2636
00015005_001,00015005_001.jpg,val,0,Atelectasis,15005,1,63,F,PA,2908,2808,train,data/train-00017-of-00032.parquet,2638
00015008_001,00015008_001.jpg,train,0,No Finding,15008,1,34,F,AP,2500,2048,train,data/train-00017-of-00032.parquet,2641
00015008_002,00015008_002.jpg,train,0,No Finding,15008,2,34,F,AP,2500,2048,train,data/train-00017-of-00032.parquet,2642
00015011_000,00015011_000.jpg,val,1,Effusion|Infiltration|Pneumothorax,15011,0,72,M,AP,2500,2048,train,data/train-00017-of-00032.parquet,2657
00015013_000,00015013_000.jpg,train,0,No Finding,15013,0,45,F,PA,2568,2874,train,data/train-00017-of-00032.parquet,2659
00015021_000,00015021_000.jpg,train,0,No Finding,15021,0,40,M,PA,3056,2544,train,data/train-00017-of-00032.parquet,2676
00015022_000,00015022_000.jpg,val,0,No Finding,15022,0,55,F,PA,2642,2991,train,data/train-00017-of-00032.parquet,2677
00015023_003,00015023_003.jpg,train,1,Pneumothorax,15023,3,37,M,AP,2500,2048,train,data/train-00017-of-00032.parquet,2681
00015024_002,00015024_002.jpg,train,0,No Finding,15024,2,21,M,AP,2500,2048,train,data/train-00017-of-00032.parquet,2691
00015026_000,00015026_000.jpg,val,0,No Finding,15026,0,67,M,PA,2992,2991,train,data/train-00017-of-00032.parquet,2698
00015026_001,00015026_001.jpg,val,0,No Finding,15026,1,67,M,AP,2500,2048,train,data/train-00017-of-00032.parquet,2699
00015044_015,00015044_015.jpg,train,1,Effusion|Pneumothorax,15044,15,42,M,PA,2890,2991,train,data/train-00018-of-00032.parquet,123
00015044_016,00015044_016.jpg,train,1,Effusion|Mass|Pneumothorax,15044,16,42,M,PA,2992,2991,train,data/train-00018-of-00032.parquet,124
00015046_000,00015046_000.jpg,train,0,No Finding,15046,0,27,F,PA,2526,2449,train,data/train-00018-of-00032.parquet,150
00015081_001,00015081_001.jpg,train,0,Consolidation|Nodule,15081,1,52,M,PA,2822,2991,train,data/train-00018-of-00032.parquet,226
00015085_000,00015085_000.jpg,train,0,Effusion,15085,0,52,F,PA,2736,2685,train,data/train-00018-of-00032.parquet,254
00015087_002,00015087_002.jpg,train,0,Atelectasis|Consolidation|Infiltration,15087,2,65,M,PA,2992,2991,train,data/train-00018-of-00032.parquet,258
00015102_002,00015102_002.jpg,train,0,No Finding,15102,2,48,F,PA,2992,2991,train,data/train-00018-of-00032.parquet,285
00015108_003,00015108_003.jpg,train,1,Mass|Pneumothorax,15108,3,23,M,AP,2500,2048,train,data/train-00018-of-00032.parquet,294
00015108_004,00015108_004.jpg,train,1,Mass|Nodule|Pneumothorax,15108,4,23,M,PA,2992,2991,train,data/train-00018-of-00032.parquet,295
00015110_000,00015110_000.jpg,train,0,No Finding,15110,0,33,M,PA,2992,2991,train,data/train-00018-of-00032.parquet,301
00015112_004,00015112_004.jpg,train,1,Effusion|Pneumothorax,15112,4,54,M,PA,2992,2991,train,data/train-00018-of-00032.parquet,307
00015112_006,00015112_006.jpg,train,1,Atelectasis|Effusion|Nodule|Pneumothorax,15112,6,54,M,PA,2992,2991,train,data/train-00018-of-00032.parquet,309
00015131_000,00015131_000.jpg,train,0,Mass,15131,0,48,M,PA,2992,2991,train,data/train-00018-of-00032.parquet,361
00015136_003,00015136_003.jpg,train,1,Effusion|Pneumothorax,15136,3,60,F,PA,2500,2048,train,data/train-00018-of-00032.parquet,374
00015136_005,00015136_005.jpg,train,1,Atelectasis|Effusion|Infiltration|Pneumothorax,15136,5,60,F,PA,2992,2991,train,data/train-00018-of-00032.parquet,376
00015146_000,00015146_000.jpg,train,0,No Finding,15146,0,64,F,PA,2992,2991,train,data/train-00018-of-00032.parquet,397
00015173_005,00015173_005.jpg,train,1,Fibrosis|Nodule|Pneumothorax,15173,5,31,M,PA,2990,2991,train,data/train-00018-of-00032.parquet,506
00015173_012,00015173_012.jpg,train,1,Effusion|Nodule|Pneumothorax,15173,12,32,M,AP,2500,2048,train,data/train-00018-of-00032.parquet,513
00015183_000,00015183_000.jpg,train,0,No Finding,15183,0,29,M,PA,2986,2981,train,data/train-00018-of-00032.parquet,530
00015184_000,00015184_000.jpg,train,0,No Finding,15184,0,55,F,PA,2650,2601,train,data/train-00018-of-00032.parquet,531
00015193_003,00015193_003.jpg,train,0,No Finding,15193,1,26,M,AP,2500,2048,train,data/train-00018-of-00032.parquet,556
00015197_000,00015197_000.jpg,train,0,No Finding,15197,0,45,F,PA,2992,2991,train,data/train-00018-of-00032.parquet,586
00015204_000,00015204_000.jpg,train,0,No Finding,15204,0,38,M,PA,2992,2991,train,data/train-00018-of-00032.parquet,606
00015206_000,00015206_000.jpg,train,0,No Finding,15206,0,38,F,PA,2654,2757,train,data/train-00018-of-00032.parquet,610
00015208_000,00015208_000.jpg,train,0,No Finding,15208,0,35,F,PA,2746,2991,train,data/train-00018-of-00032.parquet,614
00015209_000,00015209_000.jpg,val,0,No Finding,15209,0,18,M,PA,2618,2991,train,data/train-00018-of-00032.parquet,615
00015214_008,00015214_008.jpg,train,1,Pneumothorax,15214,8,51,M,AP,2500,2048,train,data/train-00018-of-00032.parquet,637
00015214_009,00015214_009.jpg,train,1,Pneumothorax,15214,9,51,M,AP,2500,2048,train,data/train-00018-of-00032.parquet,638
00015214_010,00015214_010.jpg,train,1,Pneumothorax,15214,10,51,M,AP,2500,2048,train,data/train-00018-of-00032.parquet,639
00015217_000,00015217_000.jpg,train,0,No Finding,15217,1,20,M,PA,2992,2991,train,data/train-00018-of-00032.parquet,648
00015218_000,00015218_000.jpg,train,0,No Finding,15218,0,66,M,PA,2992,2991,train,data/train-00018-of-00032.parquet,650
00015221_000,00015221_000.jpg,train,0,No Finding,15221,0,48,M,PA,2694,2991,train,data/train-00018-of-00032.parquet,660
00015225_000,00015225_000.jpg,val,0,Pleural_Thickening,15225,0,48,M,PA,2992,2991,train,data/train-00018-of-00032.parquet,675
00015228_001,00015228_001.jpg,val,0,No Finding,15228,1,45,F,PA,2866,2509,train,data/train-00018-of-00032.parquet,680
00015228_002,00015228_002.jpg,val,1,Pneumothorax,15228,2,45,F,PA,2486,2991,train,data/train-00018-of-00032.parquet,681
00015231_001,00015231_001.jpg,train,0,No Finding,15231,1,24,F,PA,2992,2991,train,data/train-00018-of-00032.parquet,685
00015246_001,00015246_001.jpg,train,0,No Finding,15246,1,57,M,PA,2992,2991,train,data/train-00018-of-00032.parquet,716
00015252_000,00015252_000.jpg,train,0,No Finding,15252,0,61,F,PA,2992,2991,train,data/train-00018-of-00032.parquet,734
00015257_000,00015257_000.jpg,train,0,No Finding,15257,0,45,M,PA,2500,2048,train,data/train-00018-of-00032.parquet,744
00015266_003,00015266_003.jpg,train,1,Effusion|Pneumothorax,15266,3,76,F,AP,2500,2048,train,data/train-00018-of-00032.parquet,755
00015268_000,00015268_000.jpg,train,0,Nodule,15268,0,55,F,PA,2992,2991,train,data/train-00018-of-00032.parquet,775
00015269_000,00015269_000.jpg,train,0,No Finding,15269,0,37,F,PA,2992,2991,train,data/train-00018-of-00032.parquet,779
00015272_000,00015272_000.jpg,train,0,Atelectasis,15272,0,30,F,PA,2778,2186,train,data/train-00018-of-00032.parquet,782
00015275_003,00015275_003.jpg,train,0,No Finding,15275,0,44,M,PA,2982,2991,train,data/train-00018-of-00032.parquet,788
00015275_005,00015275_005.jpg,train,0,Infiltration,15275,2,44,M,AP,2500,2048,train,data/train-00018-of-00032.parquet,790
00015276_000,00015276_000.jpg,train,0,No Finding,15276,0,50,F,PA,2992,2991,train,data/train-00018-of-00032.parquet,805
00015277_000,00015277_000.jpg,train,0,No Finding,15277,0,59,M,PA,2500,2048,train,data/train-00018-of-00032.parquet,806
00015278_002,00015278_002.jpg,train,0,No Finding,15278,2,76,M,PA,2992,2991,train,data/train-00018-of-00032.parquet,809
00015284_002,00015284_002.jpg,train,1,Atelectasis|Effusion|Pneumothorax,15284,2,56,M,PA,2992,2991,train,data/train-00018-of-00032.parquet,826
00015284_004,00015284_004.jpg,train,1,Effusion|Pneumothorax,15284,4,56,M,AP,2500,2048,train,data/train-00018-of-00032.parquet,828
00015291_000,00015291_000.jpg,train,0,No Finding,15291,0,23,F,PA,2746,2991,train,data/train-00018-of-00032.parquet,845
00015302_000,00015302_000.jpg,train,0,No Finding,15302,0,48,F,PA,2992,2991,train,data/train-00018-of-00032.parquet,855
00015319_000,00015319_000.jpg,train,0,Emphysema,15319,0,54,M,PA,2500,2048,train,data/train-00018-of-00032.parquet,885
00015360_010,00015360_010.jpg,train,1,Effusion|Pneumothorax,15360,3,48,F,PA,2992,2991,train,data/train-00018-of-00032.parquet,1011
00015360_011,00015360_011.jpg,train,1,Effusion|Pneumothorax,15360,4,48,F,PA,2426,2549,train,data/train-00018-of-00032.parquet,1012
00015364_001,00015364_001.jpg,train,0,Nodule,15364,1,57,M,PA,2500,2048,train,data/train-00018-of-00032.parquet,1019
00015365_002,00015365_002.jpg,train,0,Atelectasis,15365,2,58,M,AP,2500,2048,train,data/train-00018-of-00032.parquet,1022
00015367_000,00015367_000.jpg,train,0,No Finding,15367,0,46,F,PA,2570,2750,train,data/train-00018-of-00032.parquet,1024
00015368_000,00015368_000.jpg,train,0,No Finding,15368,0,39,F,PA,2992,2991,train,data/train-00018-of-00032.parquet,1025
00015369_001,00015369_001.jpg,train,0,Mass,15369,1,47,F,AP,3056,2544,train,data/train-00018-of-00032.parquet,1027
00015374_000,00015374_000.jpg,train,0,Effusion|Nodule,15374,0,31,F,PA,2992,2991,train,data/train-00018-of-00032.parquet,1050
00015375_001,00015375_001.jpg,train,0,Pleural_Thickening,15375,1,74,M,PA,2992,2991,train,data/train-00018-of-00032.parquet,1052
00015384_003,00015384_003.jpg,train,1,Atelectasis|Mass|Pneumothorax,15384,3,60,F,PA,2798,2991,train,data/train-00018-of-00032.parquet,1112
00015384_005,00015384_005.jpg,train,1,Atelectasis|Effusion|Pneumothorax,15384,5,60,F,PA,2992,2991,train,data/train-00018-of-00032.parquet,1114
00015385_000,00015385_000.jpg,train,0,Atelectasis,15385,0,39,F,PA,2992,2991,train,data/train-00018-of-00032.parquet,1120
00015389_000,00015389_000.jpg,train,0,No Finding,15389,0,45,F,PA,2678,2991,train,data/train-00018-of-00032.parquet,1126
00015392_000,00015392_000.jpg,train,0,No Finding,15392,0,37,M,PA,2992,2991,train,data/train-00018-of-00032.parquet,1134
00015401_001,00015401_001.jpg,train,0,No Finding,15401,1,58,M,AP,2500,2048,train,data/train-00018-of-00032.parquet,1157
00015406_001,00015406_001.jpg,train,0,Consolidation|Infiltration,15406,1,37,M,AP,2500,2048,train,data/train-00018-of-00032.parquet,1190
00015411_000,00015411_000.jpg,val,0,No Finding,15411,0,74,M,PA,2992,2991,train,data/train-00018-of-00032.parquet,1208
00015411_001,00015411_001.jpg,val,0,No Finding,15411,1,74,M,PA,2500,2048,train,data/train-00018-of-00032.parquet,1209
00015415_000,00015415_000.jpg,train,0,No Finding,15415,0,40,F,PA,2624,2742,train,data/train-00018-of-00032.parquet,1235
00015419_000,00015419_000.jpg,train,0,No Finding,15419,0,54,F,PA,2048,2500,train,data/train-00018-of-00032.parquet,1246
00015420_004,00015420_004.jpg,train,1,Pneumothorax,15420,2,45,M,PA,2798,2985,train,data/train-00018-of-00032.parquet,1251
00015420_005,00015420_005.jpg,train,1,Pneumothorax,15420,3,45,M,PA,2992,2991,train,data/train-00018-of-00032.parquet,1252
00015423_001,00015423_001.jpg,train,1,Effusion|Infiltration|Mass|Pneumothorax,15423,1,32,F,PA,2566,2737,train,data/train-00018-of-00032.parquet,1258
00015423_004,00015423_004.jpg,train,1,Pneumothorax,15423,4,32,F,PA,2992,2991,train,data/train-00018-of-00032.parquet,1261
00015423_005,00015423_005.jpg,train,1,Atelectasis|Pneumothorax,15423,5,32,F,PA,2992,2991,train,data/train-00018-of-00032.parquet,1262
00015424_000,00015424_000.jpg,train,0,Infiltration,15424,0,53,M,PA,2500,2048,train,data/train-00018-of-00032.parquet,1264
00015431_000,00015431_000.jpg,train,0,No Finding,15431,0,27,M,PA,2021,2021,train,data/train-00018-of-00032.parquet,1275
00015435_000,00015435_000.jpg,train,0,No Finding,15435,0,31,M,PA,2992,2991,train,data/train-00018-of-00032.parquet,1279
00015435_001,00015435_001.jpg,train,0,No Finding,15435,1,32,M,PA,2990,2991,train,data/train-00018-of-00032.parquet,1280
00015437_000,00015437_000.jpg,train,0,Infiltration|Nodule,15437,0,32,M,AP,2500,2048,train,data/train-00018-of-00032.parquet,1282
00015439_000,00015439_000.jpg,val,0,Atelectasis|Fibrosis|Nodule,15439,1,75,F,PA,2021,2021,train,data/train-00018-of-00032.parquet,1284
00015439_001,00015439_001.jpg,val,1,Pneumothorax,15439,0,68,F,PA,2818,2991,train,data/train-00018-of-00032.parquet,1285
00015443_002,00015443_002.jpg,train,0,No Finding,15443,2,52,M,AP,2500,2048,train,data/train-00018-of-00032.parquet,1289
00015490_001,00015490_001.jpg,train,0,No Finding,15490,1,53,F,PA,2638,2677,train,data/train-00018-of-00032.parquet,1407
00015492_002,00015492_002.jpg,train,1,Pneumothorax,15492,0,48,F,PA,2992,2991,train,data/train-00018-of-00032.parquet,1413
00015494_003,00015494_003.jpg,train,0,Effusion,15494,2,76,F,PA,2836,2795,train,data/train-00018-of-00032.parquet,1421
00015495_015,00015495_015.jpg,train,1,Mass|Pneumothorax,15495,15,56,F,PA,2992,2991,train,data/train-00018-of-00032.parquet,1438
00015504_000,00015504_000.jpg,train,0,No Finding,15504,0,38,M,PA,2588,2060,train,data/train-00018-of-00032.parquet,1464
00015505_000,00015505_000.jpg,train,0,No Finding,15505,0,24,M,AP,2500,2048,train,data/train-00018-of-00032.parquet,1465
00015507_000,00015507_000.jpg,train,0,No Finding,15507,0,65,F,PA,2546,2596,train,data/train-00018-of-00032.parquet,1472
00015514_000,00015514_000.jpg,train,0,No Finding,15514,0,36,M,PA,2992,2991,train,data/train-00018-of-00032.parquet,1486
00015523_004,00015523_004.jpg,val,1,Pneumothorax,15523,3,19,M,PA,2486,2991,train,data/train-00018-of-00032.parquet,1512
00015523_005,00015523_005.jpg,val,1,Consolidation|Mass|Pneumothorax,15523,4,19,M,PA,2550,2933,train,data/train-00018-of-00032.parquet,1513
00015523_006,00015523_006.jpg,val,1,Atelectasis|Consolidation|Pneumothorax,15523,5,19,M,PA,2234,2677,train,data/train-00018-of-00032.parquet,1514
00015529_000,00015529_000.jpg,val,0,No Finding,15529,0,64,M,PA,2992,2991,train,data/train-00018-of-00032.parquet,1528
00015533_000,00015533_000.jpg,val,0,No Finding,15533,0,33,F,PA,2500,2048,train,data/train-00018-of-00032.parquet,1532
00015536_000,00015536_000.jpg,train,0,No Finding,15536,0,23,F,PA,2992,2991,train,data/train-00018-of-00032.parquet,1535
00015543_000,00015543_000.jpg,val,0,No Finding,15543,0,42,F,PA,2500,2048,train,data/train-00018-of-00032.parquet,1557
00015547_000,00015547_000.jpg,val,0,No Finding,15547,0,73,M,PA,2842,2991,train,data/train-00018-of-00032.parquet,1567
00015554_000,00015554_000.jpg,train,0,Atelectasis,15554,0,66,M,PA,2500,2048,train,data/train-00018-of-00032.parquet,1587
00015556_007,00015556_007.jpg,train,1,Pneumothorax,15556,7,56,M,PA,2992,2991,train,data/train-00018-of-00032.parquet,1598
00015556_008,00015556_008.jpg,train,1,Pneumothorax,15556,8,56,M,PA,2500,2048,train,data/train-00018-of-00032.parquet,1599
00015581_011,00015581_011.jpg,val,1,Pneumothorax,15581,11,39,M,PA,2992,2991,train,data/train-00018-of-00032.parquet,1702
00015582_001,00015582_001.jpg,train,1,Mass|Pneumothorax,15582,1,80,M,PA,2992,2985,train,data/train-00018-of-00032.parquet,1704
00015582_002,00015582_002.jpg,train,1,Pneumothorax,15582,2,80,M,PA,2810,2991,train,data/train-00018-of-00032.parquet,1705
00015584_000,00015584_000.jpg,val,0,No Finding,15584,0,50,F,PA,2610,2991,train,data/train-00018-of-00032.parquet,1706
00015584_001,00015584_001.jpg,val,0,No Finding,15584,1,50,F,PA,2992,2991,train,data/train-00018-of-00032.parquet,1707
00015584_002,00015584_002.jpg,val,0,No Finding,15584,2,50,F,AP,2500,2048,train,data/train-00018-of-00032.parquet,1708
00015593_000,00015593_000.jpg,train,0,No Finding,15593,0,69,M,PA,2500,2048,train,data/train-00018-of-00032.parquet,1738
00015598_000,00015598_000.jpg,train,0,No Finding,15598,0,38,F,PA,2992,2991,train,data/train-00018-of-00032.parquet,1750
00015599_000,00015599_000.jpg,val,0,No Finding,15599,0,44,F,PA,2500,2048,train,data/train-00018-of-00032.parquet,1752
00015601_000,00015601_000.jpg,train,0,No Finding,15601,0,62,M,PA,2992,2991,train,data/train-00018-of-00032.parquet,1758
00015604_000,00015604_000.jpg,train,0,Cardiomegaly,15604,0,53,F,PA,2614,2991,train,data/train-00018-of-00032.parquet,1761
00015640_001,00015640_001.jpg,train,0,No Finding,15640,1,42,M,AP,2500,2048,train,data/train-00018-of-00032.parquet,1907
00015640_002,00015640_002.jpg,train,0,No Finding,15640,2,43,M,AP,2500,2048,train,data/train-00018-of-00032.parquet,1908
00015641_002,00015641_002.jpg,train,0,No Finding,15641,2,67,F,AP,2500,2048,train,data/train-00018-of-00032.parquet,1921
00015643_002,00015643_002.jpg,train,0,Nodule,15643,2,47,M,PA,2992,2991,train,data/train-00018-of-00032.parquet,1934
00015651_001,00015651_001.jpg,train,0,Atelectasis,15651,1,55,M,PA,2820,2496,train,data/train-00018-of-00032.parquet,1990
00015653_005,00015653_005.jpg,train,1,Pneumothorax,15653,5,55,F,PA,2992,2991,train,data/train-00018-of-00032.parquet,1997
00015654_002,00015654_002.jpg,train,1,Pneumothorax,15654,2,44,F,PA,2854,2991,train,data/train-00018-of-00032.parquet,2001
00015658_000,00015658_000.jpg,train,0,Effusion|Pleural_Thickening,15658,0,51,M,PA,2992,2991,train,data/train-00018-of-00032.parquet,2010
00015661_000,00015661_000.jpg,train,0,Atelectasis|Effusion,15661,0,27,M,PA,2890,2991,train,data/train-00018-of-00032.parquet,2042
00015664_000,00015664_000.jpg,train,0,No Finding,15664,0,37,F,PA,2048,2500,train,data/train-00018-of-00032.parquet,2047
00015679_001,00015679_001.jpg,train,0,Infiltration,15679,1,63,M,PA,2992,2991,train,data/train-00018-of-00032.parquet,2072
00015760_001,00015760_001.jpg,train,0,Infiltration,15760,1,58,M,AP,2500,2048,train,data/train-00018-of-00032.parquet,2313
00015761_000,00015761_000.jpg,val,0,No Finding,15761,0,28,F,PA,2021,2021,train,data/train-00018-of-00032.parquet,2316
00015764_004,00015764_004.jpg,train,1,Pneumothorax,15764,2,44,F,PA,2544,3056,train,data/train-00018-of-00032.parquet,2324
00015767_000,00015767_000.jpg,val,0,Mass,15767,0,36,M,PA,2910,2991,train,data/train-00018-of-00032.parquet,2327
00015768_002,00015768_002.jpg,train,0,Infiltration,15768,2,44,M,AP,2500,2048,train,data/train-00018-of-00032.parquet,2330
00015773_000,00015773_000.jpg,train,0,No Finding,15773,0,56,F,PA,2992,2991,train,data/train-00018-of-00032.parquet,2341
00015780_000,00015780_000.jpg,train,0,No Finding,15780,0,24,M,PA,2048,2500,train,data/train-00018-of-00032.parquet,2347
00015787_000,00015787_000.jpg,val,0,No Finding,15787,0,35,M,PA,2666,2991,train,data/train-00018-of-00032.parquet,2357
00015788_000,00015788_000.jpg,train,0,No Finding,15788,0,61,M,PA,2992,2991,train,data/train-00018-of-00032.parquet,2358
00015795_003,00015795_003.jpg,train,0,No Finding,15795,1,29,F,PA,2902,2991,train,data/train-00018-of-00032.parquet,2375
00015796_000,00015796_000.jpg,val,0,Atelectasis,15796,0,20,F,PA,2048,2500,train,data/train-00018-of-00032.parquet,2377
00015798_000,00015798_000.jpg,train,0,No Finding,15798,0,61,F,PA,2992,2991,train,data/train-00018-of-00032.parquet,2379
00015800_000,00015800_000.jpg,val,0,No Finding,15800,0,44,F,PA,2048,2500,train,data/train-00018-of-00032.parquet,2380
00015803_008,00015803_008.jpg,val,1,Atelectasis|Pneumothorax,15803,8,64,F,PA,2990,2991,train,data/train-00018-of-00032.parquet,2392
00015806_001,00015806_001.jpg,val,0,No Finding,15806,1,36,M,AP,2500,2048,train,data/train-00018-of-00032.parquet,2399
00015835_000,00015835_000.jpg,train,0,No Finding,15835,0,45,F,PA,2500,2048,train,data/train-00018-of-00032.parquet,2538
00015837_000,00015837_000.jpg,train,0,Emphysema,15837,0,68,M,PA,2346,2991,train,data/train-00018-of-00032.parquet,2540
00015845_000,00015845_000.jpg,train,1,Effusion|Infiltration|Mass|Pneumothorax,15845,0,79,F,AP,2500,2048,train,data/train-00018-of-00032.parquet,2553
00015845_003,00015845_003.jpg,train,0,Atelectasis|Effusion,15845,2,79,F,AP,2500,2048,train,data/train-00018-of-00032.parquet,2556
00015848_002,00015848_002.jpg,train,1,Pneumothorax,15848,2,59,M,AP,2500,2048,train,data/train-00018-of-00032.parquet,2576
00015852_001,00015852_001.jpg,train,0,No Finding,15852,1,44,F,PA,2992,2991,train,data/train-00018-of-00032.parquet,2583
00015854_000,00015854_000.jpg,train,0,No Finding,15854,0,26,F,PA,2021,2021,train,data/train-00018-of-00032.parquet,2595
00016042_006,00016042_006.jpg,train,1,Pneumothorax,16042,2,37,F,PA,2992,2991,train,data/train-00019-of-00032.parquet,413
00016043_000,00016043_000.jpg,train,0,No Finding,16043,0,40,F,AP,2500,2048,train,data/train-00019-of-00032.parquet,415
00016043_002,00016043_002.jpg,train,0,No Finding,16043,2,40,F,PA,2992,2991,train,data/train-00019-of-00032.parquet,417
00016047_000,00016047_000.jpg,train,0,No Finding,16047,0,63,M,PA,2992,2991,train,data/train-00019-of-00032.parquet,425
00016048_000,00016048_000.jpg,train,0,No Finding,16048,0,62,M,PA,2992,2991,train,data/train-00019-of-00032.parquet,429
00016051_002,00016051_002.jpg,train,1,Pneumothorax,16051,2,29,F,AP,2500,2048,train,data/train-00019-of-00032.parquet,436
00016051_003,00016051_003.jpg,train,1,Pneumothorax,16051,3,29,F,AP,2500,2048,train,data/train-00019-of-00032.parquet,437
00016051_005,00016051_005.jpg,train,1,Mass|Pleural_Thickening|Pneumothorax,16051,5,29,F,PA,2992,2991,train,data/train-00019-of-00032.parquet,439
00016052_009,00016052_009.jpg,train,1,Pneumothorax,16052,2,57,M,PA,2992,2991,train,data/train-00019-of-00032.parquet,468
00016056_000,00016056_000.jpg,train,0,No Finding,16056,0,59,M,PA,2992,2991,train,data/train-00019-of-00032.parquet,490
00016096_000,00016096_000.jpg,train,0,Infiltration,16096,0,64,M,PA,2992,2991,train,data/train-00019-of-00032.parquet,607
00016103_001,00016103_001.jpg,train,0,No Finding,16103,1,65,M,AP,2500,2048,train,data/train-00019-of-00032.parquet,626
00016107_000,00016107_000.jpg,train,0,No Finding,16107,0,53,F,PA,2974,2991,train,data/train-00019-of-00032.parquet,643
00016109_012,00016109_012.jpg,train,1,Atelectasis|Pneumothorax,16109,12,49,F,AP,2500,2048,train,data/train-00019-of-00032.parquet,657
00016111_000,00016111_000.jpg,train,0,Cardiomegaly|Edema|Effusion,16111,0,45,F,PA,2021,2021,train,data/train-00019-of-00032.parquet,662
00016112_000,00016112_000.jpg,train,0,No Finding,16112,0,44,M,PA,2772,2864,train,data/train-00019-of-00032.parquet,663
00016115_000,00016115_000.jpg,train,0,No Finding,16115,0,29,F,PA,2021,2021,train,data/train-00019-of-00032.parquet,666
00016122_007,00016122_007.jpg,train,1,Pneumothorax,16122,7,49,F,PA,2758,2991,train,data/train-00019-of-00032.parquet,684
00016122_008,00016122_008.jpg,train,1,Pneumothorax,16122,8,49,F,PA,2892,2982,train,data/train-00019-of-00032.parquet,685
00016140_002,00016140_002.jpg,train,0,No Finding,16140,2,49,M,PA,2048,2500,train,data/train-00019-of-00032.parquet,737
00016141_001,00016141_001.jpg,train,0,Effusion|Infiltration,16141,1,37,F,PA,2992,2991,train,data/train-00019-of-00032.parquet,740
00016142_052,00016142_052.jpg,train,1,Effusion|Pneumothorax,16142,38,18,M,PA,2544,3056,train,data/train-00019-of-00032.parquet,794
00016244_005,00016244_005.jpg,train,0,Fibrosis,16244,0,56,F,PA,2500,2048,train,data/train-00019-of-00032.parquet,1104
00016244_006,00016244_006.jpg,train,0,No Finding,16244,1,56,F,PA,2992,2991,train,data/train-00019-of-00032.parquet,1105
00016247_000,00016247_000.jpg,train,0,No Finding,16247,0,36,F,PA,2730,2701,train,data/train-00019-of-00032.parquet,1110
00016249_001,00016249_001.jpg,train,0,Pleural_Thickening,16249,1,50,M,PA,2922,2991,train,data/train-00019-of-00032.parquet,1113
00016256_000,00016256_000.jpg,train,0,No Finding,16256,0,24,M,PA,2992,2991,train,data/train-00019-of-00032.parquet,1121
00016256_002,00016256_002.jpg,train,0,Atelectasis,16256,2,26,M,PA,3004,2177,train,data/train-00019-of-00032.parquet,1123
00016259_000,00016259_000.jpg,train,0,No Finding,16259,0,50,M,PA,2850,2991,train,data/train-00019-of-00032.parquet,1126
00016265_000,00016265_000.jpg,train,0,No Finding,16265,0,51,F,PA,2538,2991,train,data/train-00019-of-00032.parquet,1134
00016265_001,00016265_001.jpg,train,1,Pneumothorax,16265,1,53,F,PA,2710,2991,train,data/train-00019-of-00032.parquet,1135
00016273_000,00016273_000.jpg,train,0,No Finding,16273,0,52,F,PA,2366,2581,train,data/train-00019-of-00032.parquet,1146
00016276_000,00016276_000.jpg,train,0,Mass,16276,0,53,F,PA,2606,2685,train,data/train-00019-of-00032.parquet,1149
00016278_000,00016278_000.jpg,train,0,No Finding,16278,0,32,M,PA,2992,2991,train,data/train-00019-of-00032.parquet,1153
00016288_000,00016288_000.jpg,train,0,No Finding,16288,0,52,F,PA,2048,2500,train,data/train-00019-of-00032.parquet,1176
00016301_000,00016301_000.jpg,train,0,No Finding,16301,0,54,M,PA,2992,2991,train,data/train-00019-of-00032.parquet,1196
00016308_000,00016308_000.jpg,train,0,Effusion,16308,0,45,M,AP,2500,2048,train,data/train-00019-of-00032.parquet,1211
00016309_000,00016309_000.jpg,train,0,Infiltration,16309,0,40,M,PA,2766,2565,train,data/train-00019-of-00032.parquet,1217
00016310_000,00016310_000.jpg,train,0,Atelectasis|Mass,16310,0,69,F,PA,2021,2021,train,data/train-00019-of-00032.parquet,1221
00016313_000,00016313_000.jpg,train,0,No Finding,16313,0,61,M,PA,2992,2991,train,data/train-00019-of-00032.parquet,1231
00016318_000,00016318_000.jpg,train,0,No Finding,16318,0,32,M,PA,2766,2840,train,data/train-00019-of-00032.parquet,1241
00016318_002,00016318_002.jpg,train,1,Atelectasis|Infiltration|Nodule|Pneumothorax,16318,2,32,M,PA,2992,2991,train,data/train-00019-of-00032.parquet,1243
00016318_004,00016318_004.jpg,train,1,Pneumothorax,16318,4,32,M,PA,2802,2991,train,data/train-00019-of-00032.parquet,1245
00016320_000,00016320_000.jpg,train,0,Infiltration,16320,0,19,M,AP,3056,2544,train,data/train-00019-of-00032.parquet,1249
00016323_000,00016323_000.jpg,train,0,No Finding,16323,0,47,F,PA,2334,2617,train,data/train-00019-of-00032.parquet,1252
00016325_001,00016325_001.jpg,train,0,Consolidation,16325,1,72,M,AP,2500,2048,train,data/train-00019-of-00032.parquet,1255
00016325_002,00016325_002.jpg,train,0,Atelectasis|Nodule|Pleural_Thickening,16325,2,72,M,PA,2992,2991,train,data/train-00019-of-00032.parquet,1256
00016327_000,00016327_000.jpg,train,0,Infiltration,16327,0,21,F,PA,2586,2821,train,data/train-00019-of-00032.parquet,1262
00016327_001,00016327_001.jpg,train,0,No Finding,16327,1,21,F,AP,3056,2544,train,data/train-00019-of-00032.parquet,1263
00016327_002,00016327_002.jpg,train,0,No Finding,16327,2,21,F,AP,3056,2544,train,data/train-00019-of-00032.parquet,1264
00016333_007,00016333_007.jpg,train,0,No Finding,16333,2,46,M,AP,2500,2048,train,data/train-00019-of-00032.parquet,1281
00016335_000,00016335_000.jpg,train,0,Consolidation|Effusion,16335,0,84,M,PA,2814,2991,train,data/train-00019-of-00032.parquet,1288
00016339_000,00016339_000.jpg,train,0,No Finding,16339,0,48,M,PA,2992,2991,train,data/train-00019-of-00032.parquet,1294
00016410_037,00016410_037.jpg,val,1,Infiltration|Mass|Pneumothorax,16410,39,42,F,AP,2500,2048,train,data/train-00019-of-00032.parquet,1552
00016410_038,00016410_038.jpg,val,1,Pneumothorax,16410,37,42,F,AP,2500,2048,train,data/train-00019-of-00032.parquet,1553
00016410_039,00016410_039.jpg,val,1,Emphysema|Infiltration|Mass|Pneumothorax,16410,38,42,F,AP,2500,2048,train,data/train-00019-of-00032.parquet,1554
00016412_000,00016412_000.jpg,train,0,No Finding,16412,0,38,M,PA,2500,2048,train,data/train-00019-of-00032.parquet,1577
00016422_003,00016422_003.jpg,train,1,Pneumothorax,16422,3,36,F,PA,2992,2991,train,data/train-00019-of-00032.parquet,1593
00016478_001,00016478_001.jpg,val,0,No Finding,16478,1,35,F,PA,2992,2991,train,data/train-00019-of-00032.parquet,1723
00016478_002,00016478_002.jpg,val,0,No Finding,16478,2,35,F,AP,2500,2048,train,data/train-00019-of-00032.parquet,1724
00016486_011,00016486_011.jpg,val,1,Pneumothorax,16486,11,34,F,PA,2992,2991,train,data/train-00019-of-00032.parquet,1789
00016492_001,00016492_001.jpg,train,0,No Finding,16492,1,47,F,PA,2574,2529,train,data/train-00019-of-00032.parquet,1809
00016496_002,00016496_002.jpg,train,0,No Finding,16496,1,71,F,AP,2500,2048,train,data/train-00019-of-00032.parquet,1821
00016498_001,00016498_001.jpg,train,0,No Finding,16498,1,38,F,PA,2414,2597,train,data/train-00019-of-00032.parquet,1830
00016514_000,00016514_000.jpg,train,0,No Finding,16514,0,64,F,PA,2678,2991,train,data/train-00019-of-00032.parquet,1852
00016521_000,00016521_000.jpg,train,0,No Finding,16521,0,73,M,PA,2982,2991,train,data/train-00019-of-00032.parquet,1863
00016521_005,00016521_005.jpg,train,1,Atelectasis|Consolidation|Mass|Nodule|Pneumothorax,16521,5,73,M,PA,2990,2991,train,data/train-00019-of-00032.parquet,1868
00016533_000,00016533_000.jpg,train,0,No Finding,16533,0,57,F,PA,2992,2991,train,data/train-00019-of-00032.parquet,1897
00016577_005,00016577_005.jpg,train,1,Infiltration|Pneumothorax,16577,5,58,M,PA,2992,2991,train,data/train-00019-of-00032.parquet,2005
00016585_000,00016585_000.jpg,train,0,No Finding,16585,0,27,F,PA,2686,2991,train,data/train-00019-of-00032.parquet,2028
00016608_000,00016608_000.jpg,train,0,Cardiomegaly,16608,0,33,F,PA,2992,2991,train,data/train-00019-of-00032.parquet,2071
00016609_000,00016609_000.jpg,train,0,No Finding,16609,0,54,M,PA,2666,2561,train,data/train-00019-of-00032.parquet,2072
00016610_000,00016610_000.jpg,train,0,No Finding,16610,0,63,M,PA,2662,2592,train,data/train-00019-of-00032.parquet,2073
00016611_000,00016611_000.jpg,train,0,No Finding,16611,0,51,F,PA,2992,2991,train,data/train-00019-of-00032.parquet,2074
00016616_000,00016616_000.jpg,train,0,No Finding,16616,0,58,M,PA,2886,2991,train,data/train-00019-of-00032.parquet,2089
00016623_002,00016623_002.jpg,train,1,Atelectasis|Infiltration|Pneumothorax,16623,2,83,M,PA,2990,2991,train,data/train-00019-of-00032.parquet,2120
00016623_005,00016623_005.jpg,train,1,Atelectasis|Effusion|Pneumothorax,16623,5,83,M,PA,2990,2991,train,data/train-00019-of-00032.parquet,2123
00016626_000,00016626_000.jpg,train,0,No Finding,16626,1,48,F,PA,2021,2021,train,data/train-00019-of-00032.parquet,2126
00016630_001,00016630_001.jpg,train,0,No Finding,16630,0,29,M,AP,2500,2048,train,data/train-00019-of-00032.parquet,2132
00016634_000,00016634_000.jpg,train,0,No Finding,16634,0,54,M,PA,2686,2991,train,data/train-00019-of-00032.parquet,2154
00016634_001,00016634_001.jpg,train,0,No Finding,16634,1,54,M,AP,2500,2048,train,data/train-00019-of-00032.parquet,2155
00016634_002,00016634_002.jpg,train,0,No Finding,16634,2,54,M,AP,2500,2048,train,data/train-00019-of-00032.parquet,2156
00016639_000,00016639_000.jpg,train,0,Cardiomegaly,16639,0,23,M,PA,2048,2500,train,data/train-00019-of-00032.parquet,2171
00016639_002,00016639_002.jpg,train,0,No Finding,16639,2,23,M,PA,2992,2991,train,data/train-00019-of-00032.parquet,2173
00016642_000,00016642_000.jpg,train,1,Nodule|Pneumothorax,16642,1,40,F,PA,1747,2021,train,data/train-00019-of-00032.parquet,2176
00016642_002,00016642_002.jpg,train,1,Pneumothorax,16642,3,40,F,PA,2021,2021,train,data/train-00019-of-00032.parquet,2178
00016646_002,00016646_002.jpg,train,0,No Finding,16646,2,46,M,PA,2992,2991,train,data/train-00019-of-00032.parquet,2195
00016655_000,00016655_000.jpg,train,0,Nodule,16655,0,50,F,PA,2992,2991,train,data/train-00019-of-00032.parquet,2222
00016660_002,00016660_002.jpg,train,0,No Finding,16660,0,48,F,PA,2550,2395,train,data/train-00019-of-00032.parquet,2232
00016668_001,00016668_001.jpg,train,0,No Finding,16668,1,63,M,AP,2500,2048,train,data/train-00019-of-00032.parquet,2250
00016669_000,00016669_000.jpg,train,0,No Finding,16669,0,60,F,PA,2992,2991,train,data/train-00019-of-00032.parquet,2256
00016669_001,00016669_001.jpg,train,0,Atelectasis|Effusion,16669,2,60,F,PA,2992,2991,train,data/train-00019-of-00032.parquet,2257
00016669_002,00016669_002.jpg,train,0,Atelectasis,16669,1,60,F,AP,2500,2048,train,data/train-00019-of-00032.parquet,2258
00016674_000,00016674_000.jpg,train,0,No Finding,16674,0,58,F,PA,2828,2569,train,data/train-00019-of-00032.parquet,2287
00016677_000,00016677_000.jpg,train,1,Effusion|Fibrosis|Pneumothorax,16677,2,49,F,PA,2992,2991,train,data/train-00019-of-00032.parquet,2291
00016742_000,00016742_000.jpg,val,0,No Finding,16742,0,68,M,PA,2992,2991,train,data/train-00019-of-00032.parquet,2448
00016757_000,00016757_000.jpg,val,0,Fibrosis,16757,0,49,F,PA,2990,2825,train,data/train-00019-of-00032.parquet,2495
00016757_003,00016757_003.jpg,val,1,Mass|Pneumothorax,16757,3,49,F,PA,2650,2991,train,data/train-00019-of-00032.parquet,2498
00016759_000,00016759_000.jpg,train,0,No Finding,16759,0,22,F,PA,2338,2372,train,data/train-00019-of-00032.parquet,2500
00016761_000,00016761_000.jpg,train,0,No Finding,16761,0,33,F,PA,2390,2991,train,data/train-00019-of-00032.parquet,2503
00016762_001,00016762_001.jpg,train,0,No Finding,16762,1,64,M,PA,2992,2991,train,data/train-00019-of-00032.parquet,2505
00016769_000,00016769_000.jpg,train,0,No Finding,16769,0,69,F,PA,2454,2230,train,data/train-00019-of-00032.parquet,2515
00016772_024,00016772_024.jpg,train,1,Pneumothorax,16772,24,42,F,PA,2430,2713,train,data/train-00019-of-00032.parquet,2543
00016773_000,00016773_000.jpg,train,0,Mass,16773,0,62,F,PA,2992,2991,train,data/train-00019-of-00032.parquet,2548
00016773_003,00016773_003.jpg,train,1,Consolidation|Infiltration|Pneumothorax,16773,3,62,F,PA,2992,2991,train,data/train-00019-of-00032.parquet,2551
00016776_000,00016776_000.jpg,train,0,Atelectasis,16776,0,48,M,PA,2992,2991,train,data/train-00019-of-00032.parquet,2557
00016778_001,00016778_001.jpg,train,1,Consolidation|Pneumothorax,16778,8,25,M,PA,3056,2544,train,data/train-00019-of-00032.parquet,2560
00016782_002,00016782_002.jpg,train,0,No Finding,16782,2,66,M,AP,2500,2048,train,data/train-00019-of-00032.parquet,2620
00016784_001,00016784_001.jpg,train,0,No Finding,16784,1,29,M,AP,2500,2048,train,data/train-00019-of-00032.parquet,2623
00016789_001,00016789_001.jpg,train,0,No Finding,16789,0,34,M,PA,2992,2991,train,data/train-00019-of-00032.parquet,2641
00016793_000,00016793_000.jpg,train,0,Infiltration|Mass|Pneumonia,16793,0,57,M,PA,2992,2991,train,data/train-00019-of-00032.parquet,2664
00016795_000,00016795_000.jpg,train,0,No Finding,16795,0,72,M,PA,2992,2991,train,data/train-00019-of-00032.parquet,2668
00016796_005,00016796_005.jpg,train,1,Pneumothorax,16796,4,64,F,PA,2992,2991,train,data/train-00019-of-00032.parquet,2674
00016797_009,00016797_009.jpg,train,1,Effusion|Infiltration|Nodule|Pneumothorax,16797,9,73,F,PA,2992,2991,train,data/train-00019-of-00032.parquet,2693
00016797_010,00016797_010.jpg,train,1,Atelectasis|Effusion|Pneumothorax,16797,10,73,F,AP,2500,2048,train,data/train-00019-of-00032.parquet,2694
00016800_003,00016800_003.jpg,train,0,No Finding,16800,0,49,F,PA,2048,2500,train,data/train-00020-of-00032.parquet,14
00016800_004,00016800_004.jpg,train,0,No Finding,16800,1,49,F,AP,2500,2048,train,data/train-00020-of-00032.parquet,15
00016800_005,00016800_005.jpg,train,0,No Finding,16800,2,49,F,PA,2358,2588,train,data/train-00020-of-00032.parquet,16
00016802_010,00016802_010.jpg,train,1,Effusion|Pneumothorax,16802,10,49,F,PA,2946,2729,train,data/train-00020-of-00032.parquet,46
00016804_000,00016804_000.jpg,train,0,No Finding,16804,0,30,F,AP,2500,2048,train,data/train-00020-of-00032.parquet,48
00016805_003,00016805_003.jpg,val,1,Nodule|Pneumothorax,16805,3,66,F,PA,2992,2991,train,data/train-00020-of-00032.parquet,52
00016805_004,00016805_004.jpg,val,1,Atelectasis|Mass|Pleural_Thickening|Pneumothorax,16805,4,66,F,PA,2538,2991,train,data/train-00020-of-00032.parquet,53
00016805_005,00016805_005.jpg,val,1,Pneumothorax,16805,5,66,F,PA,2596,2546,train,data/train-00020-of-00032.parquet,54
00016806_000,00016806_000.jpg,val,0,No Finding,16806,0,20,F,AP,2500,2048,train,data/train-00020-of-00032.parquet,65
00016806_001,00016806_001.jpg,val,0,Atelectasis,16806,1,20,F,PA,2048,2500,train,data/train-00020-of-00032.parquet,66
00016806_002,00016806_002.jpg,val,0,No Finding,16806,2,20,F,PA,2642,2991,train,data/train-00020-of-00032.parquet,67
00016922_000,00016922_000.jpg,train,0,No Finding,16922,0,25,M,AP,2500,2048,train,data/train-00020-of-00032.parquet,421
00016930_008,00016930_008.jpg,train,0,No Finding,16930,1,23,F,PA,2746,2991,train,data/train-00020-of-00032.parquet,446
00016932_001,00016932_001.jpg,train,1,Pneumothorax,16932,1,24,M,PA,2992,2991,train,data/train-00020-of-00032.parquet,452
00016932_004,00016932_004.jpg,train,1,Pneumothorax,16932,4,24,M,PA,2992,2991,train,data/train-00020-of-00032.parquet,455
00016934_000,00016934_000.jpg,train,0,Consolidation|Nodule,16934,0,55,M,PA,2826,2991,train,data/train-00020-of-00032.parquet,456
00017007_004,00017007_004.jpg,train,0,No Finding,17007,1,59,M,PA,2992,2991,train,data/train-00020-of-00032.parquet,714
00017008_000,00017008_000.jpg,train,0,No Finding,17008,0,92,M,PA,2992,2991,train,data/train-00020-of-00032.parquet,715
00017024_001,00017024_001.jpg,train,0,No Finding,17024,1,18,F,AP,2500,2048,train,data/train-00020-of-00032.parquet,755
00017025_004,00017025_004.jpg,train,1,Atelectasis|Pneumothorax,17025,4,58,M,PA,2992,2991,train,data/train-00020-of-00032.parquet,760
00017031_000,00017031_000.jpg,train,0,Effusion|Mass|Nodule,17031,0,45,M,PA,2730,2991,train,data/train-00020-of-00032.parquet,774
00017046_001,00017046_001.jpg,train,1,Emphysema|Pneumothorax,17046,1,63,M,AP,2500,2048,train,data/train-00020-of-00032.parquet,810
00017046_003,00017046_003.jpg,train,1,Emphysema|Pneumothorax,17046,2,63,M,AP,2500,2048,train,data/train-00020-of-00032.parquet,812
00017046_004,00017046_004.jpg,train,1,Pneumothorax,17046,3,63,M,AP,2500,2048,train,data/train-00020-of-00032.parquet,813
00017051_001,00017051_001.jpg,train,0,Nodule,17051,1,46,F,AP,2500,2048,train,data/train-00020-of-00032.parquet,851
00017052_000,00017052_000.jpg,train,0,No Finding,17052,0,57,M,PA,2992,2991,train,data/train-00020-of-00032.parquet,855
00017055_002,00017055_002.jpg,train,0,Infiltration,17055,2,39,M,AP,2500,2048,train,data/train-00020-of-00032.parquet,862
00017057_000,00017057_000.jpg,train,0,No Finding,17057,0,42,M,PA,2992,2991,train,data/train-00020-of-00032.parquet,872
00017061_001,00017061_001.jpg,train,0,Atelectasis,17061,1,59,F,PA,2602,2577,train,data/train-00020-of-00032.parquet,878
00017061_003,00017061_003.jpg,train,0,No Finding,17061,2,60,F,AP,2500,2048,train,data/train-00020-of-00032.parquet,880
00017064_000,00017064_000.jpg,train,0,No Finding,17064,0,68,M,PA,2992,2991,train,data/train-00020-of-00032.parquet,885
00017064_001,00017064_001.jpg,train,0,Atelectasis|Infiltration,17064,1,68,M,AP,2500,2048,train,data/train-00020-of-00032.parquet,886
00017108_002,00017108_002.jpg,train,0,No Finding,17108,2,64,M,AP,2048,2500,train,data/train-00020-of-00032.parquet,1011
00017110_001,00017110_001.jpg,train,1,Pneumothorax,17110,0,59,F,PA,2048,2500,train,data/train-00020-of-00032.parquet,1017
00017110_002,00017110_002.jpg,train,1,Pneumothorax,17110,1,59,F,PA,2992,2991,train,data/train-00020-of-00032.parquet,1018
00017110_003,00017110_003.jpg,train,1,Pneumothorax,17110,2,59,F,PA,2992,2991,train,data/train-00020-of-00032.parquet,1019
00017113_000,00017113_000.jpg,train,0,No Finding,17113,0,72,F,PA,2048,2500,train,data/train-00020-of-00032.parquet,1055
00017118_000,00017118_000.jpg,train,0,No Finding,17118,0,43,F,PA,2992,2991,train,data/train-00020-of-00032.parquet,1070
00017126_002,00017126_002.jpg,train,0,Atelectasis,17126,1,53,M,AP,2500,2048,train,data/train-00020-of-00032.parquet,1087
00017133_004,00017133_004.jpg,val,1,Emphysema|Infiltration|Mass|Pneumothorax,17133,4,22,M,AP,2500,2048,train,data/train-00020-of-00032.parquet,1099
00017133_005,00017133_005.jpg,val,1,Emphysema|Infiltration|Pneumothorax,17133,5,22,M,AP,2500,2048,train,data/train-00020-of-00032.parquet,1100
00017133_006,00017133_006.jpg,val,1,Pneumothorax,17133,6,22,M,AP,2500,2048,train,data/train-00020-of-00032.parquet,1101
00017136_000,00017136_000.jpg,val,0,Atelectasis|Mass|Nodule,17136,0,52,M,PA,2992,2991,train,data/train-00020-of-00032.parquet,1111
00017136_001,00017136_001.jpg,val,0,Atelectasis|Mass,17136,1,52,M,PA,2992,2991,train,data/train-00020-of-00032.parquet,1112
00017136_002,00017136_002.jpg,val,0,Mass,17136,2,52,M,PA,2992,2991,train,data/train-00020-of-00032.parquet,1113
00017143_000,00017143_000.jpg,val,0,Cardiomegaly|Effusion,17143,0,32,F,AP,2500,2048,train,data/train-00020-of-00032.parquet,1138
00017143_001,00017143_001.jpg,val,0,No Finding,17143,1,32,F,AP,2500,2048,train,data/train-00020-of-00032.parquet,1139
00017143_002,00017143_002.jpg,val,0,No Finding,17143,2,32,F,AP,2500,2048,train,data/train-00020-of-00032.parquet,1140
00017145_000,00017145_000.jpg,val,0,Pleural_Thickening,17145,0,71,M,PA,2992,2741,train,data/train-00020-of-00032.parquet,1149
00017210_000,00017210_000.jpg,train,0,Infiltration,17210,0,58,F,AP,2500,2048,train,data/train-00020-of-00032.parquet,1331
00017211_000,00017211_000.jpg,train,0,No Finding,17211,0,70,F,PA,2048,2500,train,data/train-00020-of-00032.parquet,1337
00017213_002,00017213_002.jpg,train,0,No Finding,17213,2,48,F,AP,2048,2500,train,data/train-00020-of-00032.parquet,1341
00017225_002,00017225_002.jpg,train,0,No Finding,17225,2,70,F,AP,3056,2544,train,data/train-00020-of-00032.parquet,1362
00017227_003,00017227_003.jpg,train,1,Pneumothorax,17227,3,61,F,AP,2500,2048,train,data/train-00020-of-00032.parquet,1370
00017227_006,00017227_006.jpg,train,1,Pneumothorax,17227,6,61,F,PA,2992,2991,train,data/train-00020-of-00032.parquet,1373
00017231_000,00017231_000.jpg,train,0,No Finding,17231,0,63,F,PA,2048,2500,train,data/train-00020-of-00032.parquet,1384
00017232_000,00017232_000.jpg,train,0,No Finding,17232,0,35,F,PA,2956,2882,train,data/train-00020-of-00032.parquet,1389
00017234_001,00017234_001.jpg,train,0,No Finding,17234,1,42,F,AP,2500,2048,train,data/train-00020-of-00032.parquet,1395
00017234_002,00017234_002.jpg,train,0,No Finding,17234,2,42,F,AP,2500,2048,train,data/train-00020-of-00032.parquet,1396
00017238_001,00017238_001.jpg,train,0,No Finding,17238,1,69,F,PA,2992,2991,train,data/train-00020-of-00032.parquet,1415
00017242_001,00017242_001.jpg,train,0,No Finding,17242,1,40,M,PA,2992,2991,train,data/train-00020-of-00032.parquet,1423
00017250_000,00017250_000.jpg,train,0,Mass,17250,0,57,M,PA,2500,2048,train,data/train-00020-of-00032.parquet,1444
00017251_003,00017251_003.jpg,train,1,Edema|Effusion|Infiltration|Pneumothorax,17251,3,60,F,PA,2292,2615,train,data/train-00020-of-00032.parquet,1448
00017252_000,00017252_000.jpg,train,0,No Finding,17252,0,47,M,AP,2500,2048,train,data/train-00020-of-00032.parquet,1451
00017258_001,00017258_001.jpg,val,1,Effusion|Pneumothorax,17258,1,22,F,AP,2500,2048,train,data/train-00020-of-00032.parquet,1457
00017258_016,00017258_016.jpg,val,1,Emphysema|Pneumothorax,17258,16,22,F,PA,2486,2991,train,data/train-00020-of-00032.parquet,1472
00017258_017,00017258_017.jpg,val,1,Emphysema|Pneumothorax,17258,17,22,F,PA,2992,2991,train,data/train-00020-of-00032.parquet,1473
00017259_000,00017259_000.jpg,train,1,Emphysema|Pneumothorax,17259,0,59,F,PA,2378,2717,train,data/train-00020-of-00032.parquet,1480
00017261_004,00017261_004.jpg,val,0,No Finding,17261,0,34,M,PA,2992,2991,train,data/train-00020-of-00032.parquet,1486
00017261_005,00017261_005.jpg,val,0,No Finding,17261,1,34,M,AP,3056,2544,train,data/train-00020-of-00032.parquet,1487
00017261_006,00017261_006.jpg,val,0,Atelectasis,17261,2,34,M,AP,3056,2544,train,data/train-00020-of-00032.parquet,1488
00017270_000,00017270_000.jpg,train,0,Atelectasis,17270,0,59,M,PA,1940,2021,train,data/train-00020-of-00032.parquet,1513
00017274_002,00017274_002.jpg,train,0,Cardiomegaly,17274,2,42,F,AP,2500,2048,train,data/train-00020-of-00032.parquet,1530
00017275_001,00017275_001.jpg,train,1,Consolidation|Pneumothorax,17275,9,53,M,PA,2992,2991,train,data/train-00020-of-00032.parquet,1532
00017275_007,00017275_007.jpg,train,0,No Finding,17275,0,48,M,AP,2500,2048,train,data/train-00020-of-00032.parquet,1538
00017280_000,00017280_000.jpg,train,0,No Finding,17280,0,67,F,PA,2534,2681,train,data/train-00020-of-00032.parquet,1553
00017282_000,00017282_000.jpg,train,0,Atelectasis,17282,0,58,F,PA,2594,2901,train,data/train-00020-of-00032.parquet,1556
00017294_000,00017294_000.jpg,train,0,No Finding,17294,0,41,M,PA,2992,2991,train,data/train-00020-of-00032.parquet,1574
00017307_000,00017307_000.jpg,train,0,Fibrosis|Infiltration|Mass|Nodule,17307,0,50,M,PA,2500,2048,train,data/train-00020-of-00032.parquet,1598
00017313_005,00017313_005.jpg,train,1,Effusion|Mass|Pneumothorax,17313,4,54,M,PA,2898,2859,train,data/train-00020-of-00032.parquet,1609
00017315_000,00017315_000.jpg,train,0,No Finding,17315,0,62,F,PA,2992,2991,train,data/train-00020-of-00032.parquet,1612
00017319_000,00017319_000.jpg,train,0,No Finding,17319,0,20,M,PA,2544,3056,train,data/train-00020-of-00032.parquet,1615
00017324_005,00017324_005.jpg,train,1,Pneumothorax,17324,3,35,F,PA,2318,2389,train,data/train-00020-of-00032.parquet,1631
00017324_006,00017324_006.jpg,train,1,Effusion|Nodule|Pneumothorax,17324,4,35,F,PA,2992,2991,train,data/train-00020-of-00032.parquet,1632
00017325_006,00017325_006.jpg,train,1,Nodule|Pneumothorax,17325,6,66,M,AP,2500,2048,train,data/train-00020-of-00032.parquet,1666
00017326_000,00017326_000.jpg,train,0,No Finding,17326,0,49,M,PA,2992,2991,train,data/train-00020-of-00032.parquet,1678
00017326_001,00017326_001.jpg,train,0,No Finding,17326,1,50,M,PA,2544,3016,train,data/train-00020-of-00032.parquet,1679
00017332_001,00017332_001.jpg,train,0,No Finding,17332,1,30,F,AP,2500,2048,train,data/train-00020-of-00032.parquet,1686
00017333_000,00017333_000.jpg,train,0,Nodule,17333,0,39,F,PA,2992,2991,train,data/train-00020-of-00032.parquet,1688
00017352_000,00017352_000.jpg,train,0,No Finding,17352,0,82,M,PA,2912,2978,train,data/train-00020-of-00032.parquet,1716
00017359_000,00017359_000.jpg,train,0,Infiltration,17359,0,56,M,PA,2992,2991,train,data/train-00020-of-00032.parquet,1734
00017360_001,00017360_001.jpg,train,0,Pleural_Thickening,17360,1,57,F,PA,2992,2991,train,data/train-00020-of-00032.parquet,1737
00017363_001,00017363_001.jpg,train,0,No Finding,17363,1,22,M,AP,2500,2048,train,data/train-00020-of-00032.parquet,1762
00017368_006,00017368_006.jpg,train,1,Effusion|Pneumothorax,17368,6,29,M,PA,2992,2991,train,data/train-00020-of-00032.parquet,1788
00017368_007,00017368_007.jpg,train,1,Nodule|Pneumothorax,17368,7,29,M,PA,2992,2991,train,data/train-00020-of-00032.parquet,1789
00017369_004,00017369_004.jpg,train,1,Atelectasis|Effusion|Pneumothorax,17369,4,52,F,PA,2992,2991,train,data/train-00020-of-00032.parquet,1801
00017370_000,00017370_000.jpg,train,0,Emphysema|Infiltration,17370,0,57,M,PA,2048,2500,train,data/train-00020-of-00032.parquet,1807
00017375_002,00017375_002.jpg,train,0,Nodule,17375,2,48,M,PA,2992,2991,train,data/train-00020-of-00032.parquet,1817
00017383_000,00017383_000.jpg,train,0,Mass,17383,0,45,F,AP,2048,2500,train,data/train-00020-of-00032.parquet,1827
00017385_000,00017385_000.jpg,train,0,No Finding,17385,0,57,F,PA,2992,2991,train,data/train-00020-of-00032.parquet,1831
00017386_001,00017386_001.jpg,train,0,Infiltration,17386,1,32,M,PA,2992,2991,train,data/train-00020-of-00032.parquet,1833
00017390_000,00017390_000.jpg,train,0,No Finding,17390,0,78,F,PA,2992,2991,train,data/train-00020-of-00032.parquet,1838
00017391_000,00017391_000.jpg,train,0,No Finding,17391,0,61,M,AP,2500,2048,train,data/train-00020-of-00032.parquet,1839
00017398_001,00017398_001.jpg,train,0,No Finding,17398,1,22,F,PA,2426,2657,train,data/train-00020-of-00032.parquet,1854
00017401_001,00017401_001.jpg,train,1,Atelectasis|Emphysema|Pneumothorax,17401,2,38,M,AP,3056,2316,train,data/train-00020-of-00032.parquet,1858
00017443_002,00017443_002.jpg,val,0,No Finding,17443,0,26,F,PA,2578,2505,train,data/train-00020-of-00032.parquet,2003
00017443_012,00017443_012.jpg,val,1,Pleural_Thickening|Pneumothorax,17443,10,29,F,PA,2444,3032,train,data/train-00020-of-00032.parquet,2013
00017443_013,00017443_013.jpg,val,1,Pleural_Thickening|Pneumothorax,17443,11,29,F,PA,2502,2525,train,data/train-00020-of-00032.parquet,2014
00017449_000,00017449_000.jpg,val,0,No Finding,17449,0,29,M,PA,2992,2991,train,data/train-00020-of-00032.parquet,2028
00017464_000,00017464_000.jpg,val,0,No Finding,17464,0,45,F,PA,2992,2991,train,data/train-00020-of-00032.parquet,2072
00017464_001,00017464_001.jpg,val,0,No Finding,17464,2,45,F,AP,2500,2048,train,data/train-00020-of-00032.parquet,2073
00017464_003,00017464_003.jpg,val,0,No Finding,17464,1,45,F,PA,2992,2991,train,data/train-00020-of-00032.parquet,2075
00017466_000,00017466_000.jpg,val,0,No Finding,17466,0,47,F,PA,2992,2991,train,data/train-00020-of-00032.parquet,2086
00017466_001,00017466_001.jpg,val,0,Infiltration,17466,1,48,F,PA,2534,2991,train,data/train-00020-of-00032.parquet,2087
00017467_018,00017467_018.jpg,train,1,Mass|Pneumothorax,17467,18,28,M,AP,2500,2048,train,data/train-00020-of-00032.parquet,2106
00017470_002,00017470_002.jpg,train,0,Edema|Mass,17470,2,53,F,AP,2500,2048,train,data/train-00020-of-00032.parquet,2118
00017472_000,00017472_000.jpg,train,0,Nodule,17472,0,65,M,PA,2622,2991,train,data/train-00020-of-00032.parquet,2124
00017473_000,00017473_000.jpg,train,0,Infiltration,17473,0,71,F,AP,3056,2544,train,data/train-00020-of-00032.parquet,2125
00017484_002,00017484_002.jpg,train,0,Edema|Infiltration,17484,2,25,F,AP,2500,2048,train,data/train-00020-of-00032.parquet,2153
00017486_000,00017486_000.jpg,train,0,No Finding,17486,0,64,M,PA,2992,2991,train,data/train-00020-of-00032.parquet,2161
00017493_000,00017493_000.jpg,train,0,No Finding,17493,0,78,F,PA,2992,2991,train,data/train-00020-of-00032.parquet,2173
00017499_000,00017499_000.jpg,train,0,Pleural_Thickening,17499,0,34,F,PA,2654,2991,train,data/train-00020-of-00032.parquet,2179
00017501_001,00017501_001.jpg,train,0,No Finding,17501,1,57,M,AP,2500,2048,train,data/train-00020-of-00032.parquet,2181
00017502_000,00017502_000.jpg,train,0,Atelectasis|Mass,17502,0,63,M,PA,2658,2565,train,data/train-00020-of-00032.parquet,2182
00017505_000,00017505_000.jpg,train,0,No Finding,17505,0,57,F,PA,2686,2588,train,data/train-00020-of-00032.parquet,2188
00017607_000,00017607_000.jpg,val,0,Consolidation|Effusion,17607,0,47,F,PA,2992,2991,train,data/train-00020-of-00032.parquet,2514
00017608_000,00017608_000.jpg,train,0,No Finding,17608,0,66,M,PA,2586,2673,train,data/train-00020-of-00032.parquet,2515
00017612_000,00017612_000.jpg,val,0,No Finding,17612,0,63,M,PA,2950,2989,train,data/train-00020-of-00032.parquet,2524
00017612_001,00017612_001.jpg,val,0,No Finding,17612,1,63,M,PA,2992,2991,train,data/train-00020-of-00032.parquet,2525
00017614_000,00017614_000.jpg,train,0,Infiltration,17614,0,37,M,PA,2738,2781,train,data/train-00020-of-00032.parquet,2528
00017614_001,00017614_001.jpg,train,0,Infiltration,17614,1,37,M,PA,2500,2048,train,data/train-00020-of-00032.parquet,2529
00017617_008,00017617_008.jpg,train,1,Atelectasis|Effusion|Pneumothorax,17617,8,52,F,PA,2992,2991,train,data/train-00020-of-00032.parquet,2544
00017618_000,00017618_000.jpg,val,0,Consolidation|Nodule,17618,0,35,M,PA,2992,2991,train,data/train-00020-of-00032.parquet,2545
00017618_019,00017618_019.jpg,val,1,Cardiomegaly|Consolidation|Effusion|Mass|Pneumothorax,17618,19,35,M,PA,2992,2991,train,data/train-00020-of-00032.parquet,2564
00017618_020,00017618_020.jpg,val,1,Effusion|Pneumothorax,17618,20,35,M,PA,2992,2991,train,data/train-00020-of-00032.parquet,2565
00017620_002,00017620_002.jpg,train,0,No Finding,17620,2,47,F,AP,2500,2048,train,data/train-00020-of-00032.parquet,2586
00017623_000,00017623_000.jpg,train,0,Cardiomegaly,17623,0,71,F,PA,2992,2991,train,data/train-00020-of-00032.parquet,2601
00017628_000,00017628_000.jpg,train,0,No Finding,17628,0,49,F,PA,2714,2991,train,data/train-00020-of-00032.parquet,2613
00017634_006,00017634_006.jpg,train,1,Pneumothorax,17634,2,30,F,PA,2992,2991,train,data/train-00020-of-00032.parquet,2632
00017635_000,00017635_000.jpg,train,0,No Finding,17635,0,40,F,AP,2500,2048,train,data/train-00020-of-00032.parquet,2633
00017636_000,00017636_000.jpg,train,0,No Finding,17636,1,35,F,PA,2021,2021,train,data/train-00020-of-00032.parquet,2644
00017638_000,00017638_000.jpg,train,0,No Finding,17638,0,22,M,PA,2992,2991,train,data/train-00020-of-00032.parquet,2652
00017640_001,00017640_001.jpg,train,0,No Finding,17640,0,46,M,PA,2686,2991,train,data/train-00020-of-00032.parquet,2655
00017642_000,00017642_000.jpg,train,0,No Finding,17642,0,58,F,PA,2992,2991,train,data/train-00020-of-00032.parquet,2656
00017644_002,00017644_002.jpg,train,0,No Finding,17644,2,61,M,PA,2950,2991,train,data/train-00020-of-00032.parquet,2668
00017645_018,00017645_018.jpg,train,1,Edema|Effusion|Mass|Pneumothorax,17645,18,49,F,PA,2480,2333,train,data/train-00020-of-00032.parquet,2687
00017645_019,00017645_019.jpg,train,1,Pneumothorax,17645,19,49,F,PA,2762,2991,train,data/train-00020-of-00032.parquet,2688
00017647_006,00017647_006.jpg,train,0,No Finding,17647,1,36,M,PA,2992,2991,train,data/train-00020-of-00032.parquet,2698
00017721_001,00017721_001.jpg,train,0,No Finding,17721,0,29,M,PA,2992,2769,train,data/train-00021-of-00032.parquet,220
00017721_002,00017721_002.jpg,train,0,Infiltration,17721,1,31,M,PA,2992,2991,train,data/train-00021-of-00032.parquet,221
00017722_000,00017722_000.jpg,train,0,No Finding,17722,0,31,M,PA,2500,2048,train,data/train-00021-of-00032.parquet,222
00017723_001,00017723_001.jpg,train,0,No Finding,17723,1,34,F,PA,2494,2991,train,data/train-00021-of-00032.parquet,224
00017728_000,00017728_000.jpg,train,0,No Finding,17728,0,30,F,AP,2500,2048,train,data/train-00021-of-00032.parquet,249
00017730_000,00017730_000.jpg,train,0,No Finding,17730,0,62,M,PA,2990,2991,train,data/train-00021-of-00032.parquet,259
00017731_007,00017731_007.jpg,train,1,Pneumothorax,17731,4,39,M,PA,2992,2991,train,data/train-00021-of-00032.parquet,267
00017731_009,00017731_009.jpg,train,1,Pneumothorax,17731,6,39,M,PA,2864,2905,train,data/train-00021-of-00032.parquet,269
00017733_002,00017733_002.jpg,train,0,No Finding,17733,2,26,M,AP,2500,2048,train,data/train-00021-of-00032.parquet,284
00017736_000,00017736_000.jpg,train,0,No Finding,17736,0,35,M,PA,2750,2991,train,data/train-00021-of-00032.parquet,293
00017763_004,00017763_004.jpg,train,1,Effusion|Mass|Pneumothorax,17763,4,24,M,PA,2992,2991,train,data/train-00021-of-00032.parquet,411
00017773_000,00017773_000.jpg,train,0,No Finding,17773,0,51,M,PA,2992,2991,train,data/train-00021-of-00032.parquet,424
00017777_000,00017777_000.jpg,train,0,No Finding,17777,0,63,M,PA,2986,2991,train,data/train-00021-of-00032.parquet,430
00017778_000,00017778_000.jpg,train,0,No Finding,17778,0,75,F,PA,2992,2991,train,data/train-00021-of-00032.parquet,431
00017780_000,00017780_000.jpg,train,0,No Finding,17780,0,47,F,PA,2778,2869,train,data/train-00021-of-00032.parquet,433
00017786_002,00017786_002.jpg,train,0,No Finding,17786,1,50,M,AP,2500,2048,train,data/train-00021-of-00032.parquet,445
00017787_000,00017787_000.jpg,train,0,No Finding,17787,0,34,F,PA,2774,2991,train,data/train-00021-of-00032.parquet,458
00017788_001,00017788_001.jpg,train,1,Emphysema|Pneumothorax,17788,2,46,M,PA,2992,2991,train,data/train-00021-of-00032.parquet,460
00017792_001,00017792_001.jpg,train,0,Infiltration,17792,1,24,M,PA,2992,2991,train,data/train-00021-of-00032.parquet,473
00017795_000,00017795_000.jpg,train,0,Nodule,17795,0,22,M,PA,2810,2991,train,data/train-00021-of-00032.parquet,481
00017801_004,00017801_004.jpg,train,1,Pneumothorax,17801,4,26,M,PA,2992,2991,train,data/train-00021-of-00032.parquet,500
00017801_005,00017801_005.jpg,train,1,Pneumothorax,17801,5,26,M,PA,2992,2991,train,data/train-00021-of-00032.parquet,501
00017802_001,00017802_001.jpg,train,0,Atelectasis,17802,1,59,F,PA,2546,2621,train,data/train-00021-of-00032.parquet,504
00017806_000,00017806_000.jpg,train,0,No Finding,17806,0,63,M,PA,2992,2989,train,data/train-00021-of-00032.parquet,508
00017812_000,00017812_000.jpg,train,0,No Finding,17812,0,49,M,PA,2992,2991,train,data/train-00021-of-00032.parquet,518
00017815_000,00017815_000.jpg,train,0,Atelectasis|Consolidation|Pleural_Thickening,17815,0,48,F,PA,2958,2693,train,data/train-00021-of-00032.parquet,525
00017818_001,00017818_001.jpg,train,0,Infiltration,17818,1,28,M,AP,2500,2048,train,data/train-00021-of-00032.parquet,531
00017819_000,00017819_000.jpg,train,0,No Finding,17819,0,40,M,PA,2954,2991,train,data/train-00021-of-00032.parquet,534
00017821_000,00017821_000.jpg,train,0,No Finding,17821,0,27,F,PA,2992,2991,train,data/train-00021-of-00032.parquet,546
00017822_000,00017822_000.jpg,train,0,Atelectasis|Cardiomegaly,17822,0,49,M,PA,2910,2991,train,data/train-00021-of-00032.parquet,547
00017824_001,00017824_001.jpg,train,0,No Finding,17824,1,64,F,PA,2992,2991,train,data/train-00021-of-00032.parquet,554
00017830_007,00017830_007.jpg,train,1,Effusion|Pneumothorax,17830,7,53,M,PA,2992,2991,train,data/train-00021-of-00032.parquet,570
00017926_004,00017926_004.jpg,train,1,Effusion|Pneumothorax,17926,4,61,M,AP,2500,2048,train,data/train-00021-of-00032.parquet,927
00017933_001,00017933_001.jpg,train,0,No Finding,17933,0,45,M,PA,2992,2991,train,data/train-00021-of-00032.parquet,953
00017939_000,00017939_000.jpg,train,0,Atelectasis|Cardiomegaly,17939,0,69,F,PA,2992,2991,train,data/train-00021-of-00032.parquet,969
00017940_001,00017940_001.jpg,train,0,No Finding,17940,0,33,M,PA,2992,2991,train,data/train-00021-of-00032.parquet,971
00017940_002,00017940_002.jpg,train,0,No Finding,17940,1,33,M,PA,2992,2991,train,data/train-00021-of-00032.parquet,972
00017942_002,00017942_002.jpg,train,1,Pneumothorax,17942,1,52,F,PA,2690,2991,train,data/train-00021-of-00032.parquet,988
00017943_001,00017943_001.jpg,train,1,Effusion|Pneumothorax,17943,1,31,F,PA,2558,2777,train,data/train-00021-of-00032.parquet,992
00017979_000,00017979_000.jpg,train,0,Pleural_Thickening,17979,0,47,M,PA,2992,2991,train,data/train-00021-of-00032.parquet,1100
00017985_002,00017985_002.jpg,train,0,No Finding,17985,0,58,M,PA,2992,2991,train,data/train-00021-of-00032.parquet,1117
00017986_000,00017986_000.jpg,train,0,No Finding,17986,0,65,M,PA,2992,2991,train,data/train-00021-of-00032.parquet,1127
00017988_001,00017988_001.jpg,train,0,No Finding,17988,1,76,M,AP,2500,2048,train,data/train-00021-of-00032.parquet,1130
00017993_001,00017993_001.jpg,train,0,No Finding,17993,1,35,F,PA,2992,2991,train,data/train-00021-of-00032.parquet,1151
00017994_004,00017994_004.jpg,train,1,Mass|Pneumothorax,17994,4,60,F,PA,2726,2521,train,data/train-00021-of-00032.parquet,1158
00018003_000,00018003_000.jpg,train,1,Mass|Pneumothorax,18003,0,65,M,PA,2500,2048,train,data/train-00021-of-00032.parquet,1183
00018004_000,00018004_000.jpg,train,0,No Finding,18004,0,49,M,PA,2992,2991,train,data/train-00021-of-00032.parquet,1186
00018007_000,00018007_000.jpg,train,0,No Finding,18007,0,52,M,PA,2992,2991,train,data/train-00021-of-00032.parquet,1222
00018011_002,00018011_002.jpg,train,1,Pneumothorax,18011,2,38,M,AP,2500,2048,train,data/train-00021-of-00032.parquet,1234
00018011_003,00018011_003.jpg,train,1,Infiltration|Pneumothorax,18011,3,38,M,PA,2992,2991,train,data/train-00021-of-00032.parquet,1235
00018011_005,00018011_005.jpg,train,1,Mass|Pneumothorax,18011,5,38,M,PA,2992,2991,train,data/train-00021-of-00032.parquet,1237
00018014_000,00018014_000.jpg,train,0,No Finding,18014,0,52,M,PA,2992,2991,train,data/train-00021-of-00032.parquet,1260
00018015_007,00018015_007.jpg,train,1,Atelectasis|Pneumothorax,18015,9,37,M,PA,2992,2991,train,data/train-00021-of-00032.parquet,1268
00018015_010,00018015_010.jpg,train,1,Pneumothorax,18015,10,37,M,PA,2992,2991,train,data/train-00021-of-00032.parquet,1271
00018016_001,00018016_001.jpg,train,0,No Finding,18016,0,57,M,PA,2500,2048,train,data/train-00021-of-00032.parquet,1285
00018018_000,00018018_000.jpg,train,0,No Finding,18018,0,59,M,PA,2992,2991,train,data/train-00021-of-00032.parquet,1296
00018019_000,00018019_000.jpg,train,0,Consolidation|Infiltration,18019,0,48,M,PA,2992,2991,train,data/train-00021-of-00032.parquet,1297
00018103_000,00018103_000.jpg,train,0,No Finding,18103,0,19,F,AP,2500,2048,train,data/train-00021-of-00032.parquet,1619
00018105_002,00018105_002.jpg,train,0,No Finding,18105,1,45,M,PA,2992,2991,train,data/train-00021-of-00032.parquet,1651
00018117_002,00018117_002.jpg,train,1,Atelectasis|Emphysema|Mass|Pneumothorax,18117,2,34,M,PA,2992,2991,train,data/train-00021-of-00032.parquet,1668
00018117_003,00018117_003.jpg,train,1,Pneumothorax,18117,3,34,M,PA,2992,2991,train,data/train-00021-of-00032.parquet,1669
00018124_000,00018124_000.jpg,train,0,Mass|Nodule,18124,0,65,F,PA,2602,2673,train,data/train-00021-of-00032.parquet,1693
00018221_000,00018221_000.jpg,val,0,No Finding,18221,0,50,M,PA,2992,2991,train,data/train-00021-of-00032.parquet,2016
00018221_001,00018221_001.jpg,val,0,Infiltration,18221,1,50,M,PA,2992,2991,train,data/train-00021-of-00032.parquet,2017
00018224_013,00018224_013.jpg,val,1,Infiltration|Pneumothorax,18224,13,58,M,AP,2500,2048,train,data/train-00021-of-00032.parquet,2036
00018224_014,00018224_014.jpg,val,1,Edema|Infiltration|Pneumonia|Pneumothorax,18224,14,58,M,AP,2500,2048,train,data/train-00021-of-00032.parquet,2037
00018224_015,00018224_015.jpg,val,1,Pneumothorax,18224,15,58,M,AP,2500,2048,train,data/train-00021-of-00032.parquet,2038
00018225_003,00018225_003.jpg,train,1,Pneumothorax,18225,3,78,F,PA,2992,2991,train,data/train-00021-of-00032.parquet,2043
00018227_001,00018227_001.jpg,train,0,No Finding,18227,1,62,F,PA,2992,2991,train,data/train-00021-of-00032.parquet,2048
00018231_000,00018231_000.jpg,train,0,Atelectasis,18231,0,67,F,PA,2992,2991,train,data/train-00021-of-00032.parquet,2054
00018234_000,00018234_000.jpg,val,0,Infiltration,18234,0,37,F,PA,2642,2869,train,data/train-00021-of-00032.parquet,2057
00018237_017,00018237_017.jpg,train,0,No Finding,18237,1,30,F,PA,2992,2991,train,data/train-00021-of-00032.parquet,2078
00018263_001,00018263_001.jpg,train,1,Infiltration|Mass|Pneumothorax,18263,1,52,F,PA,2790,2821,train,data/train-00021-of-00032.parquet,2202
00018263_003,00018263_003.jpg,train,1,Pneumothorax,18263,3,52,F,PA,2610,2669,train,data/train-00021-of-00032.parquet,2204
00018268_000,00018268_000.jpg,train,0,No Finding,18268,0,60,M,PA,2782,2472,train,data/train-00021-of-00032.parquet,2213
00018278_001,00018278_001.jpg,train,0,Cardiomegaly,18278,1,44,M,PA,2021,2021,train,data/train-00021-of-00032.parquet,2227
00018279_000,00018279_000.jpg,train,0,No Finding,18279,0,45,M,PA,2992,2991,train,data/train-00021-of-00032.parquet,2228
00018285_001,00018285_001.jpg,train,0,No Finding,18285,1,40,M,AP,2500,2048,train,data/train-00021-of-00032.parquet,2244
00018292_000,00018292_000.jpg,train,0,Cardiomegaly,18292,0,69,F,PA,2722,2685,train,data/train-00021-of-00032.parquet,2253
00018293_000,00018293_000.jpg,train,0,No Finding,18293,1,62,M,PA,2992,2991,train,data/train-00021-of-00032.parquet,2254
00018293_001,00018293_001.jpg,train,0,No Finding,18293,2,62,M,PA,2992,2991,train,data/train-00021-of-00032.parquet,2255
00018294_003,00018294_003.jpg,train,0,Consolidation|Fibrosis|Nodule,18294,2,48,M,PA,2690,2991,train,data/train-00021-of-00032.parquet,2260
00018295_002,00018295_002.jpg,train,0,No Finding,18295,2,62,F,AP,2500,2048,train,data/train-00021-of-00032.parquet,2263
00018301_001,00018301_001.jpg,train,0,No Finding,18301,1,49,M,AP,3056,2544,train,data/train-00021-of-00032.parquet,2273
00018307_000,00018307_000.jpg,train,0,No Finding,18307,0,23,M,AP,2500,2048,train,data/train-00021-of-00032.parquet,2296
00018308_001,00018308_001.jpg,train,1,Pneumothorax,18308,1,59,M,AP,2500,2048,train,data/train-00021-of-00032.parquet,2299
00018308_002,00018308_002.jpg,train,1,Emphysema|Pneumothorax,18308,2,59,M,PA,2992,2991,train,data/train-00021-of-00032.parquet,2300
00018309_000,00018309_000.jpg,train,0,No Finding,18309,0,43,M,PA,2500,2048,train,data/train-00021-of-00032.parquet,2307
00018314_001,00018314_001.jpg,train,0,Infiltration,18314,1,41,F,PA,2048,2500,train,data/train-00021-of-00032.parquet,2323
00018318_002,00018318_002.jpg,train,0,No Finding,18318,2,63,F,PA,2544,3056,train,data/train-00021-of-00032.parquet,2339
00018325_003,00018325_003.jpg,train,0,Pleural_Thickening,18325,2,36,F,PA,2500,2048,train,data/train-00021-of-00032.parquet,2351
00018326_000,00018326_000.jpg,train,0,Infiltration|Nodule,18326,0,43,M,PA,2758,2991,train,data/train-00021-of-00032.parquet,2354
00018329_001,00018329_001.jpg,train,0,Infiltration,18329,1,43,M,AP,2500,2048,train,data/train-00021-of-00032.parquet,2360
00018483_005,00018483_005.jpg,train,0,No Finding,18483,1,51,F,PA,2992,2991,train,data/train-00022-of-00032.parquet,129
00018494_008,00018494_008.jpg,train,0,Infiltration,18494,2,28,M,AP,2500,2048,train,data/train-00022-of-00032.parquet,159
00018504_000,00018504_000.jpg,train,0,No Finding,18504,0,29,F,PA,2544,3012,train,data/train-00022-of-00032.parquet,187
00018507_005,00018507_005.jpg,train,1,Pleural_Thickening|Pneumothorax,18507,4,69,M,PA,2992,2991,train,data/train-00022-of-00032.parquet,198
00018512_000,00018512_000.jpg,train,0,No Finding,18512,0,41,F,PA,2500,2048,train,data/train-00022-of-00032.parquet,218
00018518_001,00018518_001.jpg,train,0,No Finding,18518,1,49,F,AP,2500,2048,train,data/train-00022-of-00032.parquet,231
00018521_007,00018521_007.jpg,train,1,Effusion|Pneumothorax,18521,7,62,M,PA,2992,2991,train,data/train-00022-of-00032.parquet,243
00018521_009,00018521_009.jpg,train,1,Pneumothorax,18521,9,62,M,PA,2992,2991,train,data/train-00022-of-00032.parquet,245
00018523_001,00018523_001.jpg,train,0,No Finding,18523,1,56,M,PA,2992,2991,train,data/train-00022-of-00032.parquet,255
00018527_001,00018527_001.jpg,train,0,Atelectasis|Consolidation|Nodule,18527,1,55,F,PA,2992,2991,train,data/train-00022-of-00032.parquet,277
00018530_002,00018530_002.jpg,train,0,No Finding,18530,2,49,F,AP,3056,2544,train,data/train-00022-of-00032.parquet,295
00018557_015,00018557_015.jpg,train,1,Pneumothorax,18557,15,67,M,AP,2500,2048,train,data/train-00022-of-00032.parquet,407
00018575_000,00018575_000.jpg,train,0,No Finding,18575,0,38,F,PA,2662,2741,train,data/train-00022-of-00032.parquet,469
00018580_000,00018580_000.jpg,train,0,Atelectasis,18580,0,58,M,PA,2486,2925,train,data/train-00022-of-00032.parquet,475
00018584_001,00018584_001.jpg,train,0,No Finding,18584,1,48,F,AP,2500,2048,train,data/train-00022-of-00032.parquet,480
00018591_000,00018591_000.jpg,train,0,Nodule,18591,0,65,M,PA,2500,2048,train,data/train-00022-of-00032.parquet,502
00018591_002,00018591_002.jpg,train,0,Effusion|Mass,18591,2,65,M,PA,2500,2048,train,data/train-00022-of-00032.parquet,504
00018592_000,00018592_000.jpg,train,0,No Finding,18592,0,54,M,PA,2992,2991,train,data/train-00022-of-00032.parquet,510
00018592_002,00018592_002.jpg,train,1,Infiltration|Pneumothorax,18592,2,54,M,PA,2992,2991,train,data/train-00022-of-00032.parquet,512
00018597_001,00018597_001.jpg,train,0,No Finding,18597,2,68,F,AP,3056,2544,train,data/train-00022-of-00032.parquet,527
00018598_000,00018598_000.jpg,train,0,No Finding,18598,0,40,M,PA,2992,2991,train,data/train-00022-of-00032.parquet,530
00018600_000,00018600_000.jpg,val,0,Infiltration,18600,0,45,F,PA,2992,2991,train,data/train-00022-of-00032.parquet,538
00018601_000,00018601_000.jpg,val,0,No Finding,18601,0,21,F,PA,2538,2697,train,data/train-00022-of-00032.parquet,539
00018607_001,00018607_001.jpg,train,0,Mass,18607,1,64,M,PA,2992,2991,train,data/train-00022-of-00032.parquet,561
00018607_002,00018607_002.jpg,train,0,Mass,18607,2,64,M,PA,2992,2991,train,data/train-00022-of-00032.parquet,562
00018608_001,00018608_001.jpg,train,0,Atelectasis|Mass,18608,1,49,M,PA,2614,2991,train,data/train-00022-of-00032.parquet,568
00018610_012,00018610_012.jpg,val,1,Pneumothorax,18610,13,63,M,AP,2500,2048,train,data/train-00022-of-00032.parquet,597
00018610_027,00018610_027.jpg,val,1,Atelectasis|Effusion|Pneumothorax,18610,27,63,M,PA,2500,2048,train,data/train-00022-of-00032.parquet,612
00018612_000,00018612_000.jpg,val,0,No Finding,18612,0,49,F,PA,2482,2991,train,data/train-00022-of-00032.parquet,645
00018620_000,00018620_000.jpg,val,0,Atelectasis|Consolidation|Nodule|Pleural_Thickening,18620,0,64,M,PA,2992,2991,train,data/train-00022-of-00032.parquet,663
00018620_001,00018620_001.jpg,val,0,Effusion|Nodule,18620,1,64,M,PA,2898,2991,train,data/train-00022-of-00032.parquet,664
00018883_002,00018883_002.jpg,train,0,Atelectasis|Infiltration,18883,2,50,M,AP,2500,2048,train,data/train-00022-of-00032.parquet,1402
00018890_000,00018890_000.jpg,train,0,No Finding,18890,0,19,M,PA,2048,2500,train,data/train-00022-of-00032.parquet,1418
00018893_000,00018893_000.jpg,train,0,Atelectasis|Effusion|Nodule,18893,0,49,M,PA,2992,2991,train,data/train-00022-of-00032.parquet,1423
00018900_000,00018900_000.jpg,train,1,Effusion|Pleural_Thickening|Pneumothorax,18900,0,55,F,PA,2718,2991,train,data/train-00022-of-00032.parquet,1430
00018903_000,00018903_000.jpg,train,0,No Finding,18903,0,22,F,PA,2992,2991,train,data/train-00022-of-00032.parquet,1433
00018904_002,00018904_002.jpg,train,0,No Finding,18904,2,45,F,AP,2500,2048,train,data/train-00022-of-00032.parquet,1443
00018915_000,00018915_000.jpg,train,0,No Finding,18915,0,54,F,PA,2048,2500,train,data/train-00022-of-00032.parquet,1463
00018920_001,00018920_001.jpg,train,0,Infiltration,18920,1,47,F,PA,2048,2500,train,data/train-00022-of-00032.parquet,1473
00018927_000,00018927_000.jpg,train,0,Consolidation|Nodule,18927,0,65,F,AP,3056,2544,train,data/train-00022-of-00032.parquet,1480
00018935_000,00018935_000.jpg,train,0,No Finding,18935,0,21,M,PA,2992,2991,train,data/train-00022-of-00032.parquet,1489
00018936_001,00018936_001.jpg,train,0,No Finding,18936,0,43,M,PA,2992,2991,train,data/train-00022-of-00032.parquet,1491
00018936_002,00018936_002.jpg,train,0,Infiltration,18936,1,43,M,PA,2992,2991,train,data/train-00022-of-00032.parquet,1492
00018942_000,00018942_000.jpg,train,0,Atelectasis|Consolidation|Nodule,18942,0,58,F,PA,2686,2991,train,data/train-00022-of-00032.parquet,1508
00018947_001,00018947_001.jpg,train,0,No Finding,18947,1,63,M,AP,2500,2048,train,data/train-00022-of-00032.parquet,1528
00018948_000,00018948_000.jpg,train,0,Infiltration,18948,0,30,F,PA,2330,2929,train,data/train-00022-of-00032.parquet,1529
00018960_001,00018960_001.jpg,train,1,Pneumothorax,18960,11,26,M,PA,2990,2991,train,data/train-00022-of-00032.parquet,1567
00018964_004,00018964_004.jpg,train,1,Mass|Nodule|Pneumothorax,18964,4,50,F,PA,2992,2991,train,data/train-00022-of-00032.parquet,1600
00018964_005,00018964_005.jpg,train,1,Nodule|Pneumothorax,18964,5,50,F,PA,2846,2905,train,data/train-00022-of-00032.parquet,1601
00018974_000,00018974_000.jpg,train,0,Infiltration,18974,0,54,M,PA,2992,2991,train,data/train-00022-of-00032.parquet,1684
00018975_002,00018975_002.jpg,train,0,No Finding,18975,2,29,M,PA,2516,2580,train,data/train-00022-of-00032.parquet,1687
00018976_000,00018976_000.jpg,train,0,No Finding,18976,0,38,M,PA,2746,2991,train,data/train-00022-of-00032.parquet,1688
00018978_000,00018978_000.jpg,train,0,Infiltration,18978,1,61,F,PA,2544,3056,train,data/train-00022-of-00032.parquet,1690
00018979_002,00018979_002.jpg,train,0,No Finding,18979,2,55,M,AP,2500,2048,train,data/train-00022-of-00032.parquet,1696
00019023_000,00019023_000.jpg,train,0,Infiltration,19023,0,45,F,PA,2048,2500,train,data/train-00022-of-00032.parquet,1812
00019027_005,00019027_005.jpg,train,1,Hernia|Infiltration|Pneumothorax,19027,5,63,M,AP,3056,2544,train,data/train-00022-of-00032.parquet,1823
00019028_000,00019028_000.jpg,train,0,No Finding,19028,0,58,M,PA,2912,2796,train,data/train-00022-of-00032.parquet,1827
00019031_000,00019031_000.jpg,train,0,No Finding,19031,0,55,M,PA,2986,2897,train,data/train-00022-of-00032.parquet,1831
00019031_002,00019031_002.jpg,train,0,No Finding,19031,2,55,M,AP,2500,2048,train,data/train-00022-of-00032.parquet,1833
00019033_000,00019033_000.jpg,train,0,No Finding,19033,0,30,M,PA,2992,2991,train,data/train-00022-of-00032.parquet,1835
00019047_000,00019047_000.jpg,train,0,No Finding,19047,0,30,F,PA,2462,2531,train,data/train-00022-of-00032.parquet,1873
00019054_000,00019054_000.jpg,train,0,No Finding,19054,0,40,F,PA,2754,2991,train,data/train-00022-of-00032.parquet,1887
00019063_000,00019063_000.jpg,train,0,No Finding,19063,0,62,M,PA,2992,2991,train,data/train-00022-of-00032.parquet,1915
00019068_000,00019068_000.jpg,train,0,Infiltration,19068,0,23,F,PA,2792,2945,train,data/train-00022-of-00032.parquet,1933
00019069_000,00019069_000.jpg,train,0,Infiltration|Nodule,19069,0,55,F,PA,2992,2991,train,data/train-00022-of-00032.parquet,1934
00019070_001,00019070_001.jpg,train,0,No Finding,19070,0,77,M,PA,3056,2496,train,data/train-00022-of-00032.parquet,1936
00019071_000,00019071_000.jpg,train,0,Nodule,19071,0,65,M,PA,2950,2845,train,data/train-00022-of-00032.parquet,1942
00019077_000,00019077_000.jpg,train,0,No Finding,19077,0,67,F,PA,2710,2981,train,data/train-00022-of-00032.parquet,1947
00019081_000,00019081_000.jpg,train,0,No Finding,19081,0,38,F,PA,2766,2634,train,data/train-00022-of-00032.parquet,1951
00019087_003,00019087_003.jpg,train,1,Pneumothorax,19087,39,34,M,PA,2554,2991,train,data/train-00022-of-00032.parquet,1969
00019087_004,00019087_004.jpg,train,1,Effusion|Pneumothorax,19087,40,34,M,PA,2992,2991,train,data/train-00022-of-00032.parquet,1970
00019087_006,00019087_006.jpg,train,1,Effusion|Infiltration|Pneumothorax,19087,42,34,M,PA,2544,3056,train,data/train-00022-of-00032.parquet,1972
00019092_014,00019092_014.jpg,val,0,Infiltration,19092,1,46,F,PA,2992,2991,train,data/train-00022-of-00032.parquet,2031
00019093_002,00019093_002.jpg,train,1,Pneumothorax,19093,1,37,F,PA,2992,2991,train,data/train-00022-of-00032.parquet,2038
00019097_000,00019097_000.jpg,val,0,Infiltration|Nodule,19097,0,64,M,PA,2992,2741,train,data/train-00022-of-00032.parquet,2045
00019097_005,00019097_005.jpg,val,1,Nodule|Pneumothorax,19097,5,64,M,PA,2992,2991,train,data/train-00022-of-00032.parquet,2050
00019097_007,00019097_007.jpg,val,1,Pneumothorax,19097,7,64,M,PA,2778,2991,train,data/train-00022-of-00032.parquet,2052
00019106_002,00019106_002.jpg,train,0,Cardiomegaly|Effusion|Fibrosis|Infiltration,19106,2,65,F,PA,2470,2609,train,data/train-00022-of-00032.parquet,2069
00019181_001,00019181_001.jpg,val,0,No Finding,19181,1,43,F,AP,2048,2500,train,data/train-00022-of-00032.parquet,2364
00019181_008,00019181_008.jpg,val,1,Effusion|Infiltration|Pneumothorax,19181,8,44,F,PA,2992,2991,train,data/train-00022-of-00032.parquet,2371
00019198_000,00019198_000.jpg,train,0,No Finding,19198,0,57,F,PA,2662,2597,train,data/train-00022-of-00032.parquet,2409
00019199_000,00019199_000.jpg,train,0,No Finding,19199,0,60,F,PA,2686,2991,train,data/train-00022-of-00032.parquet,2410
00019199_001,00019199_001.jpg,train,0,Atelectasis|Pneumonia,19199,1,60,F,PA,3056,2544,train,data/train-00022-of-00032.parquet,2411
00019201_002,00019201_002.jpg,train,1,Pneumothorax,19201,7,62,M,PA,2992,2991,train,data/train-00022-of-00032.parquet,2416
00019201_011,00019201_011.jpg,train,1,Infiltration|Pneumothorax,19201,3,60,M,AP,2500,2048,train,data/train-00022-of-00032.parquet,2425
00019203_001,00019203_001.jpg,train,0,No Finding,19203,1,32,F,PA,2636,2830,train,data/train-00022-of-00032.parquet,2429
00019204_000,00019204_000.jpg,train,0,Infiltration,19204,0,56,M,PA,2762,2991,train,data/train-00022-of-00032.parquet,2432
00019204_002,00019204_002.jpg,train,0,No Finding,19204,2,56,M,PA,2526,2991,train,data/train-00022-of-00032.parquet,2434
00019213_000,00019213_000.jpg,train,0,No Finding,19213,0,47,M,PA,2706,2991,train,data/train-00022-of-00032.parquet,2453
00019216_001,00019216_001.jpg,train,0,Atelectasis,19216,1,62,M,PA,2992,2991,train,data/train-00022-of-00032.parquet,2457
00019222_006,00019222_006.jpg,train,1,Pneumothorax,19222,6,72,M,PA,2992,2991,train,data/train-00022-of-00032.parquet,2486
00019230_001,00019230_001.jpg,train,0,No Finding,19230,1,70,F,PA,1739,1781,train,data/train-00022-of-00032.parquet,2506
00019231_002,00019231_002.jpg,train,0,No Finding,19231,1,60,F,PA,2654,2777,train,data/train-00022-of-00032.parquet,2509
00019232_000,00019232_000.jpg,train,0,No Finding,19232,1,26,F,PA,2992,2991,train,data/train-00022-of-00032.parquet,2511
00019233_006,00019233_006.jpg,train,1,Pneumothorax,19233,6,45,M,PA,2992,2991,train,data/train-00022-of-00032.parquet,2520
00019234_001,00019234_001.jpg,train,0,No Finding,19234,1,75,M,AP,2500,2048,train,data/train-00022-of-00032.parquet,2524
00019236_000,00019236_000.jpg,train,0,Infiltration|Nodule,19236,0,57,F,PA,2048,2500,train,data/train-00022-of-00032.parquet,2527
00019237_000,00019237_000.jpg,train,0,Atelectasis,19237,0,71,M,PA,3016,2544,train,data/train-00022-of-00032.parquet,2528
00019243_000,00019243_000.jpg,train,1,Pneumothorax,19243,0,45,F,PA,2992,2991,train,data/train-00022-of-00032.parquet,2563
00019244_002,00019244_002.jpg,train,0,Atelectasis|Effusion,19244,2,54,F,PA,2462,2991,train,data/train-00022-of-00032.parquet,2566
00019248_002,00019248_002.jpg,train,0,Emphysema,19248,2,86,M,PA,2878,2829,train,data/train-00022-of-00032.parquet,2575
00019249_000,00019249_000.jpg,train,0,No Finding,19249,0,61,F,PA,2992,2991,train,data/train-00022-of-00032.parquet,2581
00019254_000,00019254_000.jpg,train,0,No Finding,19254,0,33,M,PA,2738,2991,train,data/train-00022-of-00032.parquet,2588
00019255_000,00019255_000.jpg,train,0,Infiltration,19255,0,37,F,PA,2992,2991,train,data/train-00022-of-00032.parquet,2589
00019258_003,00019258_003.jpg,train,0,Atelectasis,19258,2,23,M,AP,2500,2048,train,data/train-00022-of-00032.parquet,2595
00019259_000,00019259_000.jpg,train,0,No Finding,19259,0,30,F,AP,3056,2532,train,data/train-00022-of-00032.parquet,2598
00019260_000,00019260_000.jpg,train,0,No Finding,19260,0,46,M,AP,2500,2048,train,data/train-00022-of-00032.parquet,2604
00019268_000,00019268_000.jpg,train,0,Infiltration,19268,0,27,F,PA,2540,3056,train,data/train-00022-of-00032.parquet,2625
00019272_000,00019272_000.jpg,train,0,No Finding,19272,0,44,F,AP,2500,2048,train,data/train-00022-of-00032.parquet,2635
00019277_000,00019277_000.jpg,train,0,Fibrosis|Mass,19277,0,58,F,PA,2992,2991,train,data/train-00022-of-00032.parquet,2641
00019277_002,00019277_002.jpg,train,0,Atelectasis|Effusion|Mass,19277,2,58,F,PA,2514,2577,train,data/train-00022-of-00032.parquet,2643
00019279_000,00019279_000.jpg,train,0,Nodule,19279,0,40,M,PA,2766,2991,train,data/train-00022-of-00032.parquet,2646
00019283_004,00019283_004.jpg,train,1,Atelectasis|Emphysema|Pneumothorax,19283,4,41,M,PA,2992,2991,train,data/train-00022-of-00032.parquet,2656
00019283_008,00019283_008.jpg,train,1,Atelectasis|Emphysema|Pneumothorax,19283,8,41,M,PA,2992,2991,train,data/train-00022-of-00032.parquet,2660
00019287_002,00019287_002.jpg,train,1,Effusion|Mass|Pneumothorax,19287,2,34,M,PA,2992,2991,train,data/train-00022-of-00032.parquet,2672
00019297_000,00019297_000.jpg,train,0,No Finding,19297,0,29,F,PA,2892,2272,train,data/train-00022-of-00032.parquet,2693
00019299_004,00019299_004.jpg,train,1,Atelectasis|Effusion|Pneumothorax,19299,4,59,M,AP,2500,2048,train,data/train-00023-of-00032.parquet,0
00019308_000,00019308_000.jpg,train,0,Mass|Nodule,19308,0,61,F,PA,2992,2991,train,data/train-00023-of-00032.parquet,27
00019308_002,00019308_002.jpg,train,0,Mass|Nodule,19308,2,61,F,AP,2500,2048,train,data/train-00023-of-00032.parquet,29
00019311_000,00019311_000.jpg,train,0,No Finding,19311,0,57,M,PA,2538,2991,train,data/train-00023-of-00032.parquet,47
00019312_000,00019312_000.jpg,train,0,Atelectasis|Infiltration,19312,0,20,F,AP,3036,2544,train,data/train-00023-of-00032.parquet,48
00019312_001,00019312_001.jpg,train,0,Infiltration,19312,1,20,F,PA,2992,2991,train,data/train-00023-of-00032.parquet,49
00019314_003,00019314_003.jpg,train,0,Nodule,19314,1,62,M,PA,2990,2991,train,data/train-00023-of-00032.parquet,53
00019317_000,00019317_000.jpg,train,0,No Finding,19317,1,42,F,PA,2534,2627,train,data/train-00023-of-00032.parquet,56
00019320_000,00019320_000.jpg,train,0,Atelectasis,19320,0,52,F,PA,2992,2991,train,data/train-00023-of-00032.parquet,60
00019322_000,00019322_000.jpg,train,0,Atelectasis,19322,0,21,M,PA,2774,2625,train,data/train-00023-of-00032.parquet,64
00019325_000,00019325_000.jpg,train,0,No Finding,19325,0,23,M,PA,2992,2991,train,data/train-00023-of-00032.parquet,68
00019328_006,00019328_006.jpg,train,1,Mass|Pneumothorax,19328,6,78,F,PA,2992,2991,train,data/train-00023-of-00032.parquet,77
00019328_007,00019328_007.jpg,train,1,Pneumothorax,19328,7,78,F,PA,2992,2991,train,data/train-00023-of-00032.parquet,78
00019334_000,00019334_000.jpg,train,0,No Finding,19334,0,50,F,PA,2500,2048,train,data/train-00023-of-00032.parquet,97
00019449_000,00019449_000.jpg,train,0,No Finding,19449,1,63,F,AP,3056,2544,train,data/train-00023-of-00032.parquet,403
00019451_000,00019451_000.jpg,train,0,No Finding,19451,0,47,F,PA,2742,2589,train,data/train-00023-of-00032.parquet,409
00019452_000,00019452_000.jpg,train,0,Infiltration,19452,0,43,F,PA,2462,2921,train,data/train-00023-of-00032.parquet,410
00019456_000,00019456_000.jpg,train,0,No Finding,19456,2,42,M,PA,2992,2991,train,data/train-00023-of-00032.parquet,415
00019456_002,00019456_002.jpg,train,0,No Finding,19456,1,39,M,PA,2894,2705,train,data/train-00023-of-00032.parquet,417
00019464_005,00019464_005.jpg,train,0,Infiltration,19464,0,36,F,PA,2370,2991,train,data/train-00023-of-00032.parquet,434
00019469_000,00019469_000.jpg,train,0,Infiltration,19469,0,30,M,PA,2992,2991,train,data/train-00023-of-00032.parquet,444
00019470_001,00019470_001.jpg,train,0,Atelectasis|Hernia,19470,1,78,F,PA,2992,2991,train,data/train-00023-of-00032.parquet,446
00019476_000,00019476_000.jpg,train,0,Infiltration,19476,0,53,F,PA,2992,2991,train,data/train-00023-of-00032.parquet,473
00019478_001,00019478_001.jpg,train,1,Pneumothorax,19478,1,44,M,PA,2992,2991,train,data/train-00023-of-00032.parquet,481
00019484_002,00019484_002.jpg,train,0,Effusion|Infiltration,19484,2,71,M,AP,2500,2048,train,data/train-00023-of-00032.parquet,503
00019486_000,00019486_000.jpg,train,0,Cardiomegaly,19486,1,49,M,PA,2992,2991,train,data/train-00023-of-00032.parquet,512
00019494_000,00019494_000.jpg,train,0,No Finding,19494,2,47,F,PA,2021,2021,train,data/train-00023-of-00032.parquet,532
00019498_001,00019498_001.jpg,train,0,Infiltration,19498,1,66,M,PA,2992,2991,train,data/train-00023-of-00032.parquet,539
00019505_001,00019505_001.jpg,train,0,No Finding,19505,1,52,F,PA,2718,2991,train,data/train-00023-of-00032.parquet,548
00019506_000,00019506_000.jpg,train,1,Pneumothorax,19506,1,52,F,PA,2992,2991,train,data/train-00023-of-00032.parquet,549
00019507_001,00019507_001.jpg,train,0,No Finding,19507,0,41,F,PA,2570,2294,train,data/train-00023-of-00032.parquet,557
00019511_000,00019511_000.jpg,train,0,No Finding,19511,0,44,F,PA,2506,2809,train,data/train-00023-of-00032.parquet,561
00019517_000,00019517_000.jpg,train,0,No Finding,19517,0,66,M,PA,2992,2991,train,data/train-00023-of-00032.parquet,574
00019519_001,00019519_001.jpg,train,0,Infiltration|Mass|Nodule,19519,1,56,M,AP,2500,2048,train,data/train-00023-of-00032.parquet,578
00019520_000,00019520_000.jpg,train,0,No Finding,19520,0,65,M,PA,2992,2991,train,data/train-00023-of-00032.parquet,580
00019522_000,00019522_000.jpg,train,0,No Finding,19522,0,68,F,AP,2500,2048,train,data/train-00023-of-00032.parquet,586
00019524_000,00019524_000.jpg,train,0,No Finding,19524,0,63,F,PA,2658,2709,train,data/train-00023-of-00032.parquet,607
00019526_000,00019526_000.jpg,train,0,No Finding,19526,0,35,M,PA,2500,2048,train,data/train-00023-of-00032.parquet,609
00019531_002,00019531_002.jpg,train,0,No Finding,19531,2,29,F,PA,2992,2991,train,data/train-00023-of-00032.parquet,654
00019535_004,00019535_004.jpg,train,0,Atelectasis|Infiltration,19535,1,28,F,AP,2500,2048,train,data/train-00023-of-00032.parquet,662
00019535_006,00019535_006.jpg,train,0,Atelectasis|Infiltration,19535,2,28,F,AP,2500,2048,train,data/train-00023-of-00032.parquet,664
00019542_005,00019542_005.jpg,train,1,Atelectasis|Edema|Emphysema|Pneumothorax,19542,5,60,M,PA,2798,2712,train,data/train-00023-of-00032.parquet,684
00019545_002,00019545_002.jpg,train,0,Effusion,19545,2,32,F,AP,2500,2048,train,data/train-00023-of-00032.parquet,690
00019546_000,00019546_000.jpg,train,0,No Finding,19546,0,57,M,AP,2500,2048,train,data/train-00023-of-00032.parquet,692
00019549_001,00019549_001.jpg,train,1,Pneumothorax,19549,1,60,M,AP,2500,2048,train,data/train-00023-of-00032.parquet,711
00019556_000,00019556_000.jpg,train,0,Infiltration,19556,0,60,M,PA,2992,2991,train,data/train-00023-of-00032.parquet,757
00019558_000,00019558_000.jpg,train,0,Atelectasis|Consolidation|Effusion|Mass,19558,0,69,F,AP,2500,2048,train,data/train-00023-of-00032.parquet,761
00019594_013,00019594_013.jpg,train,1,Pneumothorax,19594,9,57,M,PA,2992,2991,train,data/train-00023-of-00032.parquet,900
00019611_000,00019611_000.jpg,train,0,No Finding,19611,0,63,F,PA,2878,2761,train,data/train-00023-of-00032.parquet,959
00019613_001,00019613_001.jpg,train,0,Mass,19613,1,61,M,AP,2500,2048,train,data/train-00023-of-00032.parquet,964
00019620_000,00019620_000.jpg,train,0,No Finding,19620,0,56,M,PA,3056,2544,train,data/train-00023-of-00032.parquet,976
00019628_000,00019628_000.jpg,train,0,Infiltration,19628,0,45,F,PA,2536,3056,train,data/train-00023-of-00032.parquet,992
00019662_000,00019662_000.jpg,train,0,No Finding,19662,0,64,M,PA,3056,2544,train,data/train-00023-of-00032.parquet,1110
00019677_001,00019677_001.jpg,train,0,Effusion,19677,1,38,F,PA,2554,2397,train,data/train-00023-of-00032.parquet,1145
00019680_001,00019680_001.jpg,train,1,Pneumothorax,19680,1,54,F,AP,2500,2048,train,data/train-00023-of-00032.parquet,1151
00019683_000,00019683_000.jpg,train,0,Fibrosis,19683,0,29,F,PA,2718,2285,train,data/train-00023-of-00032.parquet,1165
00019695_000,00019695_000.jpg,train,0,No Finding,19695,1,24,F,PA,2990,2625,train,data/train-00023-of-00032.parquet,1186
00019695_002,00019695_002.jpg,train,0,No Finding,19695,0,21,F,PA,2726,2585,train,data/train-00023-of-00032.parquet,1188
00019730_002,00019730_002.jpg,val,1,Pneumothorax,19730,2,31,F,AP,2500,2048,train,data/train-00023-of-00032.parquet,1300
00019738_000,00019738_000.jpg,val,0,No Finding,19738,0,42,M,PA,2992,2991,train,data/train-00023-of-00032.parquet,1342
00019740_000,00019740_000.jpg,val,0,No Finding,19740,0,63,M,PA,2992,2991,train,data/train-00023-of-00032.parquet,1346
00019747_000,00019747_000.jpg,val,0,Infiltration,19747,0,55,F,PA,2514,2991,train,data/train-00023-of-00032.parquet,1360
00019752_000,00019752_000.jpg,val,0,Infiltration,19752,0,23,M,PA,3056,2544,train,data/train-00023-of-00032.parquet,1365
00019757_002,00019757_002.jpg,train,0,Infiltration,19757,2,67,M,AP,2500,2048,train,data/train-00023-of-00032.parquet,1401
00019759_001,00019759_001.jpg,train,0,Mass,19759,1,31,F,PA,2662,2991,train,data/train-00023-of-00032.parquet,1413
00019773_010,00019773_010.jpg,train,1,Effusion|Pneumothorax,19773,10,69,M,PA,2942,2693,train,data/train-00023-of-00032.parquet,1438
00019776_000,00019776_000.jpg,train,0,No Finding,19776,0,39,F,PA,2678,2991,train,data/train-00023-of-00032.parquet,1452
00019777_000,00019777_000.jpg,train,0,Infiltration|Nodule,19777,0,37,F,PA,2426,2576,train,data/train-00023-of-00032.parquet,1453
00019784_001,00019784_001.jpg,train,0,Atelectasis,19784,0,45,F,PA,2922,2777,train,data/train-00023-of-00032.parquet,1472
00019786_002,00019786_002.jpg,train,0,Infiltration,19786,0,43,F,PA,2992,2991,train,data/train-00023-of-00032.parquet,1505
00019786_003,00019786_003.jpg,train,0,No Finding,19786,1,43,F,AP,2500,2048,train,data/train-00023-of-00032.parquet,1506
00019800_000,00019800_000.jpg,train,0,No Finding,19800,0,65,F,PA,2578,2513,train,data/train-00023-of-00032.parquet,1527
00019801_001,00019801_001.jpg,train,0,No Finding,19801,0,52,F,PA,2992,2991,train,data/train-00023-of-00032.parquet,1529
00019812_000,00019812_000.jpg,train,0,No Finding,19812,0,62,M,PA,2706,2693,train,data/train-00023-of-00032.parquet,1564
00019812_001,00019812_001.jpg,train,0,No Finding,19812,1,62,M,PA,2992,2991,train,data/train-00023-of-00032.parquet,1565
00019816_000,00019816_000.jpg,train,0,No Finding,19816,0,49,F,AP,2500,2048,train,data/train-00023-of-00032.parquet,1576
00019822_000,00019822_000.jpg,train,0,Effusion|Mass|Nodule,19822,0,28,M,PA,2992,2991,train,data/train-00023-of-00032.parquet,1583
00019823_000,00019823_000.jpg,train,1,Mass|Pleural_Thickening|Pneumothorax,19823,0,30,M,PA,2992,2991,train,data/train-00023-of-00032.parquet,1584
00019871_000,00019871_000.jpg,train,1,Pneumothorax,19871,0,76,M,AP,2500,2048,train,data/train-00023-of-00032.parquet,1727
00019871_002,00019871_002.jpg,train,0,Mass,19871,2,76,M,AP,2500,2048,train,data/train-00023-of-00032.parquet,1729
00019875_001,00019875_001.jpg,train,0,Atelectasis|Consolidation|Infiltration,19875,1,54,M,PA,2762,2689,train,data/train-00023-of-00032.parquet,1746
00019877_000,00019877_000.jpg,train,0,No Finding,19877,0,71,M,PA,2962,2828,train,data/train-00023-of-00032.parquet,1748
00019878_000,00019878_000.jpg,val,0,No Finding,19878,1,31,M,AP,3056,2544,train,data/train-00023-of-00032.parquet,1749
00019878_001,00019878_001.jpg,val,0,No Finding,19878,2,31,M,AP,3056,2544,train,data/train-00023-of-00032.parquet,1750
00019878_002,00019878_002.jpg,val,0,Infiltration,19878,0,28,M,PA,2992,2991,train,data/train-00023-of-00032.parquet,1751
00019880_002,00019880_002.jpg,train,0,No Finding,19880,2,65,M,AP,3056,2544,train,data/train-00023-of-00032.parquet,1755
00019884_000,00019884_000.jpg,train,0,No Finding,19884,0,53,F,PA,2806,2401,train,data/train-00023-of-00032.parquet,1766
00019887_000,00019887_000.jpg,val,0,No Finding,19887,0,29,M,PA,2992,2991,train,data/train-00023-of-00032.parquet,1779
00019887_001,00019887_001.jpg,val,0,No Finding,19887,1,30,M,PA,2992,2991,train,data/train-00023-of-00032.parquet,1780
00019888_001,00019888_001.jpg,train,0,Emphysema,19888,1,36,M,AP,2500,2048,train,data/train-00023-of-00032.parquet,1782
00019894_000,00019894_000.jpg,val,1,Pneumothorax,19894,0,61,M,AP,2500,2048,train,data/train-00023-of-00032.parquet,1797
00019894_001,00019894_001.jpg,val,0,No Finding,19894,2,61,M,PA,2992,2991,train,data/train-00023-of-00032.parquet,1798
00019894_002,00019894_002.jpg,val,0,No Finding,19894,1,61,M,AP,3056,2544,train,data/train-00023-of-00032.parquet,1799
00019899_025,00019899_025.jpg,train,1,Atelectasis|Consolidation|Effusion|Mass|Nodule|Pneumothorax,19899,25,64,M,PA,2990,2991,train,data/train-00023-of-00032.parquet,1877
00019900_001,00019900_001.jpg,train,0,No Finding,19900,1,65,F,AP,3056,2544,train,data/train-00023-of-00032.parquet,1882
00019914_001,00019914_001.jpg,train,0,No Finding,19914,1,28,M,AP,2500,2048,train,data/train-00023-of-00032.parquet,1907
00019916_000,00019916_000.jpg,train,0,Infiltration,19916,0,54,F,PA,2310,2515,train,data/train-00023-of-00032.parquet,1915
00019918_000,00019918_000.jpg,train,1,Infiltration|Pneumothorax,19918,0,52,F,AP,2500,2048,train,data/train-00023-of-00032.parquet,1916
00019925_000,00019925_000.jpg,train,0,Infiltration|Pleural_Thickening,19925,0,30,M,PA,2992,2991,train,data/train-00023-of-00032.parquet,1923
00019927_005,00019927_005.jpg,train,1,Effusion|Emphysema|Mass|Pneumothorax,19927,5,62,M,PA,2992,2991,train,data/train-00023-of-00032.parquet,1931
00019931_000,00019931_000.jpg,train,0,Infiltration,19931,1,51,F,PA,2544,3056,train,data/train-00023-of-00032.parquet,1940
00019933_004,00019933_004.jpg,train,0,No Finding,19933,2,68,F,AP,3056,2544,train,data/train-00023-of-00032.parquet,1947
00019935_002,00019935_002.jpg,train,0,Atelectasis|Emphysema,19935,2,57,M,AP,2500,2048,train,data/train-00023-of-00032.parquet,1954
00019936_000,00019936_000.jpg,train,0,No Finding,19936,0,26,F,PA,2992,2465,train,data/train-00023-of-00032.parquet,1963
00019952_003,00019952_003.jpg,train,0,No Finding,19952,2,36,M,AP,2992,2544,train,data/train-00023-of-00032.parquet,1996
00020054_001,00020054_001.jpg,train,0,No Finding,20054,1,52,F,PA,2526,2991,train,data/train-00023-of-00032.parquet,2327
00020059_000,00020059_000.jpg,train,0,No Finding,20059,0,60,M,PA,2992,2991,train,data/train-00023-of-00032.parquet,2334
00020060_010,00020060_010.jpg,train,0,No Finding,20060,2,55,F,PA,2992,2991,train,data/train-00023-of-00032.parquet,2352
00020069_002,00020069_002.jpg,train,0,No Finding,20069,0,59,F,PA,2334,2356,train,data/train-00023-of-00032.parquet,2367
00020070_006,00020070_006.jpg,train,1,Pneumothorax,20070,4,60,F,PA,2622,2991,train,data/train-00023-of-00032.parquet,2375
00020072_001,00020072_001.jpg,train,0,Fibrosis|Nodule,20072,1,77,M,PA,3056,2504,train,data/train-00023-of-00032.parquet,2380
00020076_006,00020076_006.jpg,train,0,No Finding,20076,1,64,M,PA,2992,2989,train,data/train-00023-of-00032.parquet,2395
00020084_000,00020084_000.jpg,train,0,Infiltration,20084,0,57,M,PA,2846,2877,train,data/train-00023-of-00032.parquet,2409
00020085_014,00020085_014.jpg,train,1,Effusion|Infiltration|Mass|Pleural_Thickening|Pneumothorax,20085,10,63,M,PA,2598,2991,train,data/train-00023-of-00032.parquet,2424
00020085_015,00020085_015.jpg,train,1,Effusion|Fibrosis|Infiltration|Nodule|Pleural_Thickening|Pneumothorax,20085,11,63,M,PA,2992,2991,train,data/train-00023-of-00032.parquet,2425
00020089_000,00020089_000.jpg,train,0,Infiltration,20089,0,55,M,PA,2992,2991,train,data/train-00023-of-00032.parquet,2435
00020100_000,00020100_000.jpg,train,0,Infiltration,20100,0,28,M,AP,2048,2500,train,data/train-00023-of-00032.parquet,2459
00020102_000,00020102_000.jpg,train,0,No Finding,20102,0,55,F,PA,2362,2874,train,data/train-00023-of-00032.parquet,2461
00020186_000,00020186_000.jpg,val,0,Infiltration,20186,1,59,F,PA,2021,2021,train,data/train-00023-of-00032.parquet,2702
00020186_001,00020186_001.jpg,val,1,Pneumothorax,20186,0,54,F,PA,2536,3056,train,data/train-00023-of-00032.parquet,2703
00020190_002,00020190_002.jpg,train,0,Atelectasis,20190,1,57,M,PA,2992,2991,train,data/train-00024-of-00032.parquet,8
00020192_000,00020192_000.jpg,train,0,No Finding,20192,0,28,M,PA,2382,2991,train,data/train-00024-of-00032.parquet,14
00020195_006,00020195_006.jpg,train,1,Mass|Nodule|Pneumothorax,20195,6,51,M,PA,2722,2889,train,data/train-00024-of-00032.parquet,23
00020195_007,00020195_007.jpg,train,1,Pneumothorax,20195,7,51,M,PA,2914,2957,train,data/train-00024-of-00032.parquet,24
00020198_000,00020198_000.jpg,train,0,No Finding,20198,0,58,M,PA,2992,2991,train,data/train-00024-of-00032.parquet,52
00020200_002,00020200_002.jpg,train,1,Atelectasis|Pneumothorax,20200,1,53,F,AP,3056,2544,train,data/train-00024-of-00032.parquet,56
00020203_000,00020203_000.jpg,train,0,No Finding,20203,0,28,F,PA,2992,2991,train,data/train-00024-of-00032.parquet,63
00020215_002,00020215_002.jpg,val,0,No Finding,20215,0,45,F,PA,2234,2991,train,data/train-00024-of-00032.parquet,107
00020215_004,00020215_004.jpg,val,0,No Finding,20215,2,46,F,PA,2338,2381,train,data/train-00024-of-00032.parquet,109
00020229_002,00020229_002.jpg,val,0,Infiltration,20229,2,69,F,PA,2188,2406,train,data/train-00024-of-00032.parquet,134
00020248_000,00020248_000.jpg,val,0,Mass,20248,0,24,F,AP,3056,2544,train,data/train-00024-of-00032.parquet,175
00020248_003,00020248_003.jpg,val,1,Pneumothorax,20248,3,24,F,PA,2414,2991,train,data/train-00024-of-00032.parquet,178
00020248_004,00020248_004.jpg,val,1,Pneumothorax,20248,4,24,F,PA,2638,2991,train,data/train-00024-of-00032.parquet,179
00020261_004,00020261_004.jpg,train,0,Infiltration,20261,2,38,F,PA,2544,3056,train,data/train-00024-of-00032.parquet,204
00020267_000,00020267_000.jpg,train,0,No Finding,20267,0,26,M,PA,3040,2484,train,data/train-00024-of-00032.parquet,211
00020269_001,00020269_001.jpg,train,0,No Finding,20269,1,51,F,PA,2500,2928,train,data/train-00024-of-00032.parquet,214
00020269_002,00020269_002.jpg,train,0,Nodule,20269,2,51,F,PA,2550,2469,train,data/train-00024-of-00032.parquet,215
00020286_003,00020286_003.jpg,train,1,Pneumothorax,20286,14,65,F,PA,2021,2021,train,data/train-00024-of-00032.parquet,248
00020287_000,00020287_000.jpg,train,0,No Finding,20287,0,56,F,PA,2992,2991,train,data/train-00024-of-00032.parquet,286
00020290_002,00020290_002.jpg,train,0,No Finding,20290,2,57,M,AP,3056,2544,train,data/train-00024-of-00032.parquet,296
00020291_000,00020291_000.jpg,train,0,No Finding,20291,0,58,M,PA,2992,2991,train,data/train-00024-of-00032.parquet,308
00020291_001,00020291_001.jpg,train,0,Emphysema,20291,1,58,M,PA,2902,2991,train,data/train-00024-of-00032.parquet,309
00020292_000,00020292_000.jpg,val,0,No Finding,20292,0,50,F,PA,2778,2869,train,data/train-00024-of-00032.parquet,310
00020294_001,00020294_001.jpg,train,0,No Finding,20294,1,61,M,PA,2992,2991,train,data/train-00024-of-00032.parquet,315
00020294_002,00020294_002.jpg,train,0,Infiltration,20294,2,61,M,AP,3056,2544,train,data/train-00024-of-00032.parquet,316
00020295_000,00020295_000.jpg,val,0,No Finding,20295,0,44,F,PA,2992,2991,train,data/train-00024-of-00032.parquet,326
00020296_000,00020296_000.jpg,val,0,No Finding,20296,0,57,M,PA,2992,2991,train,data/train-00024-of-00032.parquet,327
00020297_001,00020297_001.jpg,train,0,No Finding,20297,2,53,F,PA,2992,2991,train,data/train-00024-of-00032.parquet,329
00020300_000,00020300_000.jpg,val,0,No Finding,20300,0,34,F,PA,2020,2021,train,data/train-00024-of-00032.parquet,337
00020303_000,00020303_000.jpg,train,0,No Finding,20303,0,43,M,PA,2992,2991,train,data/train-00024-of-00032.parquet,340
00020306_000,00020306_000.jpg,val,0,Atelectasis|Pleural_Thickening,20306,0,90,F,PA,2992,2991,train,data/train-00024-of-00032.parquet,343
00020311_000,00020311_000.jpg,train,0,No Finding,20311,0,26,M,AP,2500,2048,train,data/train-00024-of-00032.parquet,361
00020312_012,00020312_012.jpg,val,0,No Finding,20312,0,36,F,PA,2544,3028,train,data/train-00024-of-00032.parquet,374
00020312_013,00020312_013.jpg,val,0,No Finding,20312,1,36,F,AP,2908,2544,train,data/train-00024-of-00032.parquet,375
00020312_018,00020312_018.jpg,val,1,Atelectasis|Consolidation|Pneumothorax,20312,6,37,F,PA,2992,2991,train,data/train-00024-of-00032.parquet,380
00020314_002,00020314_002.jpg,train,0,No Finding,20314,2,36,M,PA,2021,2021,train,data/train-00024-of-00032.parquet,396
00020316_000,00020316_000.jpg,train,1,Atelectasis|Infiltration|Pneumothorax,20316,0,38,M,AP,2500,2048,train,data/train-00024-of-00032.parquet,398
00020323_002,00020323_002.jpg,train,0,Atelectasis|Infiltration,20323,2,60,M,PA,2992,2991,train,data/train-00024-of-00032.parquet,424
00020326_063,00020326_063.jpg,train,1,Pneumothorax,20326,62,27,F,AP,2500,2048,train,data/train-00024-of-00032.parquet,490
00020407_000,00020407_000.jpg,train,0,No Finding,20407,0,25,F,PA,2694,2518,train,data/train-00024-of-00032.parquet,733
00020410_000,00020410_000.jpg,train,0,No Finding,20410,0,82,F,PA,2438,2991,train,data/train-00024-of-00032.parquet,735
00020424_000,00020424_000.jpg,train,0,No Finding,20424,0,26,M,PA,2544,3056,train,data/train-00024-of-00032.parquet,764
00020424_002,00020424_002.jpg,train,0,No Finding,20424,2,26,M,AP,3056,2544,train,data/train-00024-of-00032.parquet,766
00020426_000,00020426_000.jpg,train,0,Infiltration,20426,0,32,M,PA,2992,2991,train,data/train-00024-of-00032.parquet,771
00020427_003,00020427_003.jpg,train,1,Effusion|Emphysema|Pneumothorax,20427,3,18,M,AP,3048,2544,train,data/train-00024-of-00032.parquet,777
00020432_000,00020432_000.jpg,train,0,No Finding,20432,0,44,F,PA,2598,2991,train,data/train-00024-of-00032.parquet,793
00020441_000,00020441_000.jpg,train,0,No Finding,20441,1,63,M,PA,3056,2544,train,data/train-00024-of-00032.parquet,805
00020444_000,00020444_000.jpg,val,0,No Finding,20444,0,45,M,PA,2992,2991,train,data/train-00024-of-00032.parquet,809
00020448_000,00020448_000.jpg,train,0,No Finding,20448,0,46,F,AP,3056,2544,train,data/train-00024-of-00032.parquet,815
00020450_002,00020450_002.jpg,train,1,Pneumothorax,20450,2,59,M,PA,2992,2991,train,data/train-00024-of-00032.parquet,819
00020450_003,00020450_003.jpg,train,1,Pneumothorax,20450,3,59,M,PA,2992,2991,train,data/train-00024-of-00032.parquet,820
00020452_000,00020452_000.jpg,train,0,No Finding,20452,0,44,M,PA,2992,2991,train,data/train-00024-of-00032.parquet,845
00020455_003,00020455_003.jpg,train,1,Infiltration|Mass|Pneumothorax,20455,3,55,M,PA,2992,2991,train,data/train-00024-of-00032.parquet,851
00020455_004,00020455_004.jpg,train,1,Infiltration|Mass|Pneumothorax,20455,4,55,M,PA,2992,2991,train,data/train-00024-of-00032.parquet,852
00020457_000,00020457_000.jpg,val,0,Atelectasis,20457,0,68,M,PA,2992,2991,train,data/train-00024-of-00032.parquet,856
00020458_020,00020458_020.jpg,val,1,Pneumothorax,20458,20,54,M,AP,3056,2544,train,data/train-00024-of-00032.parquet,877
00020458_021,00020458_021.jpg,val,1,Pneumothorax,20458,21,54,M,AP,3056,2544,train,data/train-00024-of-00032.parquet,878
00020550_000,00020550_000.jpg,train,0,No Finding,20550,0,41,F,PA,2214,2991,train,data/train-00024-of-00032.parquet,1201
00020555_000,00020555_000.jpg,train,0,No Finding,20555,0,55,F,PA,2992,2991,train,data/train-00024-of-00032.parquet,1206
00020571_000,00020571_000.jpg,train,0,Infiltration,20571,0,34,M,PA,2992,2991,train,data/train-00024-of-00032.parquet,1226
00020573_000,00020573_000.jpg,train,0,No Finding,20573,2,44,F,PA,2992,2991,train,data/train-00024-of-00032.parquet,1229
00020580_001,00020580_001.jpg,train,0,Atelectasis|Mass,20580,1,55,F,PA,2758,2534,train,data/train-00024-of-00032.parquet,1242
00020586_000,00020586_000.jpg,train,0,No Finding,20586,0,49,F,PA,2498,2925,train,data/train-00024-of-00032.parquet,1254
00020589_005,00020589_005.jpg,train,1,Pneumothorax,20589,10,47,F,PA,2992,2991,train,data/train-00024-of-00032.parquet,1262
00020591_001,00020591_001.jpg,train,0,No Finding,20591,1,68,M,AP,3056,2544,train,data/train-00024-of-00032.parquet,1271
00020595_000,00020595_000.jpg,train,0,Infiltration,20595,0,62,M,PA,2992,2905,train,data/train-00024-of-00032.parquet,1277
00020602_009,00020602_009.jpg,train,1,Consolidation|Mass|Pleural_Thickening|Pneumothorax,20602,9,22,M,AP,3056,2544,train,data/train-00024-of-00032.parquet,1301
00020604_000,00020604_000.jpg,train,0,Infiltration,20604,1,55,M,PA,3056,2544,train,data/train-00024-of-00032.parquet,1303
00020607_002,00020607_002.jpg,train,0,No Finding,20607,2,53,F,AP,3056,2544,train,data/train-00024-of-00032.parquet,1309
00020622_003,00020622_003.jpg,train,1,Atelectasis|Consolidation|Effusion|Fibrosis|Infiltration|Mass|Nodule|Pleural_Thickening|Pneumothorax,20622,3,74,F,PA,2496,3024,train,data/train-00024-of-00032.parquet,1350
00020623_001,00020623_001.jpg,train,0,Infiltration,20623,1,73,M,PA,2730,2991,train,data/train-00024-of-00032.parquet,1352
00020624_002,00020624_002.jpg,train,0,No Finding,20624,2,70,M,PA,3056,2516,train,data/train-00024-of-00032.parquet,1357
00020629_006,00020629_006.jpg,train,1,Effusion|Infiltration|Pneumothorax,20629,6,56,F,PA,2542,2438,train,data/train-00024-of-00032.parquet,1383
00020629_007,00020629_007.jpg,train,1,Effusion|Pneumothorax,20629,7,56,F,PA,2992,2991,train,data/train-00024-of-00032.parquet,1384
00020630_000,00020630_000.jpg,train,0,No Finding,20630,0,30,M,PA,2992,2991,train,data/train-00024-of-00032.parquet,1395
00020631_001,00020631_001.jpg,train,0,No Finding,20631,1,47,M,PA,2992,2991,train,data/train-00024-of-00032.parquet,1410
00020638_000,00020638_000.jpg,train,0,No Finding,20638,0,28,F,PA,2992,2991,train,data/train-00024-of-00032.parquet,1428
00020641_000,00020641_000.jpg,train,0,No Finding,20641,0,55,F,PA,2338,2521,train,data/train-00024-of-00032.parquet,1431
00020643_000,00020643_000.jpg,train,0,Infiltration,20643,0,48,M,PA,3056,2532,train,data/train-00024-of-00032.parquet,1439
00020645_000,00020645_000.jpg,train,0,No Finding,20645,0,65,M,PA,2670,2487,train,data/train-00024-of-00032.parquet,1442
00020648_003,00020648_003.jpg,train,0,Atelectasis|Infiltration,20648,0,54,M,PA,2770,2991,train,data/train-00024-of-00032.parquet,1448
00020650_000,00020650_000.jpg,train,0,No Finding,20650,0,24,F,PA,3056,2544,train,data/train-00024-of-00032.parquet,1455
00020652_016,00020652_016.jpg,train,1,Atelectasis|Pneumothorax,20652,16,41,F,PA,2702,2991,train,data/train-00024-of-00032.parquet,1474
00020652_017,00020652_017.jpg,train,1,Pneumothorax,20652,17,41,F,PA,2492,3056,train,data/train-00024-of-00032.parquet,1475
00020660_000,00020660_000.jpg,train,0,No Finding,20660,0,77,M,PA,2868,2666,train,data/train-00024-of-00032.parquet,1502
00020666_000,00020666_000.jpg,train,0,No Finding,20666,0,40,M,PA,2992,2991,train,data/train-00024-of-00032.parquet,1509
00020680_001,00020680_001.jpg,train,1,Pneumothorax,20680,1,51,M,AP,3056,2544,train,data/train-00024-of-00032.parquet,1538
00020680_003,00020680_003.jpg,train,1,Nodule|Pneumothorax,20680,3,51,M,PA,2992,2991,train,data/train-00024-of-00032.parquet,1540
00020684_000,00020684_000.jpg,train,0,Cardiomegaly,20684,0,23,F,PA,2510,2593,train,data/train-00024-of-00032.parquet,1550
00020694_000,00020694_000.jpg,train,0,No Finding,20694,0,43,M,PA,2500,2048,train,data/train-00024-of-00032.parquet,1566
00020736_000,00020736_000.jpg,train,0,No Finding,20736,0,54,F,PA,2706,2589,train,data/train-00024-of-00032.parquet,1708
00020749_000,00020749_000.jpg,train,0,No Finding,20749,0,42,F,PA,2992,2991,train,data/train-00024-of-00032.parquet,1735
00020752_001,00020752_001.jpg,train,0,Infiltration,20752,1,31,M,PA,2992,2991,train,data/train-00024-of-00032.parquet,1739
00020755_000,00020755_000.jpg,train,0,No Finding,20755,1,65,M,PA,2992,2991,train,data/train-00024-of-00032.parquet,1742
00020758_001,00020758_001.jpg,train,0,Atelectasis|Effusion,20758,1,69,F,PA,2544,2980,train,data/train-00024-of-00032.parquet,1748
00020764_000,00020764_000.jpg,train,0,No Finding,20764,0,48,F,PA,2992,2991,train,data/train-00024-of-00032.parquet,1757
00020773_006,00020773_006.jpg,train,1,Pneumothorax,20773,6,20,M,PA,2992,2991,train,data/train-00024-of-00032.parquet,1772
00020773_007,00020773_007.jpg,train,1,Pneumothorax,20773,7,20,M,PA,2982,2991,train,data/train-00024-of-00032.parquet,1773
00020779_000,00020779_000.jpg,train,1,Infiltration|Nodule|Pneumothorax,20779,0,24,F,PA,2992,2991,train,data/train-00024-of-00032.parquet,1782
00020779_002,00020779_002.jpg,train,0,Pleural_Thickening,20779,2,24,F,PA,2992,2991,train,data/train-00024-of-00032.parquet,1784
00020781_000,00020781_000.jpg,train,0,No Finding,20781,0,24,M,PA,2510,2991,train,data/train-00024-of-00032.parquet,1786
00020785_001,00020785_001.jpg,train,0,Atelectasis,20785,1,59,M,PA,2992,2991,train,data/train-00024-of-00032.parquet,1797
00020787_000,00020787_000.jpg,val,0,No Finding,20787,0,29,M,PA,2936,2852,train,data/train-00024-of-00032.parquet,1803
00020799_000,00020799_000.jpg,val,0,No Finding,20799,0,69,F,PA,2674,2601,train,data/train-00024-of-00032.parquet,1821
00020809_003,00020809_003.jpg,val,1,Pleural_Thickening|Pneumothorax,20809,11,23,M,PA,2544,3056,train,data/train-00024-of-00032.parquet,1838
00020809_005,00020809_005.jpg,val,1,Pneumothorax,20809,0,22,M,PA,2750,2717,train,data/train-00024-of-00032.parquet,1840
00020809_007,00020809_007.jpg,val,0,No Finding,20809,1,22,M,AP,3056,2544,train,data/train-00024-of-00032.parquet,1842
00020811_009,00020811_009.jpg,val,0,No Finding,20811,0,28,M,AP,3056,2544,train,data/train-00024-of-00032.parquet,1856
00020811_010,00020811_010.jpg,val,0,No Finding,20811,1,28,M,AP,3056,2544,train,data/train-00024-of-00032.parquet,1857
00020811_011,00020811_011.jpg,val,0,No Finding,20811,2,28,M,AP,3036,2544,train,data/train-00024-of-00032.parquet,1858
00020818_000,00020818_000.jpg,val,0,No Finding,20818,0,59,F,PA,2254,2991,train,data/train-00024-of-00032.parquet,1876
00020869_007,00020869_007.jpg,val,1,Pneumothorax,20869,9,59,M,PA,2992,2991,train,data/train-00024-of-00032.parquet,2001
00020869_013,00020869_013.jpg,val,0,Atelectasis|Infiltration,20869,1,58,M,AP,3056,2544,train,data/train-00024-of-00032.parquet,2007
00020872_000,00020872_000.jpg,train,0,No Finding,20872,0,65,M,PA,3056,2528,train,data/train-00024-of-00032.parquet,2012
00020875_000,00020875_000.jpg,train,0,No Finding,20875,0,67,M,PA,2992,2991,train,data/train-00024-of-00032.parquet,2015
00020877_000,00020877_000.jpg,val,0,No Finding,20877,0,47,M,PA,2992,2991,train,data/train-00024-of-00032.parquet,2017
00020880_002,00020880_002.jpg,train,1,Pneumothorax,20880,3,35,M,PA,2894,2991,train,data/train-00024-of-00032.parquet,2022
00020880_003,00020880_003.jpg,train,1,Pneumothorax,20880,2,35,M,AP,3056,2544,train,data/train-00024-of-00032.parquet,2023
00020883_000,00020883_000.jpg,train,0,No Finding,20883,1,50,M,PA,2992,2991,train,data/train-00024-of-00032.parquet,2027
00020892_001,00020892_001.jpg,train,0,Atelectasis|Consolidation|Infiltration,20892,2,65,M,PA,2992,2991,train,data/train-00024-of-00032.parquet,2042
00020892_002,00020892_002.jpg,train,0,No Finding,20892,0,64,M,PA,2992,2991,train,data/train-00024-of-00032.parquet,2043
00020893_000,00020893_000.jpg,val,0,No Finding,20893,0,58,M,PA,2992,2991,train,data/train-00024-of-00032.parquet,2044
00020896_000,00020896_000.jpg,train,0,No Finding,20896,0,60,M,PA,2992,2991,train,data/train-00024-of-00032.parquet,2054
00020950_001,00020950_001.jpg,train,0,No Finding,20950,1,52,F,PA,2458,2991,train,data/train-00024-of-00032.parquet,2211
00020960_003,00020960_003.jpg,train,0,Effusion|Fibrosis|Infiltration,20960,2,56,M,PA,2992,2991,train,data/train-00024-of-00032.parquet,2232
00020961_000,00020961_000.jpg,train,0,No Finding,20961,0,54,M,PA,2992,2991,train,data/train-00024-of-00032.parquet,2234
00020965_001,00020965_001.jpg,train,0,Effusion|Infiltration|Pleural_Thickening,20965,1,58,M,PA,2830,2693,train,data/train-00024-of-00032.parquet,2239
00020966_000,00020966_000.jpg,train,0,Atelectasis,20966,0,52,M,PA,2930,2961,train,data/train-00024-of-00032.parquet,2242
00020972_002,00020972_002.jpg,train,1,Mass|Pneumothorax,20972,2,83,F,PA,2730,2693,train,data/train-00024-of-00032.parquet,2277
00020974_001,00020974_001.jpg,train,0,No Finding,20974,1,60,M,PA,2992,2991,train,data/train-00024-of-00032.parquet,2282
00020978_000,00020978_000.jpg,train,0,No Finding,20978,0,53,M,PA,2992,2991,train,data/train-00024-of-00032.parquet,2290
00020978_001,00020978_001.jpg,train,0,No Finding,20978,1,53,M,AP,3056,2544,train,data/train-00024-of-00032.parquet,2291
00021006_021,00021006_021.jpg,val,1,Emphysema|Pneumothorax,21006,8,71,M,PA,2682,2866,train,data/train-00024-of-00032.parquet,2386
00021036_002,00021036_002.jpg,train,1,Pneumothorax,21036,4,39,F,PA,2538,2665,train,data/train-00024-of-00032.parquet,2525
00021036_003,00021036_003.jpg,train,1,Emphysema|Infiltration|Pneumothorax,21036,5,39,F,PA,2992,2991,train,data/train-00024-of-00032.parquet,2526
00021036_004,00021036_004.jpg,train,1,Emphysema|Infiltration|Pneumothorax,21036,6,39,F,PA,2550,2600,train,data/train-00024-of-00032.parquet,2527
00021039_002,00021039_002.jpg,train,0,Atelectasis,21039,2,42,F,PA,2528,2988,train,data/train-00024-of-00032.parquet,2537
00021040_000,00021040_000.jpg,train,0,Atelectasis,21040,0,73,M,PA,2992,2991,train,data/train-00024-of-00032.parquet,2538
00021053_000,00021053_000.jpg,train,0,No Finding,21053,0,66,M,PA,2992,2991,train,data/train-00024-of-00032.parquet,2569
00021057_002,00021057_002.jpg,train,0,No Finding,21057,2,27,F,PA,2482,2697,train,data/train-00024-of-00032.parquet,2577
00021061_000,00021061_000.jpg,train,0,No Finding,21061,0,32,F,PA,2438,2991,train,data/train-00024-of-00032.parquet,2585
00021064_000,00021064_000.jpg,train,0,No Finding,21064,0,71,M,AP,2500,2048,train,data/train-00024-of-00032.parquet,2590
00021065_000,00021065_000.jpg,train,0,No Finding,21065,0,68,F,PA,2020,2021,train,data/train-00024-of-00032.parquet,2591
00021066_002,00021066_002.jpg,train,0,No Finding,21066,0,61,F,AP,3056,2544,train,data/train-00024-of-00032.parquet,2597
00021067_000,00021067_000.jpg,train,0,Nodule,21067,0,39,F,PA,2021,2021,train,data/train-00024-of-00032.parquet,2599
00021071_001,00021071_001.jpg,train,0,No Finding,21071,1,47,M,PA,2992,2991,train,data/train-00024-of-00032.parquet,2604
00021073_008,00021073_008.jpg,train,1,Atelectasis|Emphysema|Fibrosis|Nodule|Pleural_Thickening|Pneumothorax,21073,8,50,M,PA,2992,2991,train,data/train-00024-of-00032.parquet,2619
00021075_000,00021075_000.jpg,train,0,No Finding,21075,2,59,M,PA,2992,2991,train,data/train-00024-of-00032.parquet,2630
00021092_001,00021092_001.jpg,train,1,Pneumothorax,21092,1,47,M,PA,2992,2991,train,data/train-00024-of-00032.parquet,2680
00021092_002,00021092_002.jpg,train,1,Pneumothorax,21092,2,47,M,PA,3056,2492,train,data/train-00024-of-00032.parquet,2681
00021092_003,00021092_003.jpg,train,1,Atelectasis|Pneumothorax,21092,3,47,M,PA,2992,2991,train,data/train-00024-of-00032.parquet,2682
00021095_000,00021095_000.jpg,train,0,No Finding,21095,0,29,F,PA,2992,2991,train,data/train-00024-of-00032.parquet,2691
00021096_000,00021096_000.jpg,train,0,No Finding,21096,0,27,M,PA,2882,2991,train,data/train-00024-of-00032.parquet,2692
00021101_000,00021101_000.jpg,train,0,No Finding,21101,0,35,F,PA,2738,2991,train,data/train-00024-of-00032.parquet,2698
00021110_001,00021110_001.jpg,train,1,Pneumothorax,21110,1,51,F,PA,3056,2544,train,data/train-00025-of-00032.parquet,15
00021110_002,00021110_002.jpg,train,1,Cardiomegaly|Pneumothorax,21110,2,51,F,PA,2992,2901,train,data/train-00025-of-00032.parquet,16
00021110_003,00021110_003.jpg,train,1,Infiltration|Pneumothorax,21110,3,52,F,PA,2021,2021,train,data/train-00025-of-00032.parquet,17
00021112_000,00021112_000.jpg,train,0,Nodule|Pleural_Thickening,21112,0,59,M,PA,2992,2991,train,data/train-00025-of-00032.parquet,24
00021112_002,00021112_002.jpg,train,1,Pneumothorax,21112,2,59,M,PA,2898,2991,train,data/train-00025-of-00032.parquet,26
00021113_001,00021113_001.jpg,train,0,No Finding,21113,1,41,M,PA,2508,2469,train,data/train-00025-of-00032.parquet,33
00021123_000,00021123_000.jpg,train,0,No Finding,21123,0,64,M,PA,2992,2991,train,data/train-00025-of-00032.parquet,72
00021123_001,00021123_001.jpg,train,0,No Finding,21123,1,65,M,PA,2992,2991,train,data/train-00025-of-00032.parquet,73
00021127_015,00021127_015.jpg,train,1,Pneumothorax,21127,4,64,M,PA,2992,2991,train,data/train-00025-of-00032.parquet,95
00021128_000,00021128_000.jpg,train,0,Infiltration|Nodule,21128,0,49,M,PA,2992,2991,train,data/train-00025-of-00032.parquet,99
00021209_001,00021209_001.jpg,train,0,Effusion|Infiltration,21209,1,49,M,AP,2980,2544,train,data/train-00025-of-00032.parquet,308
00021213_000,00021213_000.jpg,train,0,No Finding,21213,2,55,M,AP,3056,2544,train,data/train-00025-of-00032.parquet,329
00021217_001,00021217_001.jpg,train,0,No Finding,21217,0,36,F,PA,2406,2513,train,data/train-00025-of-00032.parquet,341
00021219_007,00021219_007.jpg,train,1,Pneumothorax,21219,7,48,M,AP,3056,2544,train,data/train-00025-of-00032.parquet,350
00021219_017,00021219_017.jpg,train,1,Pneumothorax,21219,17,48,M,PA,2754,2625,train,data/train-00025-of-00032.parquet,360
00021225_000,00021225_000.jpg,train,0,No Finding,21225,0,38,F,PA,2992,2991,train,data/train-00025-of-00032.parquet,369
00021229_000,00021229_000.jpg,train,0,No Finding,21229,0,56,M,PA,2992,2991,train,data/train-00025-of-00032.parquet,377
00021232_000,00021232_000.jpg,train,0,No Finding,21232,0,25,F,PA,2544,3056,train,data/train-00025-of-00032.parquet,388
00021236_002,00021236_002.jpg,train,1,Atelectasis|Emphysema|Infiltration|Pneumothorax,21236,2,65,M,PA,2992,2991,train,data/train-00025-of-00032.parquet,394
00021236_003,00021236_003.jpg,train,1,Atelectasis|Pneumothorax,21236,3,65,M,AP,3056,2544,train,data/train-00025-of-00032.parquet,395
00021252_002,00021252_002.jpg,train,0,No Finding,21252,2,35,M,AP,3056,2544,train,data/train-00025-of-00032.parquet,446
00021255_006,00021255_006.jpg,train,0,No Finding,21255,0,28,M,PA,2702,2991,train,data/train-00025-of-00032.parquet,474
00021258_000,00021258_000.jpg,train,0,Infiltration,21258,0,47,F,PA,3056,2544,train,data/train-00025-of-00032.parquet,480
00021260_005,00021260_005.jpg,train,0,Cardiomegaly,21260,0,61,F,PA,2420,2648,train,data/train-00025-of-00032.parquet,487
00021261_000,00021261_000.jpg,train,0,Infiltration,21261,0,35,F,PA,2482,2991,train,data/train-00025-of-00032.parquet,490
00021263_000,00021263_000.jpg,train,0,No Finding,21263,0,51,F,PA,2992,2991,train,data/train-00025-of-00032.parquet,492
00021264_003,00021264_003.jpg,train,1,Emphysema|Pneumothorax,21264,3,53,M,PA,2992,2991,train,data/train-00025-of-00032.parquet,497
00021345_000,00021345_000.jpg,train,0,Effusion,21345,0,42,F,PA,2992,2991,train,data/train-00025-of-00032.parquet,708
00021347_001,00021347_001.jpg,train,0,No Finding,21347,1,64,M,PA,2910,2657,train,data/train-00025-of-00032.parquet,717
00021362_004,00021362_004.jpg,train,1,Effusion|Pneumothorax,21362,4,58,F,PA,2544,3056,train,data/train-00025-of-00032.parquet,747
00021362_005,00021362_005.jpg,train,1,Effusion|Infiltration|Nodule|Pneumothorax,21362,5,58,F,PA,2706,2991,train,data/train-00025-of-00032.parquet,748
00021366_001,00021366_001.jpg,train,0,No Finding,21366,2,37,M,PA,2021,2021,train,data/train-00025-of-00032.parquet,753
00021371_000,00021371_000.jpg,train,0,No Finding,21371,2,34,F,PA,2610,2991,train,data/train-00025-of-00032.parquet,765
00021383_005,00021383_005.jpg,train,0,Atelectasis,21383,1,39,M,PA,2992,2991,train,data/train-00025-of-00032.parquet,800
00021393_000,00021393_000.jpg,train,0,No Finding,21393,0,59,F,PA,2992,2991,train,data/train-00025-of-00032.parquet,816
00021394_000,00021394_000.jpg,train,0,No Finding,21394,0,74,M,PA,2992,2991,train,data/train-00025-of-00032.parquet,817
00021395_000,00021395_000.jpg,train,0,No Finding,21395,0,50,M,PA,2992,2991,train,data/train-00025-of-00032.parquet,818
00021400_000,00021400_000.jpg,train,0,No Finding,21400,0,50,F,PA,2586,2657,train,data/train-00025-of-00032.parquet,824
00021403_000,00021403_000.jpg,train,0,No Finding,21403,0,24,F,AP,3056,2544,train,data/train-00025-of-00032.parquet,828
00021413_000,00021413_000.jpg,train,0,Infiltration,21413,0,40,M,PA,2586,2991,train,data/train-00025-of-00032.parquet,842
00021414_001,00021414_001.jpg,train,0,Effusion|Infiltration,21414,1,56,M,PA,2992,2991,train,data/train-00025-of-00032.parquet,844
00021423_003,00021423_003.jpg,train,0,No Finding,21423,2,45,M,PA,2862,2785,train,data/train-00025-of-00032.parquet,861
00021431_009,00021431_009.jpg,train,1,Effusion|Pneumothorax,21431,9,43,M,PA,2992,2991,train,data/train-00025-of-00032.parquet,885
00021434_000,00021434_000.jpg,train,0,Atelectasis,21434,0,24,F,PA,2974,2991,train,data/train-00025-of-00032.parquet,889
00021441_000,00021441_000.jpg,train,0,No Finding,21441,0,51,F,PA,2992,2991,train,data/train-00025-of-00032.parquet,898
00021441_001,00021441_001.jpg,train,0,Emphysema,21441,1,51,F,AP,2986,2544,train,data/train-00025-of-00032.parquet,899
00021442_000,00021442_000.jpg,val,0,No Finding,21442,0,42,F,PA,2992,2991,train,data/train-00025-of-00032.parquet,903
00021445_000,00021445_000.jpg,val,0,No Finding,21445,0,40,M,PA,2990,2991,train,data/train-00025-of-00032.parquet,905
00021446_000,00021446_000.jpg,train,0,No Finding,21446,0,33,M,PA,3056,2528,train,data/train-00025-of-00032.parquet,906
00021447_001,00021447_001.jpg,val,0,No Finding,21447,1,62,M,PA,2021,2021,train,data/train-00025-of-00032.parquet,909
00021448_000,00021448_000.jpg,train,1,Edema|Infiltration|Mass|Pneumothorax,21448,0,54,F,PA,2544,3056,train,data/train-00025-of-00032.parquet,910
00021449_004,00021449_004.jpg,val,1,Pneumothorax,21449,4,52,F,PA,2992,2991,train,data/train-00025-of-00032.parquet,917
00021454_000,00021454_000.jpg,train,0,No Finding,21454,0,78,F,PA,2598,2991,train,data/train-00025-of-00032.parquet,929
00021456_000,00021456_000.jpg,val,0,Infiltration,21456,0,43,F,PA,2496,3056,train,data/train-00025-of-00032.parquet,941
00021457_001,00021457_001.jpg,train,1,Atelectasis|Pneumothorax,21457,1,34,M,AP,3056,2544,train,data/train-00025-of-00032.parquet,943
00021457_009,00021457_009.jpg,train,1,Atelectasis|Effusion|Infiltration|Pleural_Thickening|Pneumothorax,21457,9,34,M,AP,3020,2544,train,data/train-00025-of-00032.parquet,951
00021552_024,00021552_024.jpg,train,1,Infiltration|Pneumothorax,21552,10,50,M,PA,2992,2991,train,data/train-00025-of-00032.parquet,1240
00021553_000,00021553_000.jpg,train,0,No Finding,21553,0,65,M,PA,3056,2544,train,data/train-00025-of-00032.parquet,1242
00021555_000,00021555_000.jpg,train,0,No Finding,21555,0,54,F,PA,2650,2991,train,data/train-00025-of-00032.parquet,1244
00021557_002,00021557_002.jpg,train,0,Infiltration,21557,2,63,M,PA,2021,2021,train,data/train-00025-of-00032.parquet,1249
00021559_000,00021559_000.jpg,train,0,No Finding,21559,0,34,F,PA,2650,2991,train,data/train-00025-of-00032.parquet,1251
00021562_000,00021562_000.jpg,train,0,No Finding,21562,0,56,M,PA,2992,2991,train,data/train-00025-of-00032.parquet,1254
00021566_000,00021566_000.jpg,train,0,No Finding,21566,0,31,F,PA,2544,3056,train,data/train-00025-of-00032.parquet,1282
00021567_002,00021567_002.jpg,train,0,Infiltration,21567,2,20,M,PA,2694,2801,train,data/train-00025-of-00032.parquet,1285
00021572_015,00021572_015.jpg,train,0,No Finding,21572,1,26,F,PA,3036,2544,train,data/train-00025-of-00032.parquet,1309
00021572_016,00021572_016.jpg,train,0,Cardiomegaly,21572,2,26,F,AP,3056,2544,train,data/train-00025-of-00032.parquet,1310
00021573_000,00021573_000.jpg,train,0,Consolidation|Fibrosis,21573,0,49,F,PA,2992,2991,train,data/train-00025-of-00032.parquet,1319
00021578_000,00021578_000.jpg,train,0,Infiltration,21578,0,54,F,PA,2542,2991,train,data/train-00025-of-00032.parquet,1325
00021581_002,00021581_002.jpg,train,0,Mass,21581,2,62,M,AP,3056,2544,train,data/train-00025-of-00032.parquet,1331
00021582_009,00021582_009.jpg,train,1,Pneumothorax,21582,9,72,F,PA,2806,2348,train,data/train-00025-of-00032.parquet,1341
00021584_005,00021584_005.jpg,train,0,No Finding,21584,1,44,M,AP,3056,2544,train,data/train-00025-of-00032.parquet,1349
00021593_000,00021593_000.jpg,train,0,Infiltration,21593,0,20,M,PA,2606,2757,train,data/train-00025-of-00032.parquet,1367
00021597_000,00021597_000.jpg,train,0,Mass,21597,0,61,F,PA,2992,2991,train,data/train-00025-of-00032.parquet,1371
00021610_008,00021610_008.jpg,train,1,Pneumothorax,21610,6,45,M,AP,3056,2544,train,data/train-00025-of-00032.parquet,1401
00021610_010,00021610_010.jpg,train,1,Effusion|Nodule|Pneumothorax,21610,8,45,M,PA,2992,2991,train,data/train-00025-of-00032.parquet,1403
00021611_000,00021611_000.jpg,train,1,Pneumothorax,21611,1,36,F,PA,2992,2991,train,data/train-00025-of-00032.parquet,1430
00021611_002,00021611_002.jpg,train,1,Pneumothorax,21611,3,37,F,PA,2992,2991,train,data/train-00025-of-00032.parquet,1432
00021611_003,00021611_003.jpg,train,1,Pneumothorax,21611,4,38,F,PA,2544,3056,train,data/train-00025-of-00032.parquet,1433
00021612_001,00021612_001.jpg,train,0,No Finding,21612,1,41,F,PA,2992,2991,train,data/train-00025-of-00032.parquet,1439
00021616_011,00021616_011.jpg,train,0,No Finding,21616,2,53,M,AP,3056,2544,train,data/train-00025-of-00032.parquet,1457
00021617_000,00021617_000.jpg,train,1,Effusion|Infiltration|Pneumothorax,21617,0,55,F,PA,2544,3056,train,data/train-00025-of-00032.parquet,1459
00021617_001,00021617_001.jpg,train,0,Effusion,21617,1,55,F,PA,2386,2991,train,data/train-00025-of-00032.parquet,1460
00021618_016,00021618_016.jpg,train,0,No Finding,21618,0,35,M,PA,2992,2991,train,data/train-00025-of-00032.parquet,1477
00021618_018,00021618_018.jpg,train,0,Effusion|Mass|Pleural_Thickening,21618,2,35,M,PA,2992,2991,train,data/train-00025-of-00032.parquet,1479
00021619_002,00021619_002.jpg,train,0,No Finding,21619,0,40,F,PA,2992,2991,train,data/train-00025-of-00032.parquet,1483
00021623_000,00021623_000.jpg,train,0,No Finding,21623,0,67,M,PA,2992,2991,train,data/train-00025-of-00032.parquet,1492
00021626_000,00021626_000.jpg,train,0,Infiltration|Mass,21626,0,53,F,PA,2524,2316,train,data/train-00025-of-00032.parquet,1496
00021627_001,00021627_001.jpg,train,0,No Finding,21627,1,42,M,AP,3056,2544,train,data/train-00025-of-00032.parquet,1510
00021629_000,00021629_000.jpg,train,0,Infiltration|Mass,21629,0,63,M,PA,2992,2991,train,data/train-00025-of-00032.parquet,1518
00021649_001,00021649_001.jpg,train,1,Pneumothorax,21649,3,72,F,PA,2021,2021,train,data/train-00025-of-00032.parquet,1563
00021649_002,00021649_002.jpg,train,0,No Finding,21649,0,69,F,PA,2524,3052,train,data/train-00025-of-00032.parquet,1564
00021651_001,00021651_001.jpg,train,1,Pneumothorax,21651,1,59,F,PA,2544,3056,train,data/train-00025-of-00032.parquet,1568
00021672_000,00021672_000.jpg,train,0,Nodule,21672,0,45,F,PA,2658,2845,train,data/train-00025-of-00032.parquet,1604
00021676_000,00021676_000.jpg,train,0,Infiltration,21676,0,31,M,PA,3056,2464,train,data/train-00025-of-00032.parquet,1612
00021694_000,00021694_000.jpg,train,0,Atelectasis,21694,0,57,F,PA,2642,2991,train,data/train-00025-of-00032.parquet,1640
00021698_001,00021698_001.jpg,train,0,Atelectasis|Nodule,21698,1,69,F,PA,2544,3056,train,data/train-00025-of-00032.parquet,1652
00021699_002,00021699_002.jpg,train,0,Infiltration,21699,2,35,M,PA,2992,2991,train,data/train-00025-of-00032.parquet,1655
00021706_003,00021706_003.jpg,train,0,Atelectasis,21706,2,69,F,PA,2722,2741,train,data/train-00025-of-00032.parquet,1674
00021707_001,00021707_001.jpg,train,1,Pneumothorax,21707,0,38,F,AP,2048,2500,train,data/train-00025-of-00032.parquet,1678
00021708_002,00021708_002.jpg,train,0,Mass|Nodule,21708,2,42,M,PA,2992,2991,train,data/train-00025-of-00032.parquet,1684
00021720_000,00021720_000.jpg,train,0,No Finding,21720,0,64,F,PA,2818,2865,train,data/train-00025-of-00032.parquet,1703
00021724_000,00021724_000.jpg,train,0,Fibrosis|Pleural_Thickening,21724,0,59,M,PA,2862,2991,train,data/train-00025-of-00032.parquet,1707
00021725_000,00021725_000.jpg,train,0,Consolidation|Infiltration|Mass,21725,0,64,M,AP,3056,2544,train,data/train-00025-of-00032.parquet,1708
00021728_003,00021728_003.jpg,train,0,No Finding,21728,2,28,F,PA,2544,3020,train,data/train-00025-of-00032.parquet,1719
00021743_000,00021743_000.jpg,train,0,No Finding,21743,0,69,M,AP,3056,2544,train,data/train-00025-of-00032.parquet,1742
00021750_002,00021750_002.jpg,train,0,No Finding,21750,0,68,M,AP,2500,2048,train,data/train-00025-of-00032.parquet,1753
00021759_013,00021759_013.jpg,train,1,Atelectasis|Pneumothorax,21759,4,40,M,PA,3056,2492,train,data/train-00025-of-00032.parquet,1792
00021795_000,00021795_000.jpg,train,0,Effusion,21795,0,64,F,PA,2992,2991,train,data/train-00025-of-00032.parquet,1902
00021795_001,00021795_001.jpg,train,1,Effusion|Pneumothorax,21795,1,64,F,PA,2170,2991,train,data/train-00025-of-00032.parquet,1903
00021804_000,00021804_000.jpg,train,0,Infiltration,21804,0,31,F,PA,2642,2991,train,data/train-00025-of-00032.parquet,1913
00021810_001,00021810_001.jpg,train,0,Atelectasis,21810,1,49,F,PA,2992,2991,train,data/train-00025-of-00032.parquet,1936
00021811_001,00021811_001.jpg,train,0,Atelectasis|Effusion,21811,1,36,M,PA,2992,2991,train,data/train-00025-of-00032.parquet,1938
00021812_000,00021812_000.jpg,train,1,Effusion|Pneumothorax,21812,0,66,M,AP,2500,2048,train,data/train-00025-of-00032.parquet,1943
00021816_002,00021816_002.jpg,train,0,Infiltration,21816,1,26,F,AP,3056,2544,train,data/train-00025-of-00032.parquet,1951
00021817_002,00021817_002.jpg,train,1,Pneumothorax,21817,4,41,F,PA,2992,2991,train,data/train-00025-of-00032.parquet,1956
00021825_000,00021825_000.jpg,train,0,No Finding,21825,0,47,F,PA,2754,2991,train,data/train-00025-of-00032.parquet,1977
00021832_000,00021832_000.jpg,train,0,No Finding,21832,0,34,M,PA,2992,2985,train,data/train-00025-of-00032.parquet,1989
00021859_000,00021859_000.jpg,val,0,No Finding,21859,0,23,F,PA,2482,2991,train,data/train-00025-of-00032.parquet,2074
00021865_000,00021865_000.jpg,val,1,Pneumothorax,21865,1,26,F,PA,2350,2805,train,data/train-00025-of-00032.parquet,2079
00021865_001,00021865_001.jpg,val,1,Pneumothorax,21865,2,26,F,PA,2674,2429,train,data/train-00025-of-00032.parquet,2080
00021865_003,00021865_003.jpg,val,1,Fibrosis|Pneumothorax,21865,0,25,F,PA,2390,2445,train,data/train-00025-of-00032.parquet,2082
00021880_002,00021880_002.jpg,train,0,No Finding,21880,1,42,M,PA,2992,2991,train,data/train-00025-of-00032.parquet,2101
00021883_000,00021883_000.jpg,train,0,No Finding,21883,1,48,M,PA,2992,2991,train,data/train-00025-of-00032.parquet,2104
00021883_001,00021883_001.jpg,train,0,No Finding,21883,2,48,M,PA,2992,2991,train,data/train-00025-of-00032.parquet,2105
00021889_008,00021889_008.jpg,train,1,Pneumothorax,21889,8,62,F,PA,2682,2991,train,data/train-00025-of-00032.parquet,2128
00021891_000,00021891_000.jpg,train,0,No Finding,21891,0,59,M,PA,2958,2991,train,data/train-00025-of-00032.parquet,2131
00021894_000,00021894_000.jpg,train,0,Effusion|Infiltration|Mass|Nodule|Pleural_Thickening,21894,0,49,F,PA,2388,2916,train,data/train-00025-of-00032.parquet,2134
00021915_000,00021915_000.jpg,train,0,Fibrosis,21915,0,44,F,PA,2488,3056,train,data/train-00025-of-00032.parquet,2177
00021920_001,00021920_001.jpg,train,0,No Finding,21920,1,31,M,PA,2710,2485,train,data/train-00025-of-00032.parquet,2196
00021968_005,00021968_005.jpg,train,1,Atelectasis|Pneumothorax,21968,5,30,M,PA,2992,2769,train,data/train-00025-of-00032.parquet,2328
00021968_006,00021968_006.jpg,train,1,Atelectasis|Pneumothorax,21968,6,30,M,PA,2422,2751,train,data/train-00025-of-00032.parquet,2329
00021968_008,00021968_008.jpg,train,1,Atelectasis|Effusion|Pneumothorax,21968,8,30,M,PA,2992,2991,train,data/train-00025-of-00032.parquet,2331
00021970_006,00021970_006.jpg,train,0,Nodule,21970,2,57,F,PA,2992,2991,train,data/train-00025-of-00032.parquet,2341
00021976_004,00021976_004.jpg,train,1,Pneumothorax,21976,3,65,F,PA,2992,2991,train,data/train-00025-of-00032.parquet,2351
00021976_006,00021976_006.jpg,train,1,Effusion|Pneumothorax,21976,5,65,F,PA,2992,2991,train,data/train-00025-of-00032.parquet,2353
00021985_000,00021985_000.jpg,train,0,No Finding,21985,0,65,F,AP,3056,2544,train,data/train-00025-of-00032.parquet,2376
00021986_000,00021986_000.jpg,train,0,No Finding,21986,0,46,M,PA,2992,2621,train,data/train-00025-of-00032.parquet,2377
00022066_000,00022066_000.jpg,train,0,Pleural_Thickening,22066,0,50,M,PA,2992,2991,train,data/train-00025-of-00032.parquet,2612
00022069_000,00022069_000.jpg,train,0,No Finding,22069,0,63,M,AP,3056,2544,train,data/train-00025-of-00032.parquet,2615
00022071_003,00022071_003.jpg,train,0,Atelectasis|Mass,22071,2,46,F,PA,2862,2613,train,data/train-00025-of-00032.parquet,2625
00022074_000,00022074_000.jpg,train,0,Infiltration,22074,0,31,M,AP,3056,2544,train,data/train-00025-of-00032.parquet,2639
00022083_002,00022083_002.jpg,train,1,Mass|Pleural_Thickening|Pneumothorax,22083,2,68,M,PA,2992,2991,train,data/train-00025-of-00032.parquet,2655
00022087_000,00022087_000.jpg,train,0,No Finding,22087,1,45,F,PA,2021,2021,train,data/train-00025-of-00032.parquet,2659
00022088_000,00022088_000.jpg,train,0,Effusion|Mass|Pleural_Thickening,22088,0,73,M,PA,2686,2974,train,data/train-00025-of-00032.parquet,2661
00022102_000,00022102_000.jpg,train,0,No Finding,22102,0,25,M,PA,2678,2549,train,data/train-00025-of-00032.parquet,2675
00022104_001,00022104_001.jpg,train,0,No Finding,22104,1,63,M,PA,2992,2991,train,data/train-00025-of-00032.parquet,2678
00022105_000,00022105_000.jpg,train,0,Infiltration,22105,0,37,F,PA,1849,2021,train,data/train-00025-of-00032.parquet,2682
00022106_013,00022106_013.jpg,train,0,No Finding,22106,0,22,M,PA,2992,2991,train,data/train-00025-of-00032.parquet,2697
00022108_000,00022108_000.jpg,train,0,Infiltration,22108,0,27,M,PA,2992,2991,train,data/train-00026-of-00032.parquet,7
00022109_000,00022109_000.jpg,train,0,No Finding,22109,0,51,F,PA,2382,2665,train,data/train-00026-of-00032.parquet,8
00022112_000,00022112_000.jpg,train,0,No Finding,22112,0,58,F,PA,1754,2021,train,data/train-00026-of-00032.parquet,11
00022116_000,00022116_000.jpg,train,0,No Finding,22116,0,46,M,PA,3056,2544,train,data/train-00026-of-00032.parquet,20
00022119_002,00022119_002.jpg,train,1,Pneumothorax,22119,0,61,F,PA,2992,2991,train,data/train-00026-of-00032.parquet,28
00022121_000,00022121_000.jpg,train,0,No Finding,22121,0,47,F,PA,2736,2739,train,data/train-00026-of-00032.parquet,31
00022123_000,00022123_000.jpg,train,0,Effusion,22123,0,40,M,PA,2992,2991,train,data/train-00026-of-00032.parquet,34
00022131_000,00022131_000.jpg,train,0,No Finding,22131,0,38,M,PA,2992,2991,train,data/train-00026-of-00032.parquet,48
00022132_002,00022132_002.jpg,train,1,Effusion|Pneumothorax,22132,2,57,F,PA,2590,2991,train,data/train-00026-of-00032.parquet,51
00022149_000,00022149_000.jpg,train,0,No Finding,22149,1,49,M,PA,2992,2991,train,data/train-00026-of-00032.parquet,117
00022150_000,00022150_000.jpg,train,0,No Finding,22150,0,66,M,PA,3056,2493,train,data/train-00026-of-00032.parquet,119
00022159_001,00022159_001.jpg,train,0,No Finding,22159,0,24,F,PA,2802,2641,train,data/train-00026-of-00032.parquet,139
00022161_000,00022161_000.jpg,train,0,Pleural_Thickening,22161,0,51,F,PA,2992,2991,train,data/train-00026-of-00032.parquet,141
00022162_000,00022162_000.jpg,train,0,No Finding,22162,0,62,M,PA,2992,2991,train,data/train-00026-of-00032.parquet,142
00022166_005,00022166_005.jpg,train,0,No Finding,22166,0,19,F,PA,2650,2442,train,data/train-00026-of-00032.parquet,158
00022182_001,00022182_001.jpg,train,1,Pneumothorax,22182,1,56,F,PA,2992,2991,train,data/train-00026-of-00032.parquet,194
00022185_007,00022185_007.jpg,train,1,Pneumothorax,22185,7,77,M,PA,2992,2991,train,data/train-00026-of-00032.parquet,206
00022185_008,00022185_008.jpg,train,1,Effusion|Pleural_Thickening|Pneumothorax,22185,8,77,M,PA,2992,2991,train,data/train-00026-of-00032.parquet,207
00022185_009,00022185_009.jpg,train,1,Atelectasis|Effusion|Pleural_Thickening|Pneumothorax,22185,9,77,M,PA,3052,2528,train,data/train-00026-of-00032.parquet,208
00022187_003,00022187_003.jpg,train,0,No Finding,22187,0,22,M,PA,2992,2991,train,data/train-00026-of-00032.parquet,227
00022190_000,00022190_000.jpg,train,0,Infiltration,22190,0,39,F,PA,2480,3024,train,data/train-00026-of-00032.parquet,232
00022193_000,00022193_000.jpg,train,0,Infiltration,22193,0,71,F,PA,2766,2991,train,data/train-00026-of-00032.parquet,234
00022196_002,00022196_002.jpg,train,0,No Finding,22196,0,51,F,PA,2566,2893,train,data/train-00026-of-00032.parquet,239
00022205_000,00022205_000.jpg,train,0,Infiltration,22205,1,60,F,PA,2992,2991,train,data/train-00026-of-00032.parquet,268
00022206_008,00022206_008.jpg,train,0,No Finding,22206,1,41,F,AP,3056,2544,train,data/train-00026-of-00032.parquet,278
00022212_000,00022212_000.jpg,train,0,No Finding,22212,0,38,F,PA,2992,2991,train,data/train-00026-of-00032.parquet,302
00022229_000,00022229_000.jpg,train,0,No Finding,22229,1,45,F,PA,2544,3056,train,data/train-00026-of-00032.parquet,318
00022230_001,00022230_001.jpg,train,0,No Finding,22230,0,39,F,PA,2422,2553,train,data/train-00026-of-00032.parquet,321
00022232_000,00022232_000.jpg,train,0,Infiltration,22232,0,29,M,PA,2992,2991,train,data/train-00026-of-00032.parquet,325
00022233_000,00022233_000.jpg,train,0,Effusion,22233,0,44,F,PA,2021,2021,train,data/train-00026-of-00032.parquet,326
00022234_000,00022234_000.jpg,train,0,No Finding,22234,0,39,M,PA,2982,2991,train,data/train-00026-of-00032.parquet,327
00022235_002,00022235_002.jpg,train,1,Emphysema|Mass|Pneumothorax,22235,2,46,M,PA,3056,2508,train,data/train-00026-of-00032.parquet,330
00022246_000,00022246_000.jpg,train,0,No Finding,22246,1,43,M,PA,3056,2544,train,data/train-00026-of-00032.parquet,380
00022247_001,00022247_001.jpg,train,0,No Finding,22247,1,59,F,PA,2992,2991,train,data/train-00026-of-00032.parquet,384
00022248_000,00022248_000.jpg,train,0,No Finding,22248,1,35,F,PA,2992,2991,train,data/train-00026-of-00032.parquet,385
00022341_006,00022341_006.jpg,train,0,No Finding,22341,0,53,M,PA,2992,2991,train,data/train-00026-of-00032.parquet,701
00022345_001,00022345_001.jpg,train,1,Pneumothorax,22345,2,29,F,PA,2992,2991,train,data/train-00026-of-00032.parquet,707
00022346_000,00022346_000.jpg,train,0,Pleural_Thickening,22346,0,53,M,PA,2992,2991,train,data/train-00026-of-00032.parquet,710
00022349_001,00022349_001.jpg,train,0,No Finding,22349,1,25,F,PA,2021,2021,train,data/train-00026-of-00032.parquet,714
00022352_001,00022352_001.jpg,train,0,Atelectasis,22352,2,42,M,PA,2992,2991,train,data/train-00026-of-00032.parquet,718
00022356_001,00022356_001.jpg,train,0,No Finding,22356,1,63,M,PA,2992,2991,train,data/train-00026-of-00032.parquet,724
00022364_002,00022364_002.jpg,train,0,Infiltration,22364,2,48,F,PA,2992,2991,train,data/train-00026-of-00032.parquet,740
00022365_000,00022365_000.jpg,train,0,No Finding,22365,0,32,F,PA,2478,2991,train,data/train-00026-of-00032.parquet,743
00022367_000,00022367_000.jpg,train,0,Nodule,22367,0,47,F,PA,2544,2816,train,data/train-00026-of-00032.parquet,746
00022370_000,00022370_000.jpg,train,0,No Finding,22370,0,51,F,PA,2992,2991,train,data/train-00026-of-00032.parquet,750
00022372_000,00022372_000.jpg,train,0,Infiltration,22372,0,58,M,PA,3056,2544,train,data/train-00026-of-00032.parquet,752
00022376_000,00022376_000.jpg,train,0,No Finding,22376,0,43,F,PA,2502,2991,train,data/train-00026-of-00032.parquet,765
00022386_001,00022386_001.jpg,train,0,Pleural_Thickening,22386,0,64,M,PA,2992,2991,train,data/train-00026-of-00032.parquet,781
00022394_000,00022394_000.jpg,train,0,Atelectasis,22394,0,63,F,PA,2992,2991,train,data/train-00026-of-00032.parquet,789
00022396_000,00022396_000.jpg,train,0,No Finding,22396,0,49,F,PA,2600,2943,train,data/train-00026-of-00032.parquet,792
00022397_004,00022397_004.jpg,train,0,No Finding,22397,1,41,F,AP,3056,2544,train,data/train-00026-of-00032.parquet,797
00022398_003,00022398_003.jpg,train,0,Infiltration,22398,0,26,M,PA,2992,2991,train,data/train-00026-of-00032.parquet,805
00022403_000,00022403_000.jpg,train,0,No Finding,22403,0,59,F,PA,2538,2991,train,data/train-00026-of-00032.parquet,816
00022408_001,00022408_001.jpg,train,1,Pneumothorax,22408,2,53,F,PA,2946,2948,train,data/train-00026-of-00032.parquet,825
00022412_001,00022412_001.jpg,train,0,No Finding,22412,2,51,F,PA,2992,2757,train,data/train-00026-of-00032.parquet,843
00022431_006,00022431_006.jpg,train,1,Emphysema|Pneumothorax,22431,6,61,F,PA,2992,2991,train,data/train-00026-of-00032.parquet,883
00022434_001,00022434_001.jpg,train,0,No Finding,22434,0,74,M,PA,2992,2991,train,data/train-00026-of-00032.parquet,891
00022526_002,00022526_002.jpg,train,1,Effusion|Pneumothorax,22526,4,48,F,PA,2546,2812,train,data/train-00026-of-00032.parquet,1100
00022528_003,00022528_003.jpg,train,0,No Finding,22528,2,28,M,AP,3056,2544,train,data/train-00026-of-00032.parquet,1118
00022546_000,00022546_000.jpg,train,0,No Finding,22546,0,22,F,PA,2992,2991,train,data/train-00026-of-00032.parquet,1174
00022554_000,00022554_000.jpg,train,0,Infiltration,22554,0,49,M,PA,2992,2991,train,data/train-00026-of-00032.parquet,1184
00022559_008,00022559_008.jpg,train,0,No Finding,22559,0,53,F,PA,2992,2991,train,data/train-00026-of-00032.parquet,1197
00022566_004,00022566_004.jpg,train,0,Infiltration,22566,0,90,F,PA,2387,2671,train,data/train-00026-of-00032.parquet,1209
00022566_005,00022566_005.jpg,train,0,No Finding,22566,1,90,F,AP,3056,2544,train,data/train-00026-of-00032.parquet,1210
00022574_001,00022574_001.jpg,train,0,No Finding,22574,1,47,M,PA,2682,2693,train,data/train-00026-of-00032.parquet,1241
00022584_000,00022584_000.jpg,train,0,Infiltration,22584,0,32,M,PA,2992,2991,train,data/train-00026-of-00032.parquet,1253
00022586_000,00022586_000.jpg,train,0,Mass|Nodule,22586,0,55,M,AP,3056,2544,train,data/train-00026-of-00032.parquet,1256
00022591_000,00022591_000.jpg,train,0,Nodule,22591,1,75,F,PA,3056,2544,train,data/train-00026-of-00032.parquet,1264
00022594_000,00022594_000.jpg,train,0,No Finding,22594,0,27,M,PA,2992,2991,train,data/train-00026-of-00032.parquet,1268
00022594_001,00022594_001.jpg,train,1,Effusion|Pneumothorax,22594,1,27,M,PA,2774,2991,train,data/train-00026-of-00032.parquet,1269
00022595_000,00022595_000.jpg,train,0,Infiltration,22595,0,62,F,PA,2854,2991,train,data/train-00026-of-00032.parquet,1270
00022596_008,00022596_008.jpg,train,0,Infiltration,22596,0,52,M,PA,2992,2991,train,data/train-00026-of-00032.parquet,1279
00022599_000,00022599_000.jpg,train,0,Effusion,22599,0,73,F,AP,3056,2544,train,data/train-00026-of-00032.parquet,1282
00022599_001,00022599_001.jpg,train,0,Effusion,22599,1,73,F,AP,3056,2544,train,data/train-00026-of-00032.parquet,1283
00022603_000,00022603_000.jpg,train,1,Pneumothorax,22603,1,27,F,PA,2992,2991,train,data/train-00026-of-00032.parquet,1292
00022604_000,00022604_000.jpg,train,0,No Finding,22604,0,25,M,PA,3036,2544,train,data/train-00026-of-00032.parquet,1294
00022637_000,00022637_000.jpg,train,0,Infiltration,22637,0,64,M,PA,2992,2991,train,data/train-00026-of-00032.parquet,1400
00022640_000,00022640_000.jpg,train,0,Infiltration,22640,0,50,F,PA,1946,2381,train,data/train-00026-of-00032.parquet,1403
00022641_000,00022641_000.jpg,train,0,No Finding,22641,0,56,F,AP,3056,2544,train,data/train-00026-of-00032.parquet,1404
00022645_000,00022645_000.jpg,train,0,No Finding,22645,0,22,F,PA,2704,2686,train,data/train-00026-of-00032.parquet,1409
00022648_001,00022648_001.jpg,train,0,Infiltration|Pleural_Thickening,22648,0,60,F,PA,2522,2832,train,data/train-00026-of-00032.parquet,1413
00022651_003,00022651_003.jpg,train,1,Infiltration|Nodule|Pneumothorax,22651,4,19,M,PA,2782,2855,train,data/train-00026-of-00032.parquet,1419
00022656_000,00022656_000.jpg,train,0,No Finding,22656,0,48,F,PA,2544,3056,train,data/train-00026-of-00032.parquet,1450
00022659_000,00022659_000.jpg,train,0,Infiltration|Nodule,22659,0,39,M,PA,3056,2468,train,data/train-00026-of-00032.parquet,1453
00022668_000,00022668_000.jpg,train,1,Pneumothorax,22668,0,29,F,PA,2992,2991,train,data/train-00026-of-00032.parquet,1474
00022669_000,00022669_000.jpg,train,0,No Finding,22669,0,62,M,PA,3056,2544,train,data/train-00026-of-00032.parquet,1475
00022670_001,00022670_001.jpg,train,1,Effusion|Pneumothorax,22670,1,55,F,PA,2544,3056,train,data/train-00026-of-00032.parquet,1477
00022671_000,00022671_000.jpg,train,0,Infiltration,22671,0,70,M,PA,2992,2991,train,data/train-00026-of-00032.parquet,1479
00022672_011,00022672_011.jpg,train,1,Atelectasis|Infiltration|Pneumothorax,22672,11,66,F,PA,2992,2991,train,data/train-00026-of-00032.parquet,1491
00022674_001,00022674_001.jpg,train,0,Infiltration,22674,1,65,F,AP,3056,2544,train,data/train-00026-of-00032.parquet,1494
00022677_005,00022677_005.jpg,train,0,No Finding,22677,2,34,M,PA,2762,2727,train,data/train-00026-of-00032.parquet,1502
00022678_000,00022678_000.jpg,train,0,No Finding,22678,0,40,M,PA,2992,2991,train,data/train-00026-of-00032.parquet,1503
00022679_002,00022679_002.jpg,train,0,No Finding,22679,2,68,M,AP,3056,2544,train,data/train-00026-of-00032.parquet,1506
00022680_003,00022680_003.jpg,train,0,No Finding,22680,0,83,F,PA,2470,2457,train,data/train-00026-of-00032.parquet,1518
00022683_000,00022683_000.jpg,train,0,No Finding,22683,0,33,F,PA,2442,2407,train,data/train-00026-of-00032.parquet,1526
00022684_007,00022684_007.jpg,train,1,Pneumothorax,22684,6,45,M,PA,2992,2991,train,data/train-00026-of-00032.parquet,1534
00022695_000,00022695_000.jpg,train,0,Infiltration,22695,1,58,M,PA,2992,2991,train,data/train-00026-of-00032.parquet,1557
00022699_001,00022699_001.jpg,train,0,No Finding,22699,2,66,M,PA,2992,2991,train,data/train-00026-of-00032.parquet,1566
00022702_002,00022702_002.jpg,train,0,No Finding,22702,2,34,F,PA,2544,3056,train,data/train-00026-of-00032.parquet,1580
00022708_005,00022708_005.jpg,train,0,Effusion,22708,2,26,M,PA,2992,2991,train,data/train-00026-of-00032.parquet,1595
00022709_000,00022709_000.jpg,train,0,No Finding,22709,1,20,M,PA,2544,3056,train,data/train-00026-of-00032.parquet,1597
00022724_000,00022724_000.jpg,train,0,No Finding,22724,0,43,M,PA,2992,2991,train,data/train-00026-of-00032.parquet,1625
00022728_000,00022728_000.jpg,train,0,No Finding,22728,0,47,M,PA,2021,2021,train,data/train-00026-of-00032.parquet,1630
00022729_000,00022729_000.jpg,train,0,Atelectasis|Nodule,22729,1,43,F,PA,2992,2991,train,data/train-00026-of-00032.parquet,1631
00022734_000,00022734_000.jpg,train,1,Pneumothorax,22734,1,76,M,PA,2992,2991,train,data/train-00026-of-00032.parquet,1644
00022734_002,00022734_002.jpg,train,0,Emphysema,22734,2,76,M,PA,2992,2991,train,data/train-00026-of-00032.parquet,1646
00022740_002,00022740_002.jpg,train,0,No Finding,22740,2,36,M,PA,2562,2453,train,data/train-00026-of-00032.parquet,1670
00022742_000,00022742_000.jpg,train,0,No Finding,22742,0,33,M,PA,2746,2761,train,data/train-00026-of-00032.parquet,1673
00022744_000,00022744_000.jpg,train,0,No Finding,22744,0,29,F,PA,2992,2991,train,data/train-00026-of-00032.parquet,1675
00022752_004,00022752_004.jpg,train,0,No Finding,22752,1,51,M,AP,3056,2544,train,data/train-00026-of-00032.parquet,1691
00022759_007,00022759_007.jpg,train,0,No Finding,22759,0,24,M,PA,2654,2753,train,data/train-00026-of-00032.parquet,1708
00022763_000,00022763_000.jpg,train,0,No Finding,22763,0,61,F,PA,2992,2991,train,data/train-00026-of-00032.parquet,1712
00022763_001,00022763_001.jpg,train,0,No Finding,22763,1,61,F,AP,3056,2544,train,data/train-00026-of-00032.parquet,1713
00022764_004,00022764_004.jpg,train,1,Effusion|Pneumothorax,22764,7,70,M,PA,2992,2991,train,data/train-00026-of-00032.parquet,1719
00022767_002,00022767_002.jpg,train,0,Infiltration,22767,1,54,F,PA,2992,2991,train,data/train-00026-of-00032.parquet,1735
00022775_000,00022775_000.jpg,train,0,No Finding,22775,0,57,F,PA,2544,3056,train,data/train-00026-of-00032.parquet,1746
00022788_000,00022788_000.jpg,train,0,No Finding,22788,1,40,M,PA,2992,2991,train,data/train-00026-of-00032.parquet,1784
00022792_000,00022792_000.jpg,train,1,Pneumothorax,22792,1,49,F,PA,2562,2991,train,data/train-00026-of-00032.parquet,1794
00022794_000,00022794_000.jpg,train,0,Cardiomegaly,22794,0,59,F,PA,2968,2102,train,data/train-00026-of-00032.parquet,1800
00022804_000,00022804_000.jpg,train,1,Effusion|Pneumothorax,22804,0,80,F,PA,2992,2991,train,data/train-00026-of-00032.parquet,1813
00022816_000,00022816_000.jpg,train,0,Infiltration,22816,0,46,M,PA,2992,2991,train,data/train-00026-of-00032.parquet,1835
00022816_002,00022816_002.jpg,train,0,Nodule,22816,2,46,M,PA,2946,2909,train,data/train-00026-of-00032.parquet,1837
00022818_000,00022818_000.jpg,train,1,Pneumothorax,22818,0,31,M,PA,2992,2991,train,data/train-00026-of-00032.parquet,1849
00022818_001,00022818_001.jpg,train,1,Pneumothorax,22818,1,31,M,AP,3056,2544,train,data/train-00026-of-00032.parquet,1850
00022818_002,00022818_002.jpg,train,1,Pneumothorax,22818,2,31,M,AP,3056,2544,train,data/train-00026-of-00032.parquet,1851
00022824_000,00022824_000.jpg,train,0,No Finding,22824,0,50,M,PA,2992,2991,train,data/train-00026-of-00032.parquet,1858
00022826_000,00022826_000.jpg,train,1,Pneumothorax,22826,2,61,M,AP,3056,2544,train,data/train-00026-of-00032.parquet,1866
00022826_001,00022826_001.jpg,train,1,Emphysema|Pneumothorax,22826,1,61,M,AP,3056,2544,train,data/train-00026-of-00032.parquet,1867
00022827_001,00022827_001.jpg,train,0,No Finding,22827,1,40,M,PA,2992,2991,train,data/train-00026-of-00032.parquet,1893
00022829_002,00022829_002.jpg,train,0,No Finding,22829,0,39,M,PA,2992,2991,train,data/train-00026-of-00032.parquet,1900
00022829_003,00022829_003.jpg,train,0,No Finding,22829,1,39,M,PA,2992,2991,train,data/train-00026-of-00032.parquet,1901
00022833_000,00022833_000.jpg,train,0,No Finding,22833,0,51,M,PA,2992,2991,train,data/train-00026-of-00032.parquet,1932
00022841_000,00022841_000.jpg,train,0,Infiltration,22841,0,51,F,PA,2730,2589,train,data/train-00026-of-00032.parquet,1950
00022845_000,00022845_000.jpg,train,0,Atelectasis,22845,1,19,F,PA,3052,2544,train,data/train-00026-of-00032.parquet,1955
00022848_000,00022848_000.jpg,train,0,No Finding,22848,0,46,F,PA,2710,2589,train,data/train-00026-of-00032.parquet,1967
00022855_001,00022855_001.jpg,train,1,Pneumothorax,22855,1,57,M,PA,2992,2991,train,data/train-00026-of-00032.parquet,1980
00022861_000,00022861_000.jpg,train,0,Infiltration,22861,0,22,F,PA,2544,3056,train,data/train-00026-of-00032.parquet,1994
00022870_018,00022870_018.jpg,train,0,Atelectasis,22870,0,62,M,AP,3056,2544,train,data/train-00026-of-00032.parquet,2035
00022880_001,00022880_001.jpg,train,0,No Finding,22880,1,26,M,PA,3056,2544,train,data/train-00026-of-00032.parquet,2048
00022881_001,00022881_001.jpg,train,1,Pneumothorax,22881,2,63,F,AP,3056,2544,train,data/train-00026-of-00032.parquet,2055
00022884_000,00022884_000.jpg,train,0,No Finding,22884,0,29,M,PA,2624,2689,train,data/train-00026-of-00032.parquet,2064
00022885_000,00022885_000.jpg,train,0,Infiltration,22885,0,39,M,PA,3056,2544,train,data/train-00026-of-00032.parquet,2065
00022888_002,00022888_002.jpg,train,1,Effusion|Infiltration|Pneumothorax,22888,2,70,M,AP,3056,2544,train,data/train-00026-of-00032.parquet,2070
00022891_005,00022891_005.jpg,train,0,No Finding,22891,2,70,F,AP,3056,2544,train,data/train-00026-of-00032.parquet,2084
00022951_000,00022951_000.jpg,train,0,No Finding,22951,0,34,M,PA,2021,2021,train,data/train-00026-of-00032.parquet,2211
00022957_001,00022957_001.jpg,train,0,Infiltration,22957,1,45,F,AP,3056,2544,train,data/train-00026-of-00032.parquet,2230
00022957_005,00022957_005.jpg,train,1,Pneumothorax,22957,6,45,F,AP,3056,2544,train,data/train-00026-of-00032.parquet,2234
00022979_000,00022979_000.jpg,train,0,No Finding,22979,0,36,F,PA,2992,2991,train,data/train-00026-of-00032.parquet,2279
00022986_001,00022986_001.jpg,train,0,Infiltration,22986,1,30,M,AP,3056,2544,train,data/train-00026-of-00032.parquet,2291
00022989_000,00022989_000.jpg,train,0,No Finding,22989,0,45,M,PA,2992,2991,train,data/train-00026-of-00032.parquet,2295
00022989_002,00022989_002.jpg,train,0,Atelectasis,22989,2,45,M,AP,3056,2544,train,data/train-00026-of-00032.parquet,2297
00022990_000,00022990_000.jpg,train,0,No Finding,22990,0,34,M,PA,2992,2991,train,data/train-00026-of-00032.parquet,2300
00022996_000,00022996_000.jpg,train,0,No Finding,22996,0,43,F,PA,2502,2501,train,data/train-00026-of-00032.parquet,2306
00023002_000,00023002_000.jpg,train,0,No Finding,23002,0,44,M,PA,2021,2021,train,data/train-00026-of-00032.parquet,2313
00023006_000,00023006_000.jpg,train,0,No Finding,23006,0,43,M,PA,2992,2991,train,data/train-00026-of-00032.parquet,2321
00023008_000,00023008_000.jpg,train,0,No Finding,23008,0,68,F,PA,2946,2929,train,data/train-00026-of-00032.parquet,2323
00023009_000,00023009_000.jpg,train,1,Infiltration|Pneumothorax,23009,1,20,M,PA,2992,2881,train,data/train-00026-of-00032.parquet,2324
00023015_000,00023015_000.jpg,train,0,No Finding,23015,0,53,M,PA,3056,2544,train,data/train-00026-of-00032.parquet,2341
00023018_000,00023018_000.jpg,train,0,Effusion|Nodule|Pleural_Thickening,23018,0,58,M,PA,2992,2989,train,data/train-00026-of-00032.parquet,2344
00023020_000,00023020_000.jpg,train,0,No Finding,23020,0,26,M,PA,2990,2991,train,data/train-00026-of-00032.parquet,2348
00023032_000,00023032_000.jpg,train,0,No Finding,23032,0,26,M,PA,2992,2991,train,data/train-00026-of-00032.parquet,2367
00023035_002,00023035_002.jpg,train,0,No Finding,23035,2,56,F,AP,3056,2544,train,data/train-00026-of-00032.parquet,2372
00023036_000,00023036_000.jpg,train,0,No Finding,23036,0,18,M,AP,3056,2544,train,data/train-00026-of-00032.parquet,2373
00023037_000,00023037_000.jpg,train,0,Infiltration,23037,0,35,F,PA,2992,2991,train,data/train-00026-of-00032.parquet,2374
00023042_000,00023042_000.jpg,train,0,No Finding,23042,0,54,F,PA,2544,3056,train,data/train-00026-of-00032.parquet,2379
00023043_000,00023043_000.jpg,train,0,No Finding,23043,0,73,M,PA,3056,2544,train,data/train-00026-of-00032.parquet,2380
00023053_000,00023053_000.jpg,train,0,Effusion,23053,0,34,M,PA,2992,2991,train,data/train-00026-of-00032.parquet,2399
00023121_001,00023121_001.jpg,val,0,No Finding,23121,1,39,M,PA,2992,2991,train,data/train-00026-of-00032.parquet,2534
00023124_000,00023124_000.jpg,val,0,Nodule,23124,0,51,F,PA,2544,3056,train,data/train-00026-of-00032.parquet,2537
00023124_001,00023124_001.jpg,val,1,Pneumothorax,23124,1,51,F,PA,2550,2991,train,data/train-00026-of-00032.parquet,2538
00023124_002,00023124_002.jpg,val,1,Pneumothorax,23124,2,51,F,PA,2506,2991,train,data/train-00026-of-00032.parquet,2539
00023125_000,00023125_000.jpg,val,0,Infiltration,23125,0,22,M,PA,2992,2991,train,data/train-00026-of-00032.parquet,2540
00023128_000,00023128_000.jpg,val,0,Atelectasis|Cardiomegaly|Effusion,23128,0,27,F,PA,2678,2569,train,data/train-00026-of-00032.parquet,2543
00023128_001,00023128_001.jpg,val,0,Atelectasis,23128,1,27,F,PA,2992,2991,train,data/train-00026-of-00032.parquet,2544
00023128_002,00023128_002.jpg,val,0,Atelectasis|Effusion,23128,2,27,F,PA,2820,2190,train,data/train-00026-of-00032.parquet,2545
00023131_001,00023131_001.jpg,val,0,Cardiomegaly|Effusion,23131,1,47,M,AP,3056,2544,train,data/train-00026-of-00032.parquet,2576
00023131_002,00023131_002.jpg,val,0,No Finding,23131,2,47,M,AP,3056,2544,train,data/train-00026-of-00032.parquet,2577
00023160_002,00023160_002.jpg,train,1,Effusion|Infiltration|Mass|Pneumothorax,23160,3,43,F,PA,2346,2445,train,data/train-00026-of-00032.parquet,2649
00023160_003,00023160_003.jpg,train,1,Infiltration|Pneumothorax,23160,2,43,F,AP,3056,2544,train,data/train-00026-of-00032.parquet,2650
00023160_004,00023160_004.jpg,train,1,Effusion|Infiltration|Mass|Pneumothorax,23160,4,43,F,PA,2470,2991,train,data/train-00026-of-00032.parquet,2651
00023165_000,00023165_000.jpg,train,0,No Finding,23165,0,18,M,PA,2992,2991,train,data/train-00026-of-00032.parquet,2663
00023173_000,00023173_000.jpg,train,0,No Finding,23173,0,53,M,PA,2992,2991,train,data/train-00026-of-00032.parquet,2678
00023173_002,00023173_002.jpg,train,0,Atelectasis,23173,2,55,M,PA,2992,2991,train,data/train-00026-of-00032.parquet,2680
00023180_000,00023180_000.jpg,train,0,No Finding,23180,0,50,M,PA,3056,2544,train,data/train-00026-of-00032.parquet,2693
00023181_000,00023181_000.jpg,train,0,No Finding,23181,0,19,M,PA,2992,2991,train,data/train-00026-of-00032.parquet,2694
00023186_000,00023186_000.jpg,train,0,No Finding,23186,0,47,M,PA,2992,2991,train,data/train-00027-of-00032.parquet,1
00023189_000,00023189_000.jpg,train,0,No Finding,23189,0,22,M,AP,3056,2544,train,data/train-00027-of-00032.parquet,4
00023190_001,00023190_001.jpg,train,0,Mass,23190,1,65,F,PA,2544,3056,train,data/train-00027-of-00032.parquet,6
00023202_000,00023202_000.jpg,train,0,Infiltration,23202,0,41,F,PA,2992,2991,train,data/train-00027-of-00032.parquet,36
00023204_000,00023204_000.jpg,train,0,No Finding,23204,0,68,M,PA,2992,2991,train,data/train-00027-of-00032.parquet,40
00023209_000,00023209_000.jpg,train,0,No Finding,23209,0,33,F,PA,2544,3056,train,data/train-00027-of-00032.parquet,46
00023212_000,00023212_000.jpg,train,1,Effusion|Fibrosis|Pneumothorax,23212,0,51,F,PA,2858,2991,train,data/train-00027-of-00032.parquet,82
00023215_002,00023215_002.jpg,train,0,Atelectasis|Infiltration,23215,2,46,F,PA,2021,2021,train,data/train-00027-of-00032.parquet,87
00023217_000,00023217_000.jpg,train,0,No Finding,23217,0,66,M,PA,3056,2544,train,data/train-00027-of-00032.parquet,89
00023221_002,00023221_002.jpg,train,0,Infiltration,23221,2,36,M,PA,3056,2544,train,data/train-00027-of-00032.parquet,96
00023225_000,00023225_000.jpg,val,0,Nodule,23225,0,46,F,PA,2544,3056,train,data/train-00027-of-00032.parquet,104
00023230_000,00023230_000.jpg,val,0,No Finding,23230,0,49,M,PA,2992,2991,train,data/train-00027-of-00032.parquet,108
00023251_000,00023251_000.jpg,val,0,No Finding,23251,0,43,F,PA,1766,2021,train,data/train-00027-of-00032.parquet,137
00023257_000,00023257_000.jpg,val,0,Infiltration,23257,0,19,M,PA,2992,2989,train,data/train-00027-of-00032.parquet,148
00023258_000,00023258_000.jpg,val,1,Pneumothorax,23258,0,39,F,PA,2544,3056,train,data/train-00027-of-00032.parquet,149
00023258_001,00023258_001.jpg,val,1,Pneumothorax,23258,1,40,F,PA,1783,2021,train,data/train-00027-of-00032.parquet,150
00023258_002,00023258_002.jpg,val,1,Pneumothorax,23258,2,40,F,PA,1845,2021,train,data/train-00027-of-00032.parquet,151
00023263_000,00023263_000.jpg,val,0,No Finding,23263,0,71,M,PA,3056,2544,train,data/train-00027-of-00032.parquet,164
00023273_000,00023273_000.jpg,val,0,No Finding,23273,0,66,M,PA,3056,2544,train,data/train-00027-of-00032.parquet,185
00023274_000,00023274_000.jpg,val,0,No Finding,23274,0,29,M,PA,2992,2991,train,data/train-00027-of-00032.parquet,186
00023278_000,00023278_000.jpg,val,0,No Finding,23278,0,29,F,PA,2354,2991,train,data/train-00027-of-00032.parquet,194
00023286_000,00023286_000.jpg,train,0,No Finding,23286,0,49,M,PA,2021,2021,train,data/train-00027-of-00032.parquet,205
00023286_001,00023286_001.jpg,train,0,No Finding,23286,1,49,M,AP,3056,2544,train,data/train-00027-of-00032.parquet,206
00023289_002,00023289_002.jpg,train,1,Pneumothorax,23289,2,69,F,PA,2542,2989,train,data/train-00027-of-00032.parquet,213
00023295_001,00023295_001.jpg,train,0,Infiltration|Nodule,23295,1,52,F,PA,2530,2901,train,data/train-00027-of-00032.parquet,226
00023311_001,00023311_001.jpg,train,0,No Finding,23311,1,33,F,PA,1603,2021,train,data/train-00027-of-00032.parquet,276
00023316_003,00023316_003.jpg,train,1,Effusion|Emphysema|Pneumothorax,23316,3,50,M,PA,2992,2991,train,data/train-00027-of-00032.parquet,305
00023320_005,00023320_005.jpg,train,1,Pneumothorax,23320,5,34,M,PA,2870,2867,train,data/train-00027-of-00032.parquet,319
00023328_000,00023328_000.jpg,train,0,No Finding,23328,0,37,M,PA,2500,2048,train,data/train-00027-of-00032.parquet,333
00023331_000,00023331_000.jpg,train,0,No Finding,23331,0,66,M,PA,2048,2500,train,data/train-00027-of-00032.parquet,337
00023336_000,00023336_000.jpg,train,0,No Finding,23336,0,40,F,PA,2048,2500,train,data/train-00027-of-00032.parquet,342
00023357_000,00023357_000.jpg,train,0,No Finding,23357,0,52,M,PA,2500,2048,train,data/train-00027-of-00032.parquet,364
00023358_000,00023358_000.jpg,train,0,No Finding,23358,0,38,M,PA,2048,2500,train,data/train-00027-of-00032.parquet,365
00023369_000,00023369_000.jpg,train,0,No Finding,23369,0,31,F,PA,2048,2500,train,data/train-00027-of-00032.parquet,377
00023372_002,00023372_002.jpg,train,0,No Finding,23372,0,42,M,PA,2500,2048,train,data/train-00027-of-00032.parquet,382
00024693_000,00024693_000.jpg,train,0,No Finding,24693,0,31,M,PA,2992,2991,train,data/train-00027-of-00032.parquet,1904
00024698_000,00024698_000.jpg,train,0,No Finding,24698,0,37,M,PA,2926,2991,train,data/train-00027-of-00032.parquet,1909
00024701_000,00024701_000.jpg,train,0,No Finding,24701,0,33,M,PA,2992,2991,train,data/train-00027-of-00032.parquet,1912
00024702_000,00024702_000.jpg,train,0,No Finding,24702,0,41,M,PA,2500,2048,train,data/train-00027-of-00032.parquet,1913
00024708_000,00024708_000.jpg,train,0,No Finding,24708,0,52,M,PA,2992,2991,train,data/train-00027-of-00032.parquet,1919
00024709_000,00024709_000.jpg,train,0,No Finding,24709,0,49,M,PA,2992,2991,train,data/train-00027-of-00032.parquet,1920
00024717_000,00024717_000.jpg,train,0,No Finding,24717,0,28,M,PA,2692,2902,train,data/train-00027-of-00032.parquet,1928
00024743_000,00024743_000.jpg,train,0,No Finding,24743,0,28,F,PA,2342,2561,train,data/train-00027-of-00032.parquet,1955
00024749_000,00024749_000.jpg,train,1,Pneumothorax,24749,0,40,M,PA,2992,2991,train,data/train-00027-of-00032.parquet,1961
00024760_000,00024760_000.jpg,train,0,No Finding,24760,0,25,F,PA,2294,2991,train,data/train-00027-of-00032.parquet,1972
00024777_000,00024777_000.jpg,train,0,Infiltration,24777,0,25,M,PA,2992,2991,train,data/train-00027-of-00032.parquet,1989
00024785_000,00024785_000.jpg,train,0,No Finding,24785,0,54,M,PA,2992,2991,train,data/train-00027-of-00032.parquet,1997
00025076_001,00025076_001.jpg,train,0,No Finding,25076,1,65,M,PA,2544,3056,train,data/train-00027-of-00032.parquet,2306
00025081_015,00025081_015.jpg,train,1,Pneumothorax,25081,15,65,M,PA,2992,2991,train,data/train-00027-of-00032.parquet,2330
00025081_021,00025081_021.jpg,train,1,Atelectasis|Effusion|Pneumothorax,25081,21,65,M,PA,2954,2991,train,data/train-00027-of-00032.parquet,2336
00025082_003,00025082_003.jpg,train,1,Effusion|Pneumothorax,25082,4,60,F,PA,2992,2991,train,data/train-00027-of-00032.parquet,2342
00025082_004,00025082_004.jpg,train,1,Effusion|Pneumothorax,25082,3,60,F,PA,2810,2801,train,data/train-00027-of-00032.parquet,2343
00025084_001,00025084_001.jpg,train,0,No Finding,25084,1,23,M,PA,2992,2991,train,data/train-00027-of-00032.parquet,2349
00025096_000,00025096_000.jpg,train,1,Pneumothorax,25096,0,30,F,PA,2992,2991,train,data/train-00027-of-00032.parquet,2383
00025096_003,00025096_003.jpg,train,1,Pneumothorax,25096,3,32,F,PA,2790,2605,train,data/train-00027-of-00032.parquet,2386
00025096_004,00025096_004.jpg,train,1,Pneumothorax,25096,4,32,F,PA,2544,3056,train,data/train-00027-of-00032.parquet,2387
00025097_001,00025097_001.jpg,train,1,Pneumothorax,25097,1,40,F,PA,2992,2991,train,data/train-00027-of-00032.parquet,2392
00025136_000,00025136_000.jpg,train,0,No Finding,25136,0,19,M,PA,2021,2021,train,data/train-00027-of-00032.parquet,2516
00025137_001,00025137_001.jpg,train,0,Infiltration,25137,1,42,M,PA,2992,2991,train,data/train-00027-of-00032.parquet,2518
00025139_000,00025139_000.jpg,train,0,Effusion,25139,0,67,M,PA,2746,2991,train,data/train-00027-of-00032.parquet,2524
00025139_001,00025139_001.jpg,train,1,Fibrosis|Infiltration|Pleural_Thickening|Pneumothorax,25139,1,67,M,PA,2992,2991,train,data/train-00027-of-00032.parquet,2525
00025141_000,00025141_000.jpg,train,0,Infiltration,25141,0,37,M,PA,2992,2991,train,data/train-00027-of-00032.parquet,2528
00025145_001,00025145_001.jpg,train,0,No Finding,25145,1,56,M,PA,2796,2847,train,data/train-00027-of-00032.parquet,2535
00025146_001,00025146_001.jpg,train,0,Infiltration,25146,1,70,M,PA,2992,2991,train,data/train-00027-of-00032.parquet,2539
00025146_002,00025146_002.jpg,train,0,No Finding,25146,2,70,M,PA,2992,2991,train,data/train-00027-of-00032.parquet,2540
00025150_005,00025150_005.jpg,train,1,Pneumothorax,25150,5,49,M,PA,2632,2765,train,data/train-00027-of-00032.parquet,2551
00025161_000,00025161_000.jpg,train,0,No Finding,25161,0,75,M,AP,3056,2544,train,data/train-00027-of-00032.parquet,2571
00025166_001,00025166_001.jpg,train,0,Infiltration,25166,1,51,M,AP,3056,2544,train,data/train-00027-of-00032.parquet,2587
00025168_002,00025168_002.jpg,train,1,Pneumothorax,25168,2,69,F,PA,2992,2991,train,data/train-00027-of-00032.parquet,2594
00025168_003,00025168_003.jpg,train,1,Mass|Pneumothorax,25168,3,69,F,PA,2992,2991,train,data/train-00027-of-00032.parquet,2595
00025168_004,00025168_004.jpg,train,1,Mass|Pneumothorax,25168,4,69,F,PA,2992,2991,train,data/train-00027-of-00032.parquet,2596
00025242_000,00025242_000.jpg,train,0,Atelectasis|Infiltration,25242,0,48,F,AP,3056,2544,train,data/train-00028-of-00032.parquet,111
00025243_001,00025243_001.jpg,train,0,Infiltration,25243,1,20,M,PA,2992,2991,train,data/train-00028-of-00032.parquet,113
00025247_001,00025247_001.jpg,train,0,No Finding,25247,1,30,M,AP,3056,2544,train,data/train-00028-of-00032.parquet,119
00025253_002,00025253_002.jpg,train,0,No Finding,25253,2,54,F,PA,2992,2991,train,data/train-00028-of-00032.parquet,127
00025262_004,00025262_004.jpg,train,1,Effusion|Mass|Pneumothorax,25262,4,45,M,AP,3056,2544,train,data/train-00028-of-00032.parquet,150
00025264_001,00025264_001.jpg,train,0,Infiltration|Nodule,25264,1,51,M,PA,2992,2991,train,data/train-00028-of-00032.parquet,160
00025264_002,00025264_002.jpg,train,0,Mass|Nodule,25264,2,51,M,PA,2992,2991,train,data/train-00028-of-00032.parquet,161
00025267_001,00025267_001.jpg,train,0,Infiltration,25267,1,29,M,AP,3056,2544,train,data/train-00028-of-00032.parquet,165
00025280_000,00025280_000.jpg,train,0,No Finding,25280,0,48,M,AP,3056,2544,train,data/train-00028-of-00032.parquet,182
00025290_000,00025290_000.jpg,train,0,Infiltration,25290,0,44,F,AP,3056,2544,train,data/train-00028-of-00032.parquet,201
00025295_005,00025295_005.jpg,train,1,Effusion|Pneumothorax,25295,5,43,F,PA,2254,2991,train,data/train-00028-of-00032.parquet,252
00025295_006,00025295_006.jpg,train,1,Atelectasis|Effusion|Pneumothorax,25295,6,43,F,PA,2992,2991,train,data/train-00028-of-00032.parquet,253
00025295_007,00025295_007.jpg,train,1,Atelectasis|Infiltration|Pneumothorax,25295,7,43,F,PA,2544,3056,train,data/train-00028-of-00032.parquet,254
00025302_000,00025302_000.jpg,train,0,No Finding,25302,0,25,F,PA,2512,2924,train,data/train-00028-of-00032.parquet,275
00025303_001,00025303_001.jpg,train,0,No Finding,25303,1,63,F,AP,3056,2544,train,data/train-00028-of-00032.parquet,277
00025303_025,00025303_025.jpg,train,1,Atelectasis|Consolidation|Pneumothorax,25303,25,66,F,PA,2021,2021,train,data/train-00028-of-00032.parquet,301
00025304_002,00025304_002.jpg,train,0,Atelectasis|Effusion,25304,2,21,M,PA,2992,2991,train,data/train-00028-of-00032.parquet,322
00025314_001,00025314_001.jpg,train,0,No Finding,25314,1,32,M,PA,2932,2886,train,data/train-00028-of-00032.parquet,342
00025334_000,00025334_000.jpg,train,0,No Finding,25334,0,20,F,PA,2544,3056,train,data/train-00028-of-00032.parquet,382
00025335_000,00025335_000.jpg,train,0,No Finding,25335,0,28,F,PA,2550,2733,train,data/train-00028-of-00032.parquet,383
00025337_000,00025337_000.jpg,train,0,Infiltration,25337,0,58,F,PA,2992,2991,train,data/train-00028-of-00032.parquet,386
00025337_002,00025337_002.jpg,train,0,No Finding,25337,2,58,F,AP,3056,2544,train,data/train-00028-of-00032.parquet,388
00025342_002,00025342_002.jpg,train,0,No Finding,25342,2,60,F,AP,3056,2544,train,data/train-00028-of-00032.parquet,397
00025387_002,00025387_002.jpg,train,0,No Finding,25387,2,56,M,AP,3056,2544,train,data/train-00028-of-00032.parquet,503
00025391_001,00025391_001.jpg,train,0,No Finding,25391,1,53,M,AP,3056,2544,train,data/train-00028-of-00032.parquet,512
00025394_002,00025394_002.jpg,train,0,Nodule,25394,2,44,M,AP,3056,2544,train,data/train-00028-of-00032.parquet,529
00025400_000,00025400_000.jpg,train,0,Infiltration,25400,0,47,M,PA,2021,2021,train,data/train-00028-of-00032.parquet,538
00025402_000,00025402_000.jpg,train,1,Pneumothorax,25402,0,51,F,PA,2642,2991,train,data/train-00028-of-00032.parquet,543
00025405_001,00025405_001.jpg,train,0,No Finding,25405,1,57,M,PA,3056,2544,train,data/train-00028-of-00032.parquet,549
00025415_001,00025415_001.jpg,train,0,No Finding,25415,1,42,M,PA,2544,3056,train,data/train-00028-of-00032.parquet,560
00025420_000,00025420_000.jpg,train,0,Infiltration,25420,0,43,F,PA,2020,2021,train,data/train-00028-of-00032.parquet,566
00025426_002,00025426_002.jpg,train,0,Consolidation,25426,2,67,M,AP,3056,2544,train,data/train-00028-of-00032.parquet,589
00025469_000,00025469_000.jpg,train,0,No Finding,25469,0,48,F,PA,1815,2022,train,data/train-00028-of-00032.parquet,710
00025473_001,00025473_001.jpg,train,0,No Finding,25473,1,24,F,PA,2686,2781,train,data/train-00028-of-00032.parquet,715
00025476_002,00025476_002.jpg,train,0,Infiltration,25476,1,36,M,PA,2992,2991,train,data/train-00028-of-00032.parquet,726
00025481_000,00025481_000.jpg,train,1,Pneumothorax,25481,0,37,F,PA,2770,2360,train,data/train-00028-of-00032.parquet,746
00025485_000,00025485_000.jpg,train,0,Pleural_Thickening,25485,0,46,F,PA,2694,2991,train,data/train-00028-of-00032.parquet,753
00025488_000,00025488_000.jpg,train,0,Atelectasis,25488,0,68,M,PA,2992,2991,train,data/train-00028-of-00032.parquet,757
00025489_002,00025489_002.jpg,train,0,Infiltration|Mass,25489,2,34,F,PA,2716,2948,train,data/train-00028-of-00032.parquet,760
00025495_000,00025495_000.jpg,train,0,No Finding,25495,0,49,F,PA,2594,2991,train,data/train-00028-of-00032.parquet,768
00025497_001,00025497_001.jpg,train,0,No Finding,25497,1,60,M,PA,2992,2991,train,data/train-00028-of-00032.parquet,776
00025543_020,00025543_020.jpg,val,1,Consolidation|Pneumothorax,25543,20,42,F,PA,2750,2863,train,data/train-00028-of-00032.parquet,921
00025543_021,00025543_021.jpg,val,1,Effusion|Infiltration|Pneumothorax,25543,21,42,F,PA,2634,2991,train,data/train-00028-of-00032.parquet,922
00025569_000,00025569_000.jpg,train,0,No Finding,25569,0,61,M,PA,2914,2991,train,data/train-00028-of-00032.parquet,1001
00025569_003,00025569_003.jpg,train,1,Pneumothorax,25569,3,61,M,PA,3056,2544,train,data/train-00028-of-00032.parquet,1004
00025569_004,00025569_004.jpg,train,1,Atelectasis|Pneumothorax,25569,4,61,M,PA,2992,2991,train,data/train-00028-of-00032.parquet,1005
00025574_000,00025574_000.jpg,train,0,No Finding,25574,0,66,M,PA,3056,2544,train,data/train-00028-of-00032.parquet,1017
00025580_000,00025580_000.jpg,train,0,No Finding,25580,0,45,M,AP,3056,2544,train,data/train-00028-of-00032.parquet,1025
00025583_000,00025583_000.jpg,train,0,No Finding,25583,0,48,M,AP,3056,2544,train,data/train-00028-of-00032.parquet,1039
00025583_002,00025583_002.jpg,train,0,No Finding,25583,2,48,M,AP,3056,2544,train,data/train-00028-of-00032.parquet,1041
00025588_000,00025588_000.jpg,train,0,Atelectasis|Nodule,25588,0,53,M,PA,2992,2991,train,data/train-00028-of-00032.parquet,1053
00025591_000,00025591_000.jpg,train,0,Cardiomegaly,25591,0,39,F,PA,2992,2991,train,data/train-00028-of-00032.parquet,1060
00025595_000,00025595_000.jpg,train,0,Nodule,25595,0,44,F,PA,2526,2991,train,data/train-00028-of-00032.parquet,1064
00025595_002,00025595_002.jpg,train,0,No Finding,25595,2,44,F,PA,2992,2991,train,data/train-00028-of-00032.parquet,1066
00025600_000,00025600_000.jpg,train,0,No Finding,25600,0,30,M,PA,2992,2991,train,data/train-00028-of-00032.parquet,1074
00025602_002,00025602_002.jpg,train,0,No Finding,25602,2,25,M,PA,2992,2991,train,data/train-00028-of-00032.parquet,1081
00025603_008,00025603_008.jpg,train,1,Pneumothorax,25603,8,45,M,PA,3056,2544,train,data/train-00028-of-00032.parquet,1090
00025603_009,00025603_009.jpg,train,1,Effusion|Infiltration|Pneumothorax,25603,9,45,M,PA,2992,2991,train,data/train-00028-of-00032.parquet,1091
00025640_000,00025640_000.jpg,train,1,Pneumothorax,25640,0,41,F,PA,2992,2991,train,data/train-00028-of-00032.parquet,1211
00025647_001,00025647_001.jpg,train,0,Infiltration,25647,1,24,F,PA,2544,3056,train,data/train-00028-of-00032.parquet,1231
00025650_005,00025650_005.jpg,train,1,Pneumothorax,25650,5,56,M,PA,2992,2991,train,data/train-00028-of-00032.parquet,1240
00025650_006,00025650_006.jpg,train,1,Atelectasis|Pneumothorax,25650,6,56,M,PA,2992,2991,train,data/train-00028-of-00032.parquet,1241
00025651_001,00025651_001.jpg,train,0,No Finding,25651,1,68,F,AP,3056,2544,train,data/train-00028-of-00032.parquet,1248
00025663_000,00025663_000.jpg,train,0,Infiltration,25663,0,28,F,PA,2992,2991,train,data/train-00028-of-00032.parquet,1276
00025671_000,00025671_000.jpg,train,0,Mass|Nodule,25671,0,40,F,PA,2992,2991,train,data/train-00028-of-00032.parquet,1284
00025674_000,00025674_000.jpg,train,0,Mass|Pleural_Thickening,25674,0,60,F,PA,1733,1817,train,data/train-00028-of-00032.parquet,1287
00025680_000,00025680_000.jpg,train,0,No Finding,25680,0,20,M,PA,2544,3056,train,data/train-00028-of-00032.parquet,1292
00025680_001,00025680_001.jpg,train,0,No Finding,25680,1,20,M,PA,2992,2991,train,data/train-00028-of-00032.parquet,1293
00025681_000,00025681_000.jpg,train,0,No Finding,25681,0,70,M,AP,3056,2544,train,data/train-00028-of-00032.parquet,1304
00025681_001,00025681_001.jpg,train,0,Effusion,25681,1,70,M,PA,2992,2991,train,data/train-00028-of-00032.parquet,1305
00025691_003,00025691_003.jpg,train,1,Effusion|Pneumothorax,25691,3,75,M,AP,3056,2544,train,data/train-00028-of-00032.parquet,1324
00025693_000,00025693_000.jpg,train,0,Nodule,25693,0,81,F,PA,2992,2991,train,data/train-00028-of-00032.parquet,1329
00025695_006,00025695_006.jpg,train,1,Emphysema|Mass|Pneumothorax,25695,6,57,M,PA,2992,2991,train,data/train-00028-of-00032.parquet,1343
00025700_000,00025700_000.jpg,train,0,No Finding,25700,0,75,M,PA,2992,2991,train,data/train-00028-of-00032.parquet,1372
00025712_001,00025712_001.jpg,train,1,Pneumothorax,25712,1,52,F,PA,2778,2991,train,data/train-00028-of-00032.parquet,1387
00025717_000,00025717_000.jpg,train,0,Infiltration,25717,0,53,M,PA,3056,2544,train,data/train-00028-of-00032.parquet,1393
00025718_000,00025718_000.jpg,train,0,No Finding,25718,0,50,M,PA,2666,2665,train,data/train-00028-of-00032.parquet,1395
00025718_001,00025718_001.jpg,train,0,No Finding,25718,1,50,M,PA,3056,2544,train,data/train-00028-of-00032.parquet,1396
00025761_003,00025761_003.jpg,val,1,Effusion|Pneumothorax,25761,5,57,F,PA,2544,3056,train,data/train-00028-of-00032.parquet,1513
00025761_005,00025761_005.jpg,val,1,Effusion|Pneumothorax,25761,4,57,F,AP,3056,2544,train,data/train-00028-of-00032.parquet,1515
00025768_000,00025768_000.jpg,val,0,No Finding,25768,0,21,M,PA,2992,2991,train,data/train-00028-of-00032.parquet,1537
00025768_001,00025768_001.jpg,val,0,Atelectasis,25768,1,21,M,PA,2992,2991,train,data/train-00028-of-00032.parquet,1538
00025776_000,00025776_000.jpg,val,0,Pneumonia,25776,0,37,F,PA,2786,2700,train,data/train-00028-of-00032.parquet,1552
00025776_001,00025776_001.jpg,val,0,No Finding,25776,1,38,F,PA,2530,2991,train,data/train-00028-of-00032.parquet,1553
00025788_000,00025788_000.jpg,val,0,Infiltration,25788,0,65,F,PA,2992,2991,train,data/train-00028-of-00032.parquet,1574
00025788_001,00025788_001.jpg,val,0,No Finding,25788,1,66,F,PA,2682,2898,train,data/train-00028-of-00032.parquet,1575
00025788_002,00025788_002.jpg,val,0,No Finding,25788,2,66,F,AP,3056,2544,train,data/train-00028-of-00032.parquet,1576
00025791_000,00025791_000.jpg,val,0,Atelectasis|Edema|Infiltration,25791,0,62,F,PA,2694,2991,train,data/train-00028-of-00032.parquet,1586
00025800_003,00025800_003.jpg,train,1,Pneumothorax,25800,3,30,F,PA,2734,2991,train,data/train-00028-of-00032.parquet,1604
00025811_002,00025811_002.jpg,train,0,Infiltration,25811,2,67,M,AP,3056,2544,train,data/train-00028-of-00032.parquet,1631
00025817_000,00025817_000.jpg,train,0,No Finding,25817,0,53,M,PA,2992,2991,train,data/train-00028-of-00032.parquet,1655
00025819_001,00025819_001.jpg,train,0,Atelectasis,25819,1,43,F,PA,2021,2021,train,data/train-00028-of-00032.parquet,1663
00025821_000,00025821_000.jpg,train,0,No Finding,25821,0,63,M,PA,2992,2991,train,data/train-00028-of-00032.parquet,1668
00025825_002,00025825_002.jpg,train,0,No Finding,25825,2,37,F,AP,3056,2544,train,data/train-00028-of-00032.parquet,1682
00025828_000,00025828_000.jpg,train,0,Mass,25828,0,32,F,PA,2992,2991,train,data/train-00028-of-00032.parquet,1689
00025831_000,00025831_000.jpg,train,0,No Finding,25831,0,51,M,PA,2992,2991,train,data/train-00028-of-00032.parquet,1694
00025832_007,00025832_007.jpg,train,1,Pneumothorax,25832,8,20,F,PA,2728,2658,train,data/train-00028-of-00032.parquet,1702
00025832_008,00025832_008.jpg,train,1,Consolidation|Pneumothorax,25832,7,20,F,AP,3056,2544,train,data/train-00028-of-00032.parquet,1703
00025838_002,00025838_002.jpg,train,0,No Finding,25838,2,71,M,AP,3056,2544,train,data/train-00028-of-00032.parquet,1714
00025839_002,00025839_002.jpg,train,0,Atelectasis|Effusion,25839,2,28,M,PA,2818,2991,train,data/train-00028-of-00032.parquet,1720
00025843_000,00025843_000.jpg,train,0,Infiltration,25843,0,43,M,PA,2974,2991,train,data/train-00028-of-00032.parquet,1760
00025844_000,00025844_000.jpg,train,0,Atelectasis|Effusion,25844,0,48,M,PA,2021,2021,train,data/train-00028-of-00032.parquet,1762
00025847_000,00025847_000.jpg,train,0,No Finding,25847,0,61,M,PA,2858,2733,train,data/train-00028-of-00032.parquet,1778
00025847_001,00025847_001.jpg,train,0,Atelectasis,25847,1,61,M,PA,2992,2991,train,data/train-00028-of-00032.parquet,1779
00025849_024,00025849_024.jpg,train,1,Effusion|Pneumothorax,25849,23,58,M,AP,3056,2544,train,data/train-00028-of-00032.parquet,1805
00025849_025,00025849_025.jpg,train,1,Effusion|Pneumothorax,25849,24,58,M,AP,3056,2544,train,data/train-00028-of-00032.parquet,1806
00025858_001,00025858_001.jpg,train,0,Nodule,25858,1,32,F,AP,3056,2544,train,data/train-00028-of-00032.parquet,1862
00025865_000,00025865_000.jpg,train,0,Infiltration,25865,0,52,M,PA,2992,2991,train,data/train-00028-of-00032.parquet,1875
00025867_000,00025867_000.jpg,train,0,No Finding,25867,0,65,M,PA,2766,2693,train,data/train-00028-of-00032.parquet,1877
00025869_000,00025869_000.jpg,train,0,No Finding,25869,0,61,F,PA,2818,2991,train,data/train-00028-of-00032.parquet,1880
00025877_005,00025877_005.jpg,train,1,Emphysema|Pneumothorax,25877,4,44,F,PA,2544,3056,train,data/train-00028-of-00032.parquet,1894
00025877_006,00025877_006.jpg,train,1,Atelectasis|Effusion|Emphysema|Pneumothorax,25877,5,44,F,PA,2782,2829,train,data/train-00028-of-00032.parquet,1895
00025879_000,00025879_000.jpg,train,0,No Finding,25879,0,60,M,PA,2992,2991,train,data/train-00028-of-00032.parquet,1903
00025890_002,00025890_002.jpg,train,0,Atelectasis,25890,2,58,F,AP,3056,2544,train,data/train-00028-of-00032.parquet,1920
00025898_000,00025898_000.jpg,train,0,Atelectasis|Infiltration,25898,0,36,F,AP,3056,2544,train,data/train-00028-of-00032.parquet,1942
00025905_002,00025905_002.jpg,train,0,No Finding,25905,2,31,F,PA,2992,2991,train,data/train-00028-of-00032.parquet,1956
00025906_000,00025906_000.jpg,train,0,Infiltration|Nodule,25906,0,57,M,PA,2992,2991,train,data/train-00028-of-00032.parquet,1958
00025912_000,00025912_000.jpg,train,0,No Finding,25912,0,32,F,PA,2750,2991,train,data/train-00028-of-00032.parquet,1968
00025913_000,00025913_000.jpg,train,0,No Finding,25913,0,51,F,PA,2992,2991,train,data/train-00028-of-00032.parquet,1969
00025913_001,00025913_001.jpg,train,0,No Finding,25913,1,51,F,PA,2992,2991,train,data/train-00028-of-00032.parquet,1970
00025924_003,00025924_003.jpg,train,1,Emphysema|Pneumothorax,25924,3,23,M,PA,2992,2991,train,data/train-00028-of-00032.parquet,1989
00025924_006,00025924_006.jpg,train,1,Pneumothorax,25924,6,23,M,PA,2992,2991,train,data/train-00028-of-00032.parquet,1992
00025974_000,00025974_000.jpg,train,0,Infiltration,25974,0,26,F,PA,2992,2991,train,data/train-00028-of-00032.parquet,2107
00025974_001,00025974_001.jpg,train,1,Pneumothorax,25974,1,27,F,PA,2478,2489,train,data/train-00028-of-00032.parquet,2108
00025976_000,00025976_000.jpg,train,0,No Finding,25976,0,88,F,PA,2534,2550,train,data/train-00028-of-00032.parquet,2113
00025986_000,00025986_000.jpg,train,0,Infiltration,25986,0,29,M,PA,3056,2544,train,data/train-00028-of-00032.parquet,2143
00025990_001,00025990_001.jpg,train,0,No Finding,25990,1,67,M,PA,2992,2991,train,data/train-00028-of-00032.parquet,2148
00025996_000,00025996_000.jpg,train,0,Infiltration,25996,0,51,M,PA,2992,2991,train,data/train-00028-of-00032.parquet,2159
00026005_001,00026005_001.jpg,train,0,No Finding,26005,1,30,M,PA,2021,2021,train,data/train-00028-of-00032.parquet,2177
00026010_000,00026010_000.jpg,train,0,Infiltration,26010,0,63,M,PA,2992,2991,train,data/train-00028-of-00032.parquet,2182
00026018_000,00026018_000.jpg,train,0,No Finding,26018,0,73,M,PA,2992,2991,train,data/train-00028-of-00032.parquet,2197
00026025_000,00026025_000.jpg,train,0,No Finding,26025,0,24,M,PA,2992,2991,train,data/train-00028-of-00032.parquet,2239
00026033_000,00026033_000.jpg,train,0,No Finding,26033,0,49,F,PA,2992,2991,train,data/train-00028-of-00032.parquet,2277
00026040_001,00026040_001.jpg,train,0,No Finding,26040,1,32,M,PA,2021,2021,train,data/train-00028-of-00032.parquet,2286
00026041_000,00026041_000.jpg,train,1,Infiltration|Pneumothorax,26041,0,38,M,AP,3056,2544,train,data/train-00028-of-00032.parquet,2287
00026047_001,00026047_001.jpg,train,0,No Finding,26047,1,51,M,PA,2992,2991,train,data/train-00028-of-00032.parquet,2297
00026049_000,00026049_000.jpg,train,0,No Finding,26049,0,23,F,PA,3056,2544,train,data/train-00028-of-00032.parquet,2302
00026050_000,00026050_000.jpg,train,0,Atelectasis|Effusion|Mass,26050,0,51,M,PA,2790,2836,train,data/train-00028-of-00032.parquet,2304
00026064_000,00026064_000.jpg,train,0,Nodule,26064,0,77,F,PA,2992,2991,train,data/train-00028-of-00032.parquet,2340
00026064_001,00026064_001.jpg,train,0,Infiltration|Nodule,26064,1,77,F,AP,3056,2544,train,data/train-00028-of-00032.parquet,2341
00026066_001,00026066_001.jpg,train,0,No Finding,26066,1,26,M,PA,2021,2021,train,data/train-00028-of-00032.parquet,2344
00026068_001,00026068_001.jpg,train,0,No Finding,26068,1,67,M,AP,2907,2544,train,data/train-00028-of-00032.parquet,2348
00026070_000,00026070_000.jpg,train,0,Infiltration,26070,0,27,F,PA,2992,2991,train,data/train-00028-of-00032.parquet,2350
00026071_000,00026071_000.jpg,train,0,Emphysema|Pleural_Thickening,26071,0,76,F,AP,3056,2544,train,data/train-00028-of-00032.parquet,2351
00026071_002,00026071_002.jpg,train,1,Pneumothorax,26071,2,76,F,AP,3056,2544,train,data/train-00028-of-00032.parquet,2353
00026071_004,00026071_004.jpg,train,1,Effusion|Pleural_Thickening|Pneumothorax,26071,4,76,F,PA,2846,2991,train,data/train-00028-of-00032.parquet,2355
00026072_000,00026072_000.jpg,train,0,No Finding,26072,0,35,M,PA,2992,2991,train,data/train-00028-of-00032.parquet,2358
00026074_000,00026074_000.jpg,train,0,No Finding,26074,0,70,M,PA,2992,2991,train,data/train-00028-of-00032.parquet,2384
00026084_001,00026084_001.jpg,train,0,No Finding,26084,1,48,M,AP,3056,2544,train,data/train-00028-of-00032.parquet,2406
00026089_000,00026089_000.jpg,train,0,No Finding,26089,0,27,F,PA,2370,2991,train,data/train-00028-of-00032.parquet,2415
00026091_000,00026091_000.jpg,train,0,No Finding,26091,0,65,M,PA,2992,2991,train,data/train-00028-of-00032.parquet,2417
00026099_021,00026099_021.jpg,train,1,Infiltration|Pneumothorax,26099,21,23,M,AP,3056,2544,train,data/train-00028-of-00032.parquet,2451
00026110_000,00026110_000.jpg,train,0,No Finding,26110,0,50,F,PA,2992,2991,train,data/train-00028-of-00032.parquet,2496
00026110_001,00026110_001.jpg,train,0,No Finding,26110,1,50,F,PA,2992,2991,train,data/train-00028-of-00032.parquet,2497
00026113_000,00026113_000.jpg,train,0,Mass,26113,0,70,M,AP,3056,2544,train,data/train-00028-of-00032.parquet,2504
00026120_001,00026120_001.jpg,train,0,Infiltration|Nodule,26120,1,66,M,AP,3056,2544,train,data/train-00028-of-00032.parquet,2515
00026121_000,00026121_000.jpg,val,0,Infiltration,26121,0,60,F,AP,3056,2544,train,data/train-00028-of-00032.parquet,2516
00026122_000,00026122_000.jpg,val,0,Atelectasis,26122,0,74,M,AP,3056,2544,train,data/train-00028-of-00032.parquet,2517
00026122_001,00026122_001.jpg,val,0,Atelectasis,26122,1,74,M,PA,2892,2922,train,data/train-00028-of-00032.parquet,2518
00026122_002,00026122_002.jpg,val,0,Atelectasis,26122,2,75,M,AP,3056,2544,train,data/train-00028-of-00032.parquet,2519
00026124_001,00026124_001.jpg,train,1,Pneumothorax,26124,1,47,F,PA,2992,2991,train,data/train-00028-of-00032.parquet,2523
00026126_000,00026126_000.jpg,val,0,No Finding,26126,0,56,F,PA,2992,2991,train,data/train-00028-of-00032.parquet,2525
00026131_000,00026131_000.jpg,train,0,No Finding,26131,0,68,F,AP,3056,2544,train,data/train-00028-of-00032.parquet,2534
00026134_000,00026134_000.jpg,val,1,Effusion|Pneumothorax,26134,0,52,F,PA,2386,2991,train,data/train-00028-of-00032.parquet,2536
00026134_002,00026134_002.jpg,val,0,Mass|Nodule,26134,2,52,F,PA,2546,2781,train,data/train-00028-of-00032.parquet,2538
00026138_001,00026138_001.jpg,train,0,No Finding,26138,1,43,M,PA,2021,2021,train,data/train-00028-of-00032.parquet,2548
00026140_000,00026140_000.jpg,val,0,No Finding,26140,0,30,F,PA,2588,2530,train,data/train-00028-of-00032.parquet,2556
00026140_001,00026140_001.jpg,val,0,Cardiomegaly|Effusion,26140,1,31,F,PA,1703,2021,train,data/train-00028-of-00032.parquet,2557
00026141_000,00026141_000.jpg,train,0,No Finding,26141,0,42,F,PA,2706,2991,train,data/train-00028-of-00032.parquet,2558
00026141_004,00026141_004.jpg,train,1,Pneumothorax,26141,4,44,F,PA,2020,2021,train,data/train-00028-of-00032.parquet,2562
00026146_000,00026146_000.jpg,train,0,No Finding,26146,0,27,F,PA,2992,2991,train,data/train-00028-of-00032.parquet,2581
00026148_000,00026148_000.jpg,val,0,No Finding,26148,0,35,M,AP,3056,2544,train,data/train-00028-of-00032.parquet,2583
00026148_001,00026148_001.jpg,val,0,No Finding,26148,1,35,M,AP,3056,2544,train,data/train-00028-of-00032.parquet,2584
00026148_002,00026148_002.jpg,val,0,No Finding,26148,2,35,M,PA,2021,2021,train,data/train-00028-of-00032.parquet,2585
00026155_000,00026155_000.jpg,val,0,Infiltration,26155,0,66,F,PA,2992,2991,train,data/train-00028-of-00032.parquet,2599
00026197_002,00026197_002.jpg,train,0,Atelectasis,26197,2,40,M,PA,2992,2991,train,data/train-00029-of-00032.parquet,1
00026201_001,00026201_001.jpg,train,1,Pneumothorax,26201,1,23,M,PA,2918,2805,train,data/train-00029-of-00032.parquet,19
00026201_002,00026201_002.jpg,train,1,Atelectasis|Pleural_Thickening|Pneumothorax,26201,2,23,M,PA,2972,2898,train,data/train-00029-of-00032.parquet,20
00026211_001,00026211_001.jpg,train,0,No Finding,26211,1,44,M,PA,2722,2577,train,data/train-00029-of-00032.parquet,59
00026214_000,00026214_000.jpg,train,0,No Finding,26214,0,68,F,PA,2744,2670,train,data/train-00029-of-00032.parquet,62
00026219_000,00026219_000.jpg,train,0,Infiltration,26219,0,59,F,PA,2992,2991,train,data/train-00029-of-00032.parquet,69
00026222_003,00026222_003.jpg,train,1,Effusion|Emphysema|Pneumothorax,26222,3,52,M,PA,2992,2991,train,data/train-00029-of-00032.parquet,74
00026222_004,00026222_004.jpg,train,1,Emphysema|Pneumothorax,26222,4,52,M,PA,2992,2991,train,data/train-00029-of-00032.parquet,75
00026222_005,00026222_005.jpg,train,1,Effusion|Emphysema|Pneumothorax,26222,5,52,M,PA,2992,2991,train,data/train-00029-of-00032.parquet,76
00026225_000,00026225_000.jpg,train,0,Cardiomegaly,26225,0,31,M,PA,2992,2991,train,data/train-00029-of-00032.parquet,90
00026226_000,00026226_000.jpg,train,1,Pneumothorax,26226,0,26,M,PA,2992,2991,train,data/train-00029-of-00032.parquet,91
00026278_001,00026278_001.jpg,train,1,Pneumothorax,26278,1,50,F,PA,2402,2489,train,data/train-00029-of-00032.parquet,240
00026292_000,00026292_000.jpg,train,0,Atelectasis,26292,0,74,M,PA,2992,2991,train,data/train-00029-of-00032.parquet,261
00026292_001,00026292_001.jpg,train,0,No Finding,26292,1,74,M,PA,2992,2991,train,data/train-00029-of-00032.parquet,262
00026293_003,00026293_003.jpg,train,1,Pneumothorax,26293,3,48,F,PA,2021,2021,train,data/train-00029-of-00032.parquet,272
00026297_001,00026297_001.jpg,train,0,Effusion,26297,1,63,M,PA,2992,2991,train,data/train-00029-of-00032.parquet,279
00026513_001,00026513_001.jpg,train,0,Atelectasis,26513,1,55,M,AP,3056,2544,train,data/train-00029-of-00032.parquet,702
00026513_002,00026513_002.jpg,train,0,No Finding,26513,2,55,M,AP,3056,2544,train,data/train-00029-of-00032.parquet,703
00026515_001,00026515_001.jpg,train,0,No Finding,26515,1,66,M,PA,2992,2991,train,data/train-00029-of-00032.parquet,711
00026518_001,00026518_001.jpg,train,0,No Finding,26518,1,47,F,AP,3056,2544,train,data/train-00029-of-00032.parquet,727
00026521_000,00026521_000.jpg,train,0,No Finding,26521,0,50,F,PA,2544,3056,train,data/train-00029-of-00032.parquet,731
00026525_001,00026525_001.jpg,train,0,Effusion|Infiltration|Nodule|Pneumonia,26525,1,23,F,PA,2370,2593,train,data/train-00029-of-00032.parquet,752
00026529_001,00026529_001.jpg,train,0,No Finding,26529,1,21,F,PA,2710,2991,train,data/train-00029-of-00032.parquet,758
00026533_000,00026533_000.jpg,train,0,Infiltration,26533,0,31,M,PA,2990,2985,train,data/train-00029-of-00032.parquet,763
00026533_001,00026533_001.jpg,train,0,No Finding,26533,1,31,M,PA,2992,2991,train,data/train-00029-of-00032.parquet,764
00026536_000,00026536_000.jpg,train,0,Mass|Pleural_Thickening,26536,0,32,F,PA,2992,2991,train,data/train-00029-of-00032.parquet,770
00026542_000,00026542_000.jpg,train,0,No Finding,26542,0,61,M,PA,3056,2544,train,data/train-00029-of-00032.parquet,776
00026543_002,00026543_002.jpg,train,0,Atelectasis|Nodule,26543,2,54,F,AP,3056,2544,train,data/train-00029-of-00032.parquet,780
00026546_007,00026546_007.jpg,train,1,Pneumothorax,26546,7,32,F,PA,2992,2991,train,data/train-00029-of-00032.parquet,793
00026548_000,00026548_000.jpg,train,0,Infiltration,26548,0,71,M,PA,2992,2991,train,data/train-00029-of-00032.parquet,808
00026551_000,00026551_000.jpg,train,0,No Finding,26551,0,40,F,PA,2654,2493,train,data/train-00029-of-00032.parquet,814
00026556_005,00026556_005.jpg,train,1,Emphysema|Pleural_Thickening|Pneumothorax,26556,5,51,M,PA,2992,2991,train,data/train-00029-of-00032.parquet,829
00026560_002,00026560_002.jpg,train,0,No Finding,26560,2,45,F,AP,3056,2544,train,data/train-00029-of-00032.parquet,837
00026561_001,00026561_001.jpg,train,0,No Finding,26561,1,76,F,AP,3056,2544,train,data/train-00029-of-00032.parquet,850
00026570_000,00026570_000.jpg,train,0,Mass|Nodule,26570,0,50,M,PA,3056,2544,train,data/train-00029-of-00032.parquet,863
00026573_003,00026573_003.jpg,train,1,Mass|Pneumothorax,26573,2,55,F,AP,2944,2544,train,data/train-00029-of-00032.parquet,873
00026585_000,00026585_000.jpg,train,0,Nodule,26585,0,31,M,PA,2774,2991,train,data/train-00029-of-00032.parquet,898
00026595_000,00026595_000.jpg,train,0,No Finding,26595,0,29,F,PA,2992,2991,train,data/train-00029-of-00032.parquet,911
00026596_001,00026596_001.jpg,train,0,No Finding,26596,1,56,M,PA,2992,2991,train,data/train-00029-of-00032.parquet,913
00026597_003,00026597_003.jpg,train,1,Pneumothorax,26597,3,44,M,AP,3056,2544,train,data/train-00029-of-00032.parquet,917
00026597_006,00026597_006.jpg,train,1,Pneumothorax,26597,6,45,M,AP,3056,2544,train,data/train-00029-of-00032.parquet,920
00026599_001,00026599_001.jpg,train,0,No Finding,26599,1,39,F,PA,2015,2021,train,data/train-00029-of-00032.parquet,932
00026605_001,00026605_001.jpg,train,0,Infiltration,26605,1,43,M,PA,2992,2991,train,data/train-00029-of-00032.parquet,947
00026609_000,00026609_000.jpg,train,0,No Finding,26609,0,32,M,PA,2992,2991,train,data/train-00029-of-00032.parquet,955
00026609_001,00026609_001.jpg,train,0,No Finding,26609,1,32,M,AP,3056,2544,train,data/train-00029-of-00032.parquet,956
00026617_000,00026617_000.jpg,train,0,No Finding,26617,0,44,F,PA,2544,3056,train,data/train-00029-of-00032.parquet,964
00026618_000,00026618_000.jpg,train,0,No Finding,26618,0,26,M,PA,2694,2813,train,data/train-00029-of-00032.parquet,965
00026620_002,00026620_002.jpg,train,0,No Finding,26620,2,43,F,AP,3056,2544,train,data/train-00029-of-00032.parquet,975
00026627_000,00026627_000.jpg,train,0,No Finding,26627,0,33,M,AP,3056,2544,train,data/train-00029-of-00032.parquet,991
00026627_001,00026627_001.jpg,train,0,No Finding,26627,1,33,M,AP,3056,2544,train,data/train-00029-of-00032.parquet,992
00026636_001,00026636_001.jpg,train,0,No Finding,26636,1,57,F,AP,3056,2544,train,data/train-00029-of-00032.parquet,1013
00026638_000,00026638_000.jpg,train,0,No Finding,26638,0,68,M,PA,3056,2544,train,data/train-00029-of-00032.parquet,1015
00026638_001,00026638_001.jpg,train,0,Pleural_Thickening,26638,1,68,M,PA,2992,2991,train,data/train-00029-of-00032.parquet,1016
00026641_007,00026641_007.jpg,train,1,Emphysema|Infiltration|Nodule|Pneumothorax,26641,7,57,F,AP,3056,2544,train,data/train-00029-of-00032.parquet,1031
00026645_000,00026645_000.jpg,train,0,No Finding,26645,0,22,M,AP,3056,2544,train,data/train-00029-of-00032.parquet,1039
00026652_000,00026652_000.jpg,train,0,No Finding,26652,0,37,M,PA,2992,2991,train,data/train-00029-of-00032.parquet,1053
00026661_001,00026661_001.jpg,train,0,No Finding,26661,1,30,F,AP,3056,2544,train,data/train-00029-of-00032.parquet,1071
00026665_001,00026665_001.jpg,train,0,No Finding,26665,1,49,M,PA,2992,2991,train,data/train-00029-of-00032.parquet,1079
00026666_000,00026666_000.jpg,train,0,Consolidation,26666,0,66,F,AP,3056,2544,train,data/train-00029-of-00032.parquet,1081
00026669_001,00026669_001.jpg,train,0,No Finding,26669,1,25,F,PA,2226,2991,train,data/train-00029-of-00032.parquet,1085
00026670_001,00026670_001.jpg,train,0,Emphysema,26670,1,60,M,PA,3056,2544,train,data/train-00029-of-00032.parquet,1088
00026678_000,00026678_000.jpg,train,0,Infiltration,26678,0,49,M,PA,3056,2544,train,data/train-00029-of-00032.parquet,1099
00026682_000,00026682_000.jpg,train,0,No Finding,26682,0,59,M,PA,2992,2991,train,data/train-00029-of-00032.parquet,1103
00026683_003,00026683_003.jpg,train,1,Pneumothorax,26683,3,50,F,PA,2662,2991,train,data/train-00029-of-00032.parquet,1107
00026683_005,00026683_005.jpg,train,1,Pleural_Thickening|Pneumothorax,26683,5,50,F,PA,2992,2991,train,data/train-00029-of-00032.parquet,1109
00026684_000,00026684_000.jpg,train,0,Nodule|Pleural_Thickening,26684,0,48,F,PA,2992,2991,train,data/train-00029-of-00032.parquet,1119
00026702_000,00026702_000.jpg,train,0,Consolidation|Infiltration,26702,0,44,F,PA,2992,2991,train,data/train-00029-of-00032.parquet,1161
00026704_001,00026704_001.jpg,train,0,No Finding,26704,1,51,M,PA,2992,2991,train,data/train-00029-of-00032.parquet,1166
00026705_000,00026705_000.jpg,train,0,No Finding,26705,0,38,F,PA,2992,2991,train,data/train-00029-of-00032.parquet,1167
00026718_000,00026718_000.jpg,val,0,No Finding,26718,0,40,F,PA,2992,2991,train,data/train-00029-of-00032.parquet,1213
00026718_002,00026718_002.jpg,val,0,No Finding,26718,2,41,F,PA,2021,2021,train,data/train-00029-of-00032.parquet,1215
00026719_000,00026719_000.jpg,val,1,Pneumothorax,26719,0,69,F,PA,2992,2991,train,data/train-00029-of-00032.parquet,1216
00026719_001,00026719_001.jpg,val,0,No Finding,26719,1,70,F,PA,2796,2948,train,data/train-00029-of-00032.parquet,1217
00026719_002,00026719_002.jpg,val,0,No Finding,26719,2,71,F,PA,2021,2021,train,data/train-00029-of-00032.parquet,1218
00026720_001,00026720_001.jpg,train,0,No Finding,26720,1,40,M,PA,2992,2991,train,data/train-00029-of-00032.parquet,1220
00026721_000,00026721_000.jpg,train,0,Atelectasis,26721,0,56,M,PA,2992,2991,train,data/train-00029-of-00032.parquet,1221
00026721_001,00026721_001.jpg,train,0,Infiltration,26721,1,56,M,PA,2992,2991,train,data/train-00029-of-00032.parquet,1222
00026722_001,00026722_001.jpg,train,0,No Finding,26722,1,32,F,PA,2770,2585,train,data/train-00029-of-00032.parquet,1224
00026727_001,00026727_001.jpg,train,0,Infiltration,26727,1,27,F,AP,3056,2544,train,data/train-00029-of-00032.parquet,1240
00026727_002,00026727_002.jpg,train,0,No Finding,26727,2,27,F,AP,3056,2544,train,data/train-00029-of-00032.parquet,1241
00026734_000,00026734_000.jpg,train,0,Cardiomegaly,26734,0,58,M,AP,3056,2544,train,data/train-00029-of-00032.parquet,1253
00026735_000,00026735_000.jpg,train,0,No Finding,26735,0,67,M,PA,2992,2991,train,data/train-00029-of-00032.parquet,1256
00026736_000,00026736_000.jpg,val,0,No Finding,26736,0,44,M,PA,2992,2991,train,data/train-00029-of-00032.parquet,1257
00026737_001,00026737_001.jpg,train,0,Infiltration,26737,1,23,F,AP,3056,2544,train,data/train-00029-of-00032.parquet,1259
00026738_000,00026738_000.jpg,train,0,No Finding,26738,0,45,F,PA,2810,2991,train,data/train-00029-of-00032.parquet,1260
00026738_001,00026738_001.jpg,train,1,Infiltration|Pneumothorax,26738,1,45,F,AP,3056,2544,train,data/train-00029-of-00032.parquet,1261
00026738_005,00026738_005.jpg,train,1,Pneumothorax,26738,5,45,F,PA,3056,2544,train,data/train-00029-of-00032.parquet,1265
00026747_000,00026747_000.jpg,train,0,No Finding,26747,0,65,M,PA,2992,2991,train,data/train-00029-of-00032.parquet,1278
00026747_001,00026747_001.jpg,train,0,No Finding,26747,1,65,M,AP,3056,2544,train,data/train-00029-of-00032.parquet,1279
00026748_000,00026748_000.jpg,train,0,No Finding,26748,0,35,M,PA,2992,2991,train,data/train-00029-of-00032.parquet,1281
00026749_000,00026749_000.jpg,train,0,Pleural_Thickening,26749,0,45,F,PA,2814,2705,train,data/train-00029-of-00032.parquet,1284
00026750_000,00026750_000.jpg,train,0,No Finding,26750,0,57,M,PA,3056,2544,train,data/train-00029-of-00032.parquet,1285
00026751_000,00026751_000.jpg,train,0,Atelectasis|Effusion,26751,0,69,M,PA,2992,2991,train,data/train-00029-of-00032.parquet,1286
00026752_002,00026752_002.jpg,train,0,No Finding,26752,2,25,F,PA,1829,1980,train,data/train-00029-of-00032.parquet,1292
00026771_000,00026771_000.jpg,train,0,Atelectasis|Mass,26771,0,63,F,PA,2021,2021,train,data/train-00029-of-00032.parquet,1322
00026775_000,00026775_000.jpg,train,0,Atelectasis|Infiltration,26775,0,58,F,PA,2582,2991,train,data/train-00029-of-00032.parquet,1327
00026780_002,00026780_002.jpg,train,0,Mass,26780,2,28,M,PA,3056,2544,train,data/train-00029-of-00032.parquet,1335
00026781_000,00026781_000.jpg,train,0,Effusion|Mass,26781,0,72,M,PA,2992,2991,train,data/train-00029-of-00032.parquet,1336
00026792_000,00026792_000.jpg,train,0,No Finding,26792,0,43,F,PA,2992,2991,train,data/train-00029-of-00032.parquet,1371
00026793_004,00026793_004.jpg,train,1,Emphysema|Pneumothorax,26793,4,63,M,PA,2992,2991,train,data/train-00029-of-00032.parquet,1376
00026793_006,00026793_006.jpg,train,1,Pneumothorax,26793,6,63,M,PA,2992,2991,train,data/train-00029-of-00032.parquet,1378
00026799_001,00026799_001.jpg,train,0,No Finding,26799,1,35,M,PA,3056,2544,train,data/train-00029-of-00032.parquet,1395
00026812_000,00026812_000.jpg,train,0,No Finding,26812,0,47,M,PA,2944,2912,train,data/train-00029-of-00032.parquet,1422
00026814_001,00026814_001.jpg,train,0,Nodule,26814,1,33,F,PA,2992,2991,train,data/train-00029-of-00032.parquet,1426
00026815_000,00026815_000.jpg,train,1,Pneumothorax,26815,0,35,F,PA,2992,2991,train,data/train-00029-of-00032.parquet,1431
00026815_002,00026815_002.jpg,train,1,Pneumothorax,26815,2,36,F,PA,3056,2544,train,data/train-00029-of-00032.parquet,1433
00026819_000,00026819_000.jpg,train,0,Atelectasis,26819,0,56,F,PA,2992,2991,train,data/train-00029-of-00032.parquet,1439
00026823_000,00026823_000.jpg,train,0,No Finding,26823,0,47,M,PA,2021,2021,train,data/train-00029-of-00032.parquet,1447
00026824_000,00026824_000.jpg,train,0,No Finding,26824,0,33,M,PA,2992,2991,train,data/train-00029-of-00032.parquet,1449
00026825_001,00026825_001.jpg,train,0,No Finding,26825,1,34,F,PA,2874,2991,train,data/train-00029-of-00032.parquet,1451
00026826_000,00026826_000.jpg,train,0,No Finding,26826,0,47,M,PA,2992,2991,train,data/train-00029-of-00032.parquet,1468
00026828_018,00026828_018.jpg,train,1,Pneumothorax,26828,18,52,M,PA,2992,2991,train,data/train-00029-of-00032.parquet,1488
00026883_000,00026883_000.jpg,train,0,No Finding,26883,0,55,F,PA,2802,2991,train,data/train-00029-of-00032.parquet,1616
00026887_000,00026887_000.jpg,train,0,Infiltration,26887,0,54,M,PA,2992,2991,train,data/train-00029-of-00032.parquet,1620
00026893_008,00026893_008.jpg,train,1,Pneumothorax,26893,8,40,F,PA,2992,2991,train,data/train-00029-of-00032.parquet,1635
00026893_009,00026893_009.jpg,train,1,Pneumothorax,26893,9,40,F,PA,2992,2991,train,data/train-00029-of-00032.parquet,1636
00026896_000,00026896_000.jpg,train,0,Atelectasis,26896,0,58,F,AP,3056,2544,train,data/train-00029-of-00032.parquet,1643
00026897_001,00026897_001.jpg,train,0,No Finding,26897,1,29,F,AP,3056,2332,train,data/train-00029-of-00032.parquet,1645
00026904_002,00026904_002.jpg,train,0,No Finding,26904,2,79,M,AP,3056,2544,train,data/train-00029-of-00032.parquet,1655
00026910_000,00026910_000.jpg,train,0,Atelectasis|Consolidation|Mass,26910,0,79,M,PA,2992,2991,train,data/train-00029-of-00032.parquet,1681
00026913_000,00026913_000.jpg,train,1,Pneumothorax,26913,0,23,F,PA,2992,2991,train,data/train-00029-of-00032.parquet,1683
00026918_001,00026918_001.jpg,train,0,No Finding,26918,1,57,F,PA,2021,2021,train,data/train-00029-of-00032.parquet,1691
00026925_001,00026925_001.jpg,train,0,No Finding,26925,1,38,F,AP,2544,3056,train,data/train-00029-of-00032.parquet,1698
00026964_000,00026964_000.jpg,train,0,Nodule,26964,0,48,F,PA,3056,2544,train,data/train-00029-of-00032.parquet,1832
00026966_000,00026966_000.jpg,train,0,No Finding,26966,0,23,F,AP,3056,2544,train,data/train-00029-of-00032.parquet,1836
00026967_005,00026967_005.jpg,train,1,Atelectasis|Pneumothorax,26967,5,53,F,AP,3056,2544,train,data/train-00029-of-00032.parquet,1844
00026974_000,00026974_000.jpg,train,0,Pleural_Thickening,26974,0,72,F,AP,3056,2544,train,data/train-00029-of-00032.parquet,1866
00026974_002,00026974_002.jpg,train,0,Atelectasis|Mass,26974,2,73,F,PA,2544,3056,train,data/train-00029-of-00032.parquet,1868
00026982_000,00026982_000.jpg,train,0,No Finding,26982,0,51,M,PA,2992,2991,train,data/train-00029-of-00032.parquet,1890
00026984_002,00026984_002.jpg,train,0,Atelectasis|Effusion,26984,2,59,F,PA,2021,2021,train,data/train-00029-of-00032.parquet,1899
00026986_004,00026986_004.jpg,train,1,Emphysema|Pneumothorax,26986,4,73,F,PA,2992,2991,train,data/train-00029-of-00032.parquet,1906
00026986_005,00026986_005.jpg,train,1,Pneumothorax,26986,5,73,F,PA,2878,2991,train,data/train-00029-of-00032.parquet,1907
00026986_006,00026986_006.jpg,train,1,Emphysema|Pneumothorax,26986,6,73,F,PA,2992,2991,train,data/train-00029-of-00032.parquet,1908
00026988_000,00026988_000.jpg,train,0,No Finding,26988,0,27,M,PA,2990,2991,train,data/train-00029-of-00032.parquet,1916
00026988_001,00026988_001.jpg,train,0,No Finding,26988,1,29,M,PA,2021,2021,train,data/train-00029-of-00032.parquet,1917
00026997_000,00026997_000.jpg,train,0,No Finding,26997,0,54,F,AP,3044,2544,train,data/train-00029-of-00032.parquet,1936
00027000_000,00027000_000.jpg,train,0,Infiltration,27000,0,60,M,PA,2992,2991,train,data/train-00029-of-00032.parquet,1952
00027010_000,00027010_000.jpg,train,0,No Finding,27010,0,71,F,AP,3056,2544,train,data/train-00029-of-00032.parquet,1966
00027022_000,00027022_000.jpg,train,0,Infiltration,27022,0,36,F,PA,2554,2991,train,data/train-00029-of-00032.parquet,1993
00027024_000,00027024_000.jpg,train,0,No Finding,27024,0,61,F,PA,2992,2991,train,data/train-00029-of-00032.parquet,1998
00027024_002,00027024_002.jpg,train,0,No Finding,27024,2,61,F,AP,3056,2544,train,data/train-00029-of-00032.parquet,2000
00027025_000,00027025_000.jpg,train,0,No Finding,27025,0,54,F,PA,2870,2991,train,data/train-00029-of-00032.parquet,2002
00027026_000,00027026_000.jpg,train,0,No Finding,27026,0,46,M,PA,2992,2991,train,data/train-00029-of-00032.parquet,2004
00027034_001,00027034_001.jpg,train,0,No Finding,27034,1,38,F,AP,3056,2544,train,data/train-00029-of-00032.parquet,2013
00027039_002,00027039_002.jpg,train,0,No Finding,27039,2,54,M,PA,2670,2617,train,data/train-00029-of-00032.parquet,2028
00027042_000,00027042_000.jpg,train,0,Nodule,27042,0,70,M,AP,3056,2544,train,data/train-00029-of-00032.parquet,2035
00027046_000,00027046_000.jpg,train,0,No Finding,27046,0,18,F,PA,2750,2885,train,data/train-00029-of-00032.parquet,2049
00027050_001,00027050_001.jpg,train,1,Emphysema|Pneumothorax,27050,1,23,M,PA,2021,2021,train,data/train-00029-of-00032.parquet,2057
00027050_002,00027050_002.jpg,train,1,Pneumothorax,27050,2,23,M,PA,1940,2021,train,data/train-00029-of-00032.parquet,2058
00027065_001,00027065_001.jpg,train,0,No Finding,27065,1,56,M,AP,3056,2544,train,data/train-00029-of-00032.parquet,2084
00027065_002,00027065_002.jpg,train,0,No Finding,27065,2,56,M,AP,3056,2544,train,data/train-00029-of-00032.parquet,2085
00027066_001,00027066_001.jpg,train,1,Effusion|Pneumothorax,27066,1,65,M,AP,2996,2440,train,data/train-00029-of-00032.parquet,2093
00027067_000,00027067_000.jpg,train,0,No Finding,27067,0,67,M,PA,2850,2991,train,data/train-00029-of-00032.parquet,2106
00027068_000,00027068_000.jpg,train,0,Atelectasis|Infiltration,27068,0,43,F,PA,2728,2650,train,data/train-00029-of-00032.parquet,2111
00027074_000,00027074_000.jpg,train,0,No Finding,27074,0,38,F,PA,2870,2717,train,data/train-00029-of-00032.parquet,2123
00027075_001,00027075_001.jpg,train,0,No Finding,27075,1,37,M,PA,2674,2601,train,data/train-00029-of-00032.parquet,2125
00027080_000,00027080_000.jpg,train,0,No Finding,27080,0,73,F,PA,2782,2545,train,data/train-00029-of-00032.parquet,2132
00027092_002,00027092_002.jpg,train,1,Pneumothorax,27092,2,52,F,AP,3056,2544,train,data/train-00029-of-00032.parquet,2145
00027092_004,00027092_004.jpg,train,1,Pneumothorax,27092,4,52,F,PA,2490,2991,train,data/train-00029-of-00032.parquet,2147
00027092_005,00027092_005.jpg,train,1,Pneumothorax,27092,5,52,F,PA,2544,3056,train,data/train-00029-of-00032.parquet,2148
00027105_001,00027105_001.jpg,train,0,Edema,27105,1,31,F,AP,3056,2544,train,data/train-00029-of-00032.parquet,2170
00027107_000,00027107_000.jpg,train,0,No Finding,27107,0,37,F,PA,2650,2641,train,data/train-00029-of-00032.parquet,2174
00027107_002,00027107_002.jpg,train,0,Infiltration,27107,2,37,F,AP,3056,2544,train,data/train-00029-of-00032.parquet,2176
00027115_001,00027115_001.jpg,train,0,No Finding,27115,1,41,M,AP,3056,2544,train,data/train-00029-of-00032.parquet,2201
00027121_000,00027121_000.jpg,train,0,No Finding,27121,0,61,F,PA,2512,2772,train,data/train-00029-of-00032.parquet,2215
00027122_000,00027122_000.jpg,train,0,No Finding,27122,0,52,M,PA,3056,2544,train,data/train-00029-of-00032.parquet,2216
00027125_001,00027125_001.jpg,train,0,No Finding,27125,1,39,M,PA,2518,2735,train,data/train-00029-of-00032.parquet,2220
00027131_005,00027131_005.jpg,train,1,Emphysema|Pneumothorax,27131,7,65,M,PA,2992,2991,train,data/train-00029-of-00032.parquet,2233
00027139_000,00027139_000.jpg,train,1,Pneumothorax,27139,0,23,M,AP,3056,2544,train,data/train-00029-of-00032.parquet,2251
00027139_001,00027139_001.jpg,train,0,Pleural_Thickening,27139,1,23,M,PA,2500,2422,train,data/train-00029-of-00032.parquet,2252
00027142_008,00027142_008.jpg,train,1,Atelectasis|Pneumothorax,27142,8,56,F,PA,2992,2991,train,data/train-00029-of-00032.parquet,2268
00027142_009,00027142_009.jpg,train,1,Pneumothorax,27142,9,56,F,PA,2992,2991,train,data/train-00029-of-00032.parquet,2269
00027154_000,00027154_000.jpg,train,0,No Finding,27154,0,42,M,PA,2544,3056,train,data/train-00029-of-00032.parquet,2283
00027165_000,00027165_000.jpg,train,0,No Finding,27165,0,25,M,PA,2918,2889,train,data/train-00029-of-00032.parquet,2295
00027175_000,00027175_000.jpg,train,0,No Finding,27175,0,59,F,PA,2992,2991,train,data/train-00029-of-00032.parquet,2311
00027182_001,00027182_001.jpg,train,0,No Finding,27182,1,50,M,PA,2992,2991,train,data/train-00029-of-00032.parquet,2324
00027189_002,00027189_002.jpg,train,1,Atelectasis|Pneumothorax,27189,2,60,M,PA,2992,2991,train,data/train-00029-of-00032.parquet,2335
00027193_000,00027193_000.jpg,train,0,Infiltration,27193,0,67,M,PA,3056,2544,train,data/train-00029-of-00032.parquet,2354
00027195_000,00027195_000.jpg,train,0,Mass,27195,0,59,F,PA,2992,2991,train,data/train-00029-of-00032.parquet,2358
00027196_000,00027196_000.jpg,train,0,No Finding,27196,0,20,F,PA,2992,2991,train,data/train-00029-of-00032.parquet,2359
00027202_002,00027202_002.jpg,train,0,No Finding,27202,2,56,M,PA,2992,2991,train,data/train-00029-of-00032.parquet,2396
00027260_008,00027260_008.jpg,val,1,Effusion|Pneumothorax,27260,8,56,F,PA,2622,2991,train,data/train-00029-of-00032.parquet,2520
00027260_009,00027260_009.jpg,val,1,Effusion|Mass|Pneumothorax,27260,9,56,F,PA,2482,2581,train,data/train-00029-of-00032.parquet,2521
00027262_000,00027262_000.jpg,val,0,No Finding,27262,0,47,F,PA,2992,2991,train,data/train-00029-of-00032.parquet,2536
00027263_000,00027263_000.jpg,val,0,No Finding,27263,0,52,F,PA,3056,2544,train,data/train-00029-of-00032.parquet,2537
00027264_000,00027264_000.jpg,val,0,Infiltration,27264,0,43,M,PA,2992,2991,train,data/train-00029-of-00032.parquet,2538
00027294_000,00027294_000.jpg,val,0,No Finding,27294,0,61,F,PA,2542,2991,train,data/train-00029-of-00032.parquet,2588
00027294_001,00027294_001.jpg,val,0,No Finding,27294,1,61,F,PA,2534,2991,train,data/train-00029-of-00032.parquet,2589
00027294_002,00027294_002.jpg,val,0,No Finding,27294,2,62,F,PA,2021,2021,train,data/train-00029-of-00032.parquet,2590
00027297_001,00027297_001.jpg,train,0,No Finding,27297,1,63,M,AP,2544,3056,train,data/train-00029-of-00032.parquet,2602
00027297_002,00027297_002.jpg,train,0,Infiltration,27297,2,63,M,AP,3056,2544,train,data/train-00029-of-00032.parquet,2603
00027304_000,00027304_000.jpg,train,1,Pneumothorax,27304,0,59,M,AP,3056,2544,train,data/train-00029-of-00032.parquet,2631
00027304_002,00027304_002.jpg,train,1,Infiltration|Pneumothorax,27304,1,59,M,PA,2021,2021,train,data/train-00029-of-00032.parquet,2633
00027305_000,00027305_000.jpg,train,0,No Finding,27305,0,43,F,PA,2620,2600,train,data/train-00029-of-00032.parquet,2634
00027306_000,00027306_000.jpg,val,1,Pneumothorax,27306,0,43,F,PA,2992,2991,train,data/train-00029-of-00032.parquet,2635
00027310_000,00027310_000.jpg,train,0,No Finding,27310,0,71,F,PA,2544,3056,train,data/train-00029-of-00032.parquet,2639
00027311_000,00027311_000.jpg,train,0,No Finding,27311,0,40,F,PA,2992,2991,train,data/train-00029-of-00032.parquet,2640
00027312_000,00027312_000.jpg,train,0,No Finding,27312,0,45,F,PA,2992,2991,train,data/train-00029-of-00032.parquet,2648
00027313_000,00027313_000.jpg,val,0,No Finding,27313,0,49,F,PA,2662,2625,train,data/train-00029-of-00032.parquet,2649
00027323_000,00027323_000.jpg,train,0,Atelectasis,27323,0,48,F,PA,2992,2991,train,data/train-00029-of-00032.parquet,2687
00027328_000,00027328_000.jpg,train,0,No Finding,27328,0,34,F,PA,2992,2991,train,data/train-00029-of-00032.parquet,2697
00027383_000,00027383_000.jpg,val,0,Infiltration|Pleural_Thickening,27383,0,24,M,PA,2992,2991,train,data/train-00030-of-00032.parquet,122
00027383_001,00027383_001.jpg,val,1,Atelectasis|Consolidation|Pneumothorax,27383,1,24,M,AP,3056,2544,train,data/train-00030-of-00032.parquet,123
00027383_002,00027383_002.jpg,val,0,Atelectasis|Consolidation,27383,2,24,M,PA,2992,2991,train,data/train-00030-of-00032.parquet,124
00027406_000,00027406_000.jpg,val,0,No Finding,27406,0,34,M,PA,2992,2991,train,data/train-00030-of-00032.parquet,174
00027408_000,00027408_000.jpg,val,0,No Finding,27408,0,31,M,PA,2992,2991,train,data/train-00030-of-00032.parquet,177
00027416_002,00027416_002.jpg,train,1,Mass|Pneumothorax,27416,2,74,F,AP,3056,2544,train,data/train-00030-of-00032.parquet,272
00027416_003,00027416_003.jpg,train,1,Mass|Pneumothorax,27416,3,74,F,AP,3004,2544,train,data/train-00030-of-00032.parquet,273
00027465_004,00027465_004.jpg,train,1,Pleural_Thickening|Pneumothorax,27465,4,22,M,PA,2992,2991,train,data/train-00030-of-00032.parquet,410
00027466_010,00027466_010.jpg,train,1,Emphysema|Pleural_Thickening|Pneumothorax,27466,10,58,M,PA,2992,2991,train,data/train-00030-of-00032.parquet,438
00027467_000,00027467_000.jpg,train,0,No Finding,27467,0,30,M,PA,2992,2991,train,data/train-00030-of-00032.parquet,441
00027480_000,00027480_000.jpg,train,0,Nodule,27480,0,55,M,PA,2992,2991,train,data/train-00030-of-00032.parquet,457
00027485_000,00027485_000.jpg,train,1,Effusion|Nodule|Pneumothorax,27485,0,64,M,AP,3056,2544,train,data/train-00030-of-00032.parquet,462
00027491_000,00027491_000.jpg,train,0,Nodule,27491,0,36,M,AP,3056,2544,train,data/train-00030-of-00032.parquet,470
00027492_000,00027492_000.jpg,train,0,No Finding,27492,0,66,M,AP,3056,2544,train,data/train-00030-of-00032.parquet,471
00027492_002,00027492_002.jpg,train,0,No Finding,27492,2,66,M,AP,3056,2544,train,data/train-00030-of-00032.parquet,473
00027494_000,00027494_000.jpg,train,0,No Finding,27494,0,76,M,PA,2546,2693,train,data/train-00030-of-00032.parquet,483
00027495_002,00027495_002.jpg,train,0,No Finding,27495,2,57,M,PA,3056,2544,train,data/train-00030-of-00032.parquet,486
00027498_000,00027498_000.jpg,train,0,Infiltration,27498,0,49,M,PA,3056,2544,train,data/train-00030-of-00032.parquet,491
00027547_002,00027547_002.jpg,train,1,Pneumothorax,27547,2,35,F,AP,3056,2544,train,data/train-00030-of-00032.parquet,601
00027547_003,00027547_003.jpg,train,1,Pneumothorax,27547,3,35,F,AP,3056,2544,train,data/train-00030-of-00032.parquet,602
00027555_000,00027555_000.jpg,train,0,Mass,27555,0,18,M,PA,2522,2991,train,data/train-00030-of-00032.parquet,618
00027559_001,00027559_001.jpg,train,0,No Finding,27559,1,44,M,AP,3056,2544,train,data/train-00030-of-00032.parquet,625
00027564_000,00027564_000.jpg,train,1,Mass|Nodule|Pneumothorax,27564,0,50,M,PA,2992,2991,train,data/train-00030-of-00032.parquet,631
00027564_001,00027564_001.jpg,train,0,Nodule,27564,1,50,M,PA,2992,2991,train,data/train-00030-of-00032.parquet,632
00027564_003,00027564_003.jpg,train,1,Mass|Pneumothorax,27564,3,50,M,PA,2992,2991,train,data/train-00030-of-00032.parquet,634
00027565_000,00027565_000.jpg,train,0,Infiltration,27565,0,52,F,PA,2992,2991,train,data/train-00030-of-00032.parquet,639
00027566_001,00027566_001.jpg,train,0,Infiltration,27566,1,46,M,AP,3056,2544,train,data/train-00030-of-00032.parquet,641
00027569_000,00027569_000.jpg,train,0,No Finding,27569,0,54,M,PA,2992,2991,train,data/train-00030-of-00032.parquet,646
00027582_000,00027582_000.jpg,train,0,Infiltration,27582,0,54,M,PA,2992,2991,train,data/train-00030-of-00032.parquet,669
00027585_000,00027585_000.jpg,train,0,Cardiomegaly,27585,0,61,F,PA,2886,2991,train,data/train-00030-of-00032.parquet,685
00027587_000,00027587_000.jpg,train,0,No Finding,27587,0,62,F,PA,2992,2991,train,data/train-00030-of-00032.parquet,687
00027590_001,00027590_001.jpg,train,0,No Finding,27590,1,59,F,AP,3048,2544,train,data/train-00030-of-00032.parquet,692
00027608_000,00027608_000.jpg,train,0,No Finding,27608,0,64,M,AP,3056,2544,train,data/train-00030-of-00032.parquet,719
00027610_000,00027610_000.jpg,train,0,No Finding,27610,0,40,M,PA,2992,2991,train,data/train-00030-of-00032.parquet,723
00027612_000,00027612_000.jpg,train,0,No Finding,27612,0,24,M,PA,2892,2948,train,data/train-00030-of-00032.parquet,725
00027618_006,00027618_006.jpg,train,1,Pneumothorax,27618,6,21,M,PA,3056,2544,train,data/train-00030-of-00032.parquet,741
00027622_000,00027622_000.jpg,train,0,Infiltration,27622,0,63,M,PA,2992,2991,train,data/train-00030-of-00032.parquet,762
00027649_000,00027649_000.jpg,train,0,No Finding,27649,0,23,M,AP,3056,2544,train,data/train-00030-of-00032.parquet,836
00027649_002,00027649_002.jpg,train,0,Atelectasis,27649,2,24,M,AP,3056,2544,train,data/train-00030-of-00032.parquet,838
00027650_000,00027650_000.jpg,train,0,No Finding,27650,0,24,M,PA,3056,2544,train,data/train-00030-of-00032.parquet,843
00027653_000,00027653_000.jpg,train,0,No Finding,27653,0,61,F,PA,2348,2214,train,data/train-00030-of-00032.parquet,850
00027667_000,00027667_000.jpg,train,0,Infiltration|Nodule,27667,0,61,F,PA,2544,3056,train,data/train-00030-of-00032.parquet,865
00027674_000,00027674_000.jpg,train,0,Infiltration,27674,0,22,M,PA,2992,2991,train,data/train-00030-of-00032.parquet,883
00027676_005,00027676_005.jpg,train,1,Atelectasis|Effusion|Pneumothorax,27676,5,57,M,PA,2992,2991,train,data/train-00030-of-00032.parquet,898
00027676_007,00027676_007.jpg,train,1,Atelectasis|Pneumothorax,27676,7,57,M,PA,2992,2991,train,data/train-00030-of-00032.parquet,900
00027676_008,00027676_008.jpg,train,1,Effusion|Pneumothorax,27676,8,57,M,PA,2992,2991,train,data/train-00030-of-00032.parquet,901
00027682_000,00027682_000.jpg,train,0,No Finding,27682,0,54,F,PA,2544,3056,train,data/train-00030-of-00032.parquet,913
00027684_002,00027684_002.jpg,train,0,No Finding,27684,2,48,F,PA,2021,2016,train,data/train-00030-of-00032.parquet,917
00027688_000,00027688_000.jpg,train,0,No Finding,27688,0,55,M,PA,3056,2544,train,data/train-00030-of-00032.parquet,921
00027690_000,00027690_000.jpg,train,0,Atelectasis,27690,0,50,M,PA,2992,2991,train,data/train-00030-of-00032.parquet,923
00027693_001,00027693_001.jpg,train,0,No Finding,27693,1,59,M,PA,2021,2021,train,data/train-00030-of-00032.parquet,930
00027699_000,00027699_000.jpg,train,0,No Finding,27699,0,49,M,PA,3056,2544,train,data/train-00030-of-00032.parquet,936
00027704_000,00027704_000.jpg,train,0,No Finding,27704,0,44,F,PA,2992,2991,train,data/train-00030-of-00032.parquet,951
00027708_000,00027708_000.jpg,train,0,No Finding,27708,0,71,M,PA,2992,2991,train,data/train-00030-of-00032.parquet,993
00027712_000,00027712_000.jpg,train,0,No Finding,27712,0,71,M,PA,2021,1860,train,data/train-00030-of-00032.parquet,997
00027714_000,00027714_000.jpg,train,0,Infiltration,27714,0,60,M,PA,2992,2989,train,data/train-00030-of-00032.parquet,999
00027718_000,00027718_000.jpg,train,0,No Finding,27718,0,46,M,PA,2992,2991,train,data/train-00030-of-00032.parquet,1004
00027721_000,00027721_000.jpg,train,0,No Finding,27721,0,28,M,PA,3056,2544,train,data/train-00030-of-00032.parquet,1008
00027725_063,00027725_063.jpg,train,1,Pneumothorax,27725,63,21,M,AP,3056,2544,train,data/train-00030-of-00032.parquet,1075
00027725_064,00027725_064.jpg,train,1,Pneumothorax,27725,64,21,M,AP,3056,2544,train,data/train-00030-of-00032.parquet,1076
00027789_001,00027789_001.jpg,train,0,Infiltration|Nodule,27789,1,51,M,PA,2020,2021,train,data/train-00030-of-00032.parquet,1206
00027809_000,00027809_000.jpg,train,0,No Finding,27809,0,40,F,PA,3056,2544,train,data/train-00030-of-00032.parquet,1237
00027811_000,00027811_000.jpg,train,0,No Finding,27811,0,64,F,PA,2992,2991,train,data/train-00030-of-00032.parquet,1250
00027816_000,00027816_000.jpg,train,0,Atelectasis|Mass,27816,0,50,M,PA,2021,2021,train,data/train-00030-of-00032.parquet,1257
00027818_001,00027818_001.jpg,train,1,Pneumothorax,27818,1,33,F,PA,1940,2021,train,data/train-00030-of-00032.parquet,1259
00027828_001,00027828_001.jpg,train,0,No Finding,27828,1,73,M,AP,3056,2544,train,data/train-00030-of-00032.parquet,1276
00027831_002,00027831_002.jpg,train,1,Pneumothorax,27831,2,61,M,PA,2992,2991,train,data/train-00030-of-00032.parquet,1282
00027832_000,00027832_000.jpg,train,0,No Finding,27832,0,22,M,AP,3056,2544,train,data/train-00030-of-00032.parquet,1284
00027834_000,00027834_000.jpg,train,0,No Finding,27834,0,48,F,PA,2992,2991,train,data/train-00030-of-00032.parquet,1285
00027839_000,00027839_000.jpg,train,0,Nodule,27839,0,56,F,PA,2992,2729,train,data/train-00030-of-00032.parquet,1288
00027842_000,00027842_000.jpg,train,0,No Finding,27842,0,62,M,PA,2992,2991,train,data/train-00030-of-00032.parquet,1291
00027842_001,00027842_001.jpg,train,0,Infiltration,27842,1,62,M,PA,2992,2991,train,data/train-00030-of-00032.parquet,1292
00027966_000,00027966_000.jpg,train,0,No Finding,27966,0,31,M,PA,2992,2991,train,data/train-00030-of-00032.parquet,1510
00027971_000,00027971_000.jpg,train,1,Pneumothorax,27971,0,36,F,PA,2650,2778,train,data/train-00030-of-00032.parquet,1519
00027978_000,00027978_000.jpg,train,0,Infiltration,27978,0,57,M,PA,2992,2991,train,data/train-00030-of-00032.parquet,1529
00027979_000,00027979_000.jpg,train,0,No Finding,27979,0,33,F,AP,3056,2544,train,data/train-00030-of-00032.parquet,1531
00027982_001,00027982_001.jpg,train,0,No Finding,27982,1,36,M,AP,3056,2544,train,data/train-00030-of-00032.parquet,1539
00027983_000,00027983_000.jpg,train,0,No Finding,27983,0,59,M,PA,2936,2948,train,data/train-00030-of-00032.parquet,1544
00027988_000,00027988_000.jpg,train,0,No Finding,27988,0,55,M,PA,2021,2021,train,data/train-00030-of-00032.parquet,1554
00027989_000,00027989_000.jpg,train,0,No Finding,27989,0,46,M,PA,2992,2991,train,data/train-00030-of-00032.parquet,1555
00027991_000,00027991_000.jpg,train,0,No Finding,27991,0,25,F,PA,2021,2021,train,data/train-00030-of-00032.parquet,1557
00027999_000,00027999_000.jpg,train,0,No Finding,27999,0,45,F,PA,2992,2991,train,data/train-00030-of-00032.parquet,1570
00028001_000,00028001_000.jpg,train,0,Nodule,28001,0,48,M,PA,2992,2991,train,data/train-00030-of-00032.parquet,1574
00028008_000,00028008_000.jpg,train,0,Infiltration,28008,0,51,M,PA,2992,2991,train,data/train-00030-of-00032.parquet,1585
00028009_000,00028009_000.jpg,train,0,No Finding,28009,0,60,F,PA,2992,2991,train,data/train-00030-of-00032.parquet,1586
00028010_000,00028010_000.jpg,train,0,No Finding,28010,0,43,F,PA,3056,2528,train,data/train-00030-of-00032.parquet,1587
00028020_000,00028020_000.jpg,val,0,Cardiomegaly|Fibrosis,28020,0,60,F,AP,3056,2544,train,data/train-00030-of-00032.parquet,1612
00028020_001,00028020_001.jpg,val,0,No Finding,28020,1,60,F,AP,3056,2544,train,data/train-00030-of-00032.parquet,1613
00028020_002,00028020_002.jpg,val,0,Cardiomegaly|Effusion,28020,2,60,F,PA,2544,3056,train,data/train-00030-of-00032.parquet,1614
00028022_000,00028022_000.jpg,val,0,No Finding,28022,0,39,F,PA,2914,2329,train,data/train-00030-of-00032.parquet,1623
00028023_000,00028023_000.jpg,val,0,Infiltration,28023,0,58,F,PA,2882,2850,train,data/train-00030-of-00032.parquet,1624
00028047_000,00028047_000.jpg,val,0,No Finding,28047,0,50,F,PA,2662,2991,train,data/train-00030-of-00032.parquet,1671
00028048_000,00028048_000.jpg,val,0,No Finding,28048,0,34,F,PA,2530,2991,train,data/train-00030-of-00032.parquet,1672
00028065_000,00028065_000.jpg,val,1,Pneumothorax,28065,0,30,F,PA,2584,2866,train,data/train-00030-of-00032.parquet,1698
00028069_001,00028069_001.jpg,train,0,Infiltration,28069,1,53,M,PA,2992,2991,train,data/train-00030-of-00032.parquet,1713
00028069_002,00028069_002.jpg,train,0,No Finding,28069,2,53,M,PA,2992,2991,train,data/train-00030-of-00032.parquet,1714
00028081_000,00028081_000.jpg,train,0,Mass,28081,0,61,M,AP,3056,2544,train,data/train-00030-of-00032.parquet,1738
00028087_001,00028087_001.jpg,train,0,No Finding,28087,1,64,M,AP,3056,2544,train,data/train-00030-of-00032.parquet,1759
00028094_001,00028094_001.jpg,train,1,Pneumothorax,28094,1,54,F,PA,2020,2021,train,data/train-00030-of-00032.parquet,1774
00028102_000,00028102_000.jpg,train,0,Atelectasis|Infiltration,28102,0,62,F,PA,2992,2991,train,data/train-00030-of-00032.parquet,1790
00028105_000,00028105_000.jpg,train,0,Effusion|Infiltration,28105,0,36,M,PA,3056,2544,train,data/train-00030-of-00032.parquet,1791
00028119_000,00028119_000.jpg,train,0,Atelectasis|Infiltration,28119,0,72,M,PA,2816,2866,train,data/train-00030-of-00032.parquet,1806
00028135_000,00028135_000.jpg,train,0,Infiltration|Nodule,28135,0,68,F,PA,2544,3056,train,data/train-00030-of-00032.parquet,1833
00028142_000,00028142_000.jpg,train,0,Infiltration,28142,0,67,F,AP,3056,2544,train,data/train-00030-of-00032.parquet,1841
00028144_001,00028144_001.jpg,train,0,Infiltration,28144,1,36,M,AP,3056,2544,train,data/train-00030-of-00032.parquet,1844
00028145_002,00028145_002.jpg,train,0,Infiltration,28145,2,34,F,PA,2992,2991,train,data/train-00030-of-00032.parquet,1847
00028150_000,00028150_000.jpg,train,0,No Finding,28150,0,68,M,PA,2020,2021,train,data/train-00030-of-00032.parquet,1855
00028150_001,00028150_001.jpg,train,1,Atelectasis|Pneumothorax,28150,1,68,M,AP,3056,2544,train,data/train-00030-of-00032.parquet,1856
00028186_001,00028186_001.jpg,train,0,No Finding,28186,1,51,M,AP,3056,2544,train,data/train-00030-of-00032.parquet,1881
00028205_000,00028205_000.jpg,train,0,Infiltration,28205,0,64,F,PA,2544,3056,train,data/train-00030-of-00032.parquet,1908
00028211_003,00028211_003.jpg,train,1,Pneumothorax,28211,3,64,F,PA,2992,2991,train,data/train-00030-of-00032.parquet,1916
00028211_004,00028211_004.jpg,train,1,Pneumothorax,28211,4,64,F,PA,2992,2991,train,data/train-00030-of-00032.parquet,1917
00028211_007,00028211_007.jpg,train,1,Pneumothorax,28211,10,65,F,PA,2021,2021,train,data/train-00030-of-00032.parquet,1920
00028219_001,00028219_001.jpg,train,0,Mass|Nodule,28219,1,55,F,AP,2804,2544,train,data/train-00030-of-00032.parquet,1950
00028219_002,00028219_002.jpg,train,0,Mass,28219,2,55,F,PA,2992,2991,train,data/train-00030-of-00032.parquet,1951
00028231_001,00028231_001.jpg,train,0,No Finding,28231,1,28,M,AP,3056,2544,train,data/train-00030-of-00032.parquet,1957
00028240_001,00028240_001.jpg,train,0,Infiltration,28240,1,57,M,PA,2992,2991,train,data/train-00030-of-00032.parquet,1964
00028253_009,00028253_009.jpg,train,1,Effusion|Pleural_Thickening|Pneumothorax,28253,9,21,F,PA,2526,2991,train,data/train-00030-of-00032.parquet,1985
00028256_001,00028256_001.jpg,train,1,Pneumothorax,28256,3,58,F,PA,2021,2021,train,data/train-00030-of-00032.parquet,1989
00028256_004,00028256_004.jpg,train,1,Pneumothorax,28256,4,58,F,PA,2021,2021,train,data/train-00030-of-00032.parquet,1992
00028354_000,00028354_000.jpg,val,0,Nodule,28354,0,41,M,PA,2992,2991,train,data/train-00030-of-00032.parquet,2114
00028354_001,00028354_001.jpg,val,0,No Finding,28354,1,41,M,PA,2992,2991,train,data/train-00030-of-00032.parquet,2115
00028357_000,00028357_000.jpg,val,0,No Finding,28357,0,52,M,PA,3056,2544,train,data/train-00030-of-00032.parquet,2117
00028357_001,00028357_001.jpg,val,0,No Finding,28357,1,52,M,AP,3056,2544,train,data/train-00030-of-00032.parquet,2118
00028357_031,00028357_031.jpg,val,1,Effusion|Infiltration|Pneumothorax,28357,31,52,M,AP,3056,2544,train,data/train-00030-of-00032.parquet,2148
00028368_000,00028368_000.jpg,val,0,No Finding,28368,0,20,F,PA,2544,3032,train,data/train-00030-of-00032.parquet,2166
00028368_001,00028368_001.jpg,val,0,Cardiomegaly|Effusion,28368,1,20,F,PA,2544,3056,train,data/train-00030-of-00032.parquet,2167
00028385_000,00028385_000.jpg,val,0,Consolidation,28385,0,59,M,PA,2992,2991,train,data/train-00030-of-00032.parquet,2188
00028397_000,00028397_000.jpg,train,0,No Finding,28397,0,58,M,PA,2021,2021,train,data/train-00030-of-00032.parquet,2205
00028412_000,00028412_000.jpg,train,0,Cardiomegaly,28412,0,54,M,PA,2992,2991,train,data/train-00030-of-00032.parquet,2215
00028414_000,00028414_000.jpg,train,0,Infiltration,28414,0,61,M,PA,2946,2953,train,data/train-00030-of-00032.parquet,2216
00028418_000,00028418_000.jpg,train,0,Infiltration|Nodule,28418,0,40,M,PA,2946,2939,train,data/train-00030-of-00032.parquet,2222
00028421_003,00028421_003.jpg,train,1,Nodule|Pneumothorax,28421,3,60,M,PA,3056,2544,train,data/train-00030-of-00032.parquet,2227
00028421_004,00028421_004.jpg,train,1,Pneumothorax,28421,4,60,M,PA,3056,2544,train,data/train-00030-of-00032.parquet,2228
00028429_000,00028429_000.jpg,train,0,No Finding,28429,0,58,F,AP,3056,2544,train,data/train-00030-of-00032.parquet,2232
00028429_001,00028429_001.jpg,train,0,Nodule,28429,1,58,F,AP,3056,2544,train,data/train-00030-of-00032.parquet,2233
00028431_002,00028431_002.jpg,train,0,Consolidation,28431,2,59,F,AP,3056,2544,train,data/train-00030-of-00032.parquet,2240
00028436_002,00028436_002.jpg,train,0,Infiltration|Nodule,28436,2,37,M,AP,3056,2544,train,data/train-00030-of-00032.parquet,2249
00028437_000,00028437_000.jpg,train,0,Mass,28437,0,64,M,AP,3056,2544,train,data/train-00030-of-00032.parquet,2250
00028449_000,00028449_000.jpg,train,0,Consolidation|Nodule,28449,0,44,M,PA,2021,2021,train,data/train-00030-of-00032.parquet,2263
00028461_000,00028461_000.jpg,train,0,Infiltration,28461,0,45,M,PA,2544,3056,train,data/train-00030-of-00032.parquet,2275
00028466_000,00028466_000.jpg,train,0,Infiltration,28466,0,23,M,PA,3056,2544,train,data/train-00030-of-00032.parquet,2279
00028483_002,00028483_002.jpg,train,0,No Finding,28483,2,41,F,PA,1930,2021,train,data/train-00030-of-00032.parquet,2295
00028485_000,00028485_000.jpg,val,0,Edema|Effusion,28485,0,70,F,AP,3056,2544,train,data/train-00030-of-00032.parquet,2303
00028485_001,00028485_001.jpg,val,0,Effusion,28485,1,70,F,AP,3056,2544,train,data/train-00030-of-00032.parquet,2304
00028485_002,00028485_002.jpg,val,0,Effusion,28485,2,70,F,AP,3056,2544,train,data/train-00030-of-00032.parquet,2305
00028493_000,00028493_000.jpg,val,1,Pneumothorax,28493,0,48,F,PA,1751,2021,train,data/train-00030-of-00032.parquet,2315
00028501_001,00028501_001.jpg,train,1,Effusion|Pneumothorax,28501,1,61,M,AP,3056,2544,train,data/train-00030-of-00032.parquet,2323
00028508_000,00028508_000.jpg,train,0,Infiltration,28508,0,68,M,PA,2021,2021,train,data/train-00030-of-00032.parquet,2337
00028519_000,00028519_000.jpg,train,0,Infiltration,28519,0,64,M,PA,2021,2021,train,data/train-00030-of-00032.parquet,2347
00028520_000,00028520_000.jpg,train,0,No Finding,28520,0,40,F,PA,3056,2544,train,data/train-00030-of-00032.parquet,2348
00028520_001,00028520_001.jpg,train,0,Infiltration,28520,1,40,F,AP,3056,2544,train,data/train-00030-of-00032.parquet,2349
00028520_002,00028520_002.jpg,train,0,Atelectasis,28520,2,40,F,PA,3056,2544,train,data/train-00030-of-00032.parquet,2350
00028534_000,00028534_000.jpg,train,0,No Finding,28534,0,62,F,PA,2021,2021,train,data/train-00030-of-00032.parquet,2389
00028537_001,00028537_001.jpg,train,0,Cardiomegaly,28537,1,43,M,AP,3056,2544,train,data/train-00030-of-00032.parquet,2399
00028545_000,00028545_000.jpg,train,0,Nodule,28545,0,54,M,PA,3032,2500,train,data/train-00030-of-00032.parquet,2421
00028548_002,00028548_002.jpg,train,0,No Finding,28548,2,30,F,AP,3056,2544,train,data/train-00030-of-00032.parquet,2427
00028558_000,00028558_000.jpg,train,1,Pneumothorax,28558,0,38,F,PA,1855,1858,train,data/train-00030-of-00032.parquet,2442
00028558_001,00028558_001.jpg,train,0,No Finding,28558,1,39,F,PA,1713,1731,train,data/train-00030-of-00032.parquet,2443
00028563_000,00028563_000.jpg,train,0,Nodule,28563,0,44,F,PA,2544,3056,train,data/train-00030-of-00032.parquet,2444
00028582_010,00028582_010.jpg,train,1,Mass|Pneumothorax,28582,10,28,M,PA,2021,2021,train,data/train-00030-of-00032.parquet,2465
00028582_011,00028582_011.jpg,train,1,Mass|Pneumothorax,28582,11,28,M,PA,2020,2021,train,data/train-00030-of-00032.parquet,2466
00028583_005,00028583_005.jpg,train,1,Emphysema|Infiltration|Pneumothorax,28583,5,23,M,AP,3056,2544,train,data/train-00030-of-00032.parquet,2474
00028583_006,00028583_006.jpg,train,1,Emphysema|Infiltration|Pneumothorax,28583,6,23,M,AP,3056,2544,train,data/train-00030-of-00032.parquet,2475
00028591_001,00028591_001.jpg,train,0,Effusion,28591,1,57,M,AP,3056,2544,train,data/train-00030-of-00032.parquet,2486
00028591_002,00028591_002.jpg,train,0,No Finding,28591,2,57,M,PA,2544,3056,train,data/train-00030-of-00032.parquet,2487
00028593_003,00028593_003.jpg,train,1,Cardiomegaly|Effusion|Mass|Pneumothorax,28593,3,29,F,PA,1755,2021,train,data/train-00030-of-00032.parquet,2496
00028593_004,00028593_004.jpg,train,1,Mass|Pneumothorax,28593,4,29,F,PA,2021,2021,train,data/train-00030-of-00032.parquet,2497
00028593_005,00028593_005.jpg,train,1,Fibrosis|Mass|Pneumothorax,28593,5,29,F,PA,2021,2021,train,data/train-00030-of-00032.parquet,2498
00028601_002,00028601_002.jpg,train,0,No Finding,28601,2,63,M,AP,3056,2544,train,data/train-00030-of-00032.parquet,2501
00028606_000,00028606_000.jpg,train,1,Pneumothorax,28606,0,18,M,PA,2544,3056,train,data/train-00030-of-00032.parquet,2505
00028611_005,00028611_005.jpg,train,1,Atelectasis|Pneumothorax,28611,5,62,F,PA,2021,2021,train,data/train-00030-of-00032.parquet,2514
00028611_006,00028611_006.jpg,train,1,Atelectasis|Emphysema|Pneumothorax,28611,6,62,F,PA,3056,2544,train,data/train-00030-of-00032.parquet,2515
00028612_000,00028612_000.jpg,train,0,No Finding,28612,0,36,F,PA,2544,3056,train,data/train-00030-of-00032.parquet,2537
00028612_002,00028612_002.jpg,train,0,Effusion,28612,2,36,F,AP,3056,2544,train,data/train-00030-of-00032.parquet,2539
00028632_001,00028632_001.jpg,train,0,Cardiomegaly|Effusion|Pleural_Thickening,28632,1,60,F,PA,2021,2021,train,data/train-00030-of-00032.parquet,2559
00028641_000,00028641_000.jpg,train,0,Infiltration,28641,0,47,F,PA,2544,3056,train,data/train-00030-of-00032.parquet,2567
00028646_001,00028646_001.jpg,train,0,Nodule,28646,1,43,F,PA,2544,3056,train,data/train-00030-of-00032.parquet,2581
00028646_002,00028646_002.jpg,train,0,No Finding,28646,2,43,F,AP,3056,2544,train,data/train-00030-of-00032.parquet,2582
00028671_000,00028671_000.jpg,train,0,Effusion,28671,0,67,M,PA,3056,2544,train,data/train-00030-of-00032.parquet,2616
00028679_001,00028679_001.jpg,train,0,Infiltration,28679,1,38,F,PA,1820,2021,train,data/train-00030-of-00032.parquet,2623
00028683_002,00028683_002.jpg,train,0,Effusion|Infiltration,28683,2,27,F,PA,2544,3056,train,data/train-00030-of-00032.parquet,2627
00028699_001,00028699_001.jpg,train,0,Infiltration,28699,1,38,M,PA,2021,2021,train,data/train-00030-of-00032.parquet,2643
00028715_001,00028715_001.jpg,train,0,Effusion,28715,1,47,F,PA,2021,2021,train,data/train-00030-of-00032.parquet,2650
00028723_000,00028723_000.jpg,train,1,Pneumothorax,28723,0,45,F,PA,2021,2021,train,data/train-00030-of-00032.parquet,2656
00028723_002,00028723_002.jpg,train,0,No Finding,28723,2,46,F,PA,1688,2021,train,data/train-00030-of-00032.parquet,2658
00028738_000,00028738_000.jpg,train,0,Pleural_Thickening,28738,0,70,M,PA,2021,2021,train,data/train-00030-of-00032.parquet,2680
00028752_002,00028752_002.jpg,train,0,No Finding,28752,2,46,M,PA,2021,2021,train,data/train-00030-of-00032.parquet,2693
00028765_002,00028765_002.jpg,train,1,Mass|Pneumothorax,28765,2,32,F,AP,3012,2544,train,data/train-00031-of-00032.parquet,7
00028765_004,00028765_004.jpg,train,1,Pneumothorax,28765,4,32,F,PA,2021,2021,train,data/train-00031-of-00032.parquet,9
00028767_000,00028767_000.jpg,train,0,Infiltration,28767,0,34,M,PA,2021,2021,train,data/train-00031-of-00032.parquet,42
00028777_000,00028777_000.jpg,train,0,No Finding,28777,0,62,M,PA,2021,2021,train,data/train-00031-of-00032.parquet,46
00028785_001,00028785_001.jpg,train,0,No Finding,28785,1,20,M,PA,2544,3056,train,data/train-00031-of-00032.parquet,59
00028786_000,00028786_000.jpg,train,0,Infiltration,28786,0,55,M,PA,2021,2021,train,data/train-00031-of-00032.parquet,63
00028808_001,00028808_001.jpg,train,0,No Finding,28808,1,68,F,AP,3056,2544,train,data/train-00031-of-00032.parquet,93
00028809_002,00028809_002.jpg,train,0,Effusion,28809,2,34,F,AP,3056,2544,train,data/train-00031-of-00032.parquet,101
00028811_000,00028811_000.jpg,train,0,Consolidation|Effusion|Mass|Pleural_Thickening,28811,0,40,M,PA,2021,2021,train,data/train-00031-of-00032.parquet,102
00028822_000,00028822_000.jpg,train,0,No Finding,28822,0,35,F,PA,2021,2021,train,data/train-00031-of-00032.parquet,116
00028826_000,00028826_000.jpg,train,0,Infiltration,28826,0,44,M,AP,3056,2544,train,data/train-00031-of-00032.parquet,123
00028833_000,00028833_000.jpg,train,0,Infiltration,28833,0,62,F,PA,2544,3056,train,data/train-00031-of-00032.parquet,131
00028837_001,00028837_001.jpg,train,0,Infiltration,28837,1,73,M,AP,3056,2544,train,data/train-00031-of-00032.parquet,133
00028846_001,00028846_001.jpg,train,0,No Finding,28846,1,55,F,PA,2021,2021,train,data/train-00031-of-00032.parquet,144
00028855_001,00028855_001.jpg,train,0,Effusion,28855,1,66,F,PA,2021,2021,train,data/train-00031-of-00032.parquet,158
00028864_003,00028864_003.jpg,train,1,Atelectasis|Pneumothorax,28864,6,50,F,PA,2021,2020,train,data/train-00031-of-00032.parquet,162
00028866_002,00028866_002.jpg,train,0,Effusion,28866,2,35,F,AP,3056,2544,train,data/train-00031-of-00032.parquet,170
00028870_000,00028870_000.jpg,train,0,No Finding,28870,0,45,F,PA,2020,1817,train,data/train-00031-of-00032.parquet,175
00028877_000,00028877_000.jpg,train,0,Infiltration,28877,0,30,M,PA,2021,2021,train,data/train-00031-of-00032.parquet,197
00028897_002,00028897_002.jpg,train,1,Effusion|Nodule|Pneumothorax,28897,2,53,F,PA,2021,2021,train,data/train-00031-of-00032.parquet,226
00028897_005,00028897_005.jpg,train,1,Pneumothorax,28897,5,53,F,AP,3056,2544,train,data/train-00031-of-00032.parquet,229
00028897_009,00028897_009.jpg,train,1,Effusion|Pneumothorax,28897,9,53,F,AP,3056,2544,train,data/train-00031-of-00032.parquet,233
00028923_000,00028923_000.jpg,train,0,Nodule,28923,0,50,F,PA,1689,2021,train,data/train-00031-of-00032.parquet,291
00028936_001,00028936_001.jpg,train,0,Atelectasis,28936,1,30,M,PA,2020,2021,train,data/train-00031-of-00032.parquet,300
00028940_001,00028940_001.jpg,train,0,No Finding,28940,1,63,M,PA,2021,2021,train,data/train-00031-of-00032.parquet,325
00028946_000,00028946_000.jpg,train,0,Cardiomegaly,28946,0,79,F,PA,1636,2021,train,data/train-00031-of-00032.parquet,331
00028948_001,00028948_001.jpg,train,0,Cardiomegaly|Hernia|Mass,28948,1,87,F,AP,3056,2544,train,data/train-00031-of-00032.parquet,335
00028961_001,00028961_001.jpg,train,1,Pneumothorax,28961,1,60,F,AP,3028,2532,train,data/train-00031-of-00032.parquet,346
00028987_015,00028987_015.jpg,train,1,Infiltration|Pneumothorax,28987,15,25,F,AP,3056,2544,train,data/train-00031-of-00032.parquet,384
00028992_000,00028992_000.jpg,train,0,No Finding,28992,0,57,F,PA,2021,2021,train,data/train-00031-of-00032.parquet,388
00028992_001,00028992_001.jpg,train,0,Atelectasis|Consolidation,28992,1,57,F,PA,2021,1846,train,data/train-00031-of-00032.parquet,389
00028996_000,00028996_000.jpg,train,0,No Finding,28996,0,41,F,PA,3056,2544,train,data/train-00031-of-00032.parquet,399
00029014_000,00029014_000.jpg,train,0,Infiltration,29014,0,29,M,PA,2021,2021,train,data/train-00031-of-00032.parquet,424
00029021_001,00029021_001.jpg,train,0,Infiltration,29021,1,58,F,PA,2021,2021,train,data/train-00031-of-00032.parquet,438
00029025_001,00029025_001.jpg,train,0,No Finding,29025,1,57,M,AP,3056,2544,train,data/train-00031-of-00032.parquet,441
00029035_003,00029035_003.jpg,train,1,Effusion|Emphysema|Pneumothorax,29035,3,18,M,PA,2021,2021,train,data/train-00031-of-00032.parquet,454
00029035_005,00029035_005.jpg,train,1,Pneumothorax,29035,5,18,M,PA,2021,2021,train,data/train-00031-of-00032.parquet,456
00029052_002,00029052_002.jpg,train,1,Atelectasis|Effusion|Pneumonia|Pneumothorax,29052,3,77,M,AP,3056,2544,train,data/train-00031-of-00032.parquet,489
00029052_004,00029052_004.jpg,train,1,Atelectasis|Effusion|Infiltration|Pneumothorax,29052,4,77,M,PA,2020,2021,train,data/train-00031-of-00032.parquet,491
00029072_001,00029072_001.jpg,train,0,Atelectasis|Effusion,29072,1,55,M,AP,3056,2544,train,data/train-00031-of-00032.parquet,516
00029085_000,00029085_000.jpg,train,0,Infiltration,29085,0,51,F,PA,2021,2021,train,data/train-00031-of-00032.parquet,521
00029107_000,00029107_000.jpg,train,0,Infiltration|Mass,29107,0,84,F,PA,2021,2021,train,data/train-00031-of-00032.parquet,527
00029118_006,00029118_006.jpg,train,1,Atelectasis|Infiltration|Pneumothorax,29118,6,56,F,PA,1691,1833,train,data/train-00031-of-00032.parquet,543
00029118_007,00029118_007.jpg,train,1,Atelectasis|Infiltration|Pleural_Thickening|Pneumothorax,29118,7,56,F,PA,2544,3056,train,data/train-00031-of-00032.parquet,544
00029122_000,00029122_000.jpg,train,0,Infiltration,29122,0,25,F,PA,2021,2020,train,data/train-00031-of-00032.parquet,549
00029124_000,00029124_000.jpg,train,1,Pneumothorax,29124,0,26,F,PA,1813,2021,train,data/train-00031-of-00032.parquet,550
00029129_000,00029129_000.jpg,train,0,No Finding,29129,0,60,M,PA,2021,2021,train,data/train-00031-of-00032.parquet,554
00029129_004,00029129_004.jpg,train,1,Atelectasis|Emphysema|Pneumothorax,29129,4,60,M,PA,2021,2021,train,data/train-00031-of-00032.parquet,558
00029129_005,00029129_005.jpg,train,1,Atelectasis|Emphysema|Infiltration|Pneumothorax,29129,5,60,M,PA,2021,2021,train,data/train-00031-of-00032.parquet,559
00029130_000,00029130_000.jpg,train,0,Infiltration,29130,0,33,F,PA,1748,2021,train,data/train-00031-of-00032.parquet,562
00029146_003,00029146_003.jpg,train,1,Atelectasis|Effusion|Pneumothorax,29146,4,57,F,PA,2021,2021,train,data/train-00031-of-00032.parquet,595
00029146_005,00029146_005.jpg,train,1,Effusion|Pneumothorax,29146,3,57,F,AP,3451,3036,train,data/train-00031-of-00032.parquet,597
00029152_000,00029152_000.jpg,train,0,No Finding,29152,0,25,M,PA,2021,2021,train,data/train-00031-of-00032.parquet,609
00029155_001,00029155_001.jpg,train,0,Mass,29155,1,46,F,PA,2021,2021,train,data/train-00031-of-00032.parquet,615
00029162_000,00029162_000.jpg,train,0,Infiltration,29162,0,20,M,PA,2021,2021,train,data/train-00031-of-00032.parquet,628
00029165_000,00029165_000.jpg,train,1,Pneumothorax,29165,0,32,M,AP,3056,2544,train,data/train-00031-of-00032.parquet,630
00029165_002,00029165_002.jpg,train,1,Emphysema|Infiltration|Pleural_Thickening|Pneumothorax,29165,2,33,M,PA,2021,2021,train,data/train-00031-of-00032.parquet,632
00029166_000,00029166_000.jpg,train,0,Atelectasis|Hernia,29166,0,73,F,PA,2021,2021,train,data/train-00031-of-00032.parquet,642
00029172_000,00029172_000.jpg,train,0,Atelectasis|Effusion,29172,0,59,M,PA,2021,2021,train,data/train-00031-of-00032.parquet,646
00029176_000,00029176_000.jpg,train,0,Effusion,29176,0,75,M,PA,2021,2021,train,data/train-00031-of-00032.parquet,655
00029180_001,00029180_001.jpg,train,0,Infiltration,29180,1,18,F,PA,1970,2021,train,data/train-00031-of-00032.parquet,658
00029192_001,00029192_001.jpg,train,0,No Finding,29192,1,58,F,AP,3056,2544,train,data/train-00031-of-00032.parquet,665
00029198_001,00029198_001.jpg,train,0,No Finding,29198,1,40,F,AP,3056,2544,train,data/train-00031-of-00032.parquet,675
00029203_001,00029203_001.jpg,train,0,Infiltration,29203,1,56,F,PA,1940,2021,train,data/train-00031-of-00032.parquet,685
00029204_000,00029204_000.jpg,train,0,Infiltration,29204,0,55,F,PA,2021,2020,train,data/train-00031-of-00032.parquet,686
00029222_000,00029222_000.jpg,train,0,Atelectasis,29222,0,52,M,AP,3056,2544,train,data/train-00031-of-00032.parquet,713
00029222_001,00029222_001.jpg,train,0,Atelectasis,29222,1,52,M,AP,2544,3056,train,data/train-00031-of-00032.parquet,714
00029235_001,00029235_001.jpg,train,1,Atelectasis|Effusion|Infiltration|Pneumothorax,29235,1,69,F,AP,3056,2544,train,data/train-00031-of-00032.parquet,728
00029248_000,00029248_000.jpg,train,0,Atelectasis|Nodule,29248,0,48,M,PA,2021,2021,train,data/train-00031-of-00032.parquet,756
00029269_000,00029269_000.jpg,train,0,Nodule,29269,0,78,M,PA,2021,2020,train,data/train-00031-of-00032.parquet,766
00029279_000,00029279_000.jpg,train,0,Mass|Pleural_Thickening,29279,0,27,F,AP,3056,2544,train,data/train-00031-of-00032.parquet,799
00029279_001,00029279_001.jpg,train,0,No Finding,29279,1,27,F,AP,3056,2544,train,data/train-00031-of-00032.parquet,800
00029283_000,00029283_000.jpg,train,0,No Finding,29283,0,73,F,PA,2021,2021,train,data/train-00031-of-00032.parquet,808
00029291_000,00029291_000.jpg,train,0,Cardiomegaly,29291,0,43,F,PA,1818,2021,train,data/train-00031-of-00032.parquet,813
00029292_000,00029292_000.jpg,train,0,Atelectasis,29292,0,52,M,PA,2021,2021,train,data/train-00031-of-00032.parquet,814
00029297_001,00029297_001.jpg,train,1,Infiltration|Pneumothorax,29297,1,50,F,AP,3056,2544,train,data/train-00031-of-00032.parquet,817
00029310_000,00029310_000.jpg,train,0,Nodule,29310,0,22,M,AP,3056,2544,train,data/train-00031-of-00032.parquet,829
00029310_001,00029310_001.jpg,train,0,Mass,29310,1,22,M,PA,2021,2021,train,data/train-00031-of-00032.parquet,830
00029327_000,00029327_000.jpg,train,0,Infiltration,29327,0,19,M,PA,2021,2021,train,data/train-00031-of-00032.parquet,845
00029339_001,00029339_001.jpg,train,0,No Finding,29339,1,59,M,AP,3056,2544,train,data/train-00031-of-00032.parquet,852
00029353_000,00029353_000.jpg,train,0,Infiltration,29353,0,57,M,PA,2021,2021,train,data/train-00031-of-00032.parquet,867
00029357_002,00029357_002.jpg,train,0,No Finding,29357,2,24,M,AP,3056,2544,train,data/train-00031-of-00032.parquet,873
00029371_001,00029371_001.jpg,train,0,Nodule,29371,1,46,F,PA,2020,2021,train,data/train-00031-of-00032.parquet,901
00029373_001,00029373_001.jpg,train,0,Effusion|Infiltration,29373,1,69,F,PA,2021,2021,train,data/train-00031-of-00032.parquet,903
00029373_002,00029373_002.jpg,train,0,Effusion,29373,2,69,F,PA,2021,2021,train,data/train-00031-of-00032.parquet,904
00029375_001,00029375_001.jpg,train,0,Atelectasis|Infiltration|Mass,29375,1,65,M,AP,3056,2544,train,data/train-00031-of-00032.parquet,910
00029376_000,00029376_000.jpg,train,0,Fibrosis,29376,0,69,M,PA,2021,2021,train,data/train-00031-of-00032.parquet,912
00029379_001,00029379_001.jpg,train,0,Infiltration,29379,1,40,F,PA,2021,2021,train,data/train-00031-of-00032.parquet,914
00029385_001,00029385_001.jpg,train,0,No Finding,29385,1,52,M,AP,3056,2544,train,data/train-00031-of-00032.parquet,924
00029393_000,00029393_000.jpg,train,0,No Finding,29393,0,27,M,PA,2021,2021,train,data/train-00031-of-00032.parquet,941
00029401_002,00029401_002.jpg,train,0,Effusion,29401,2,64,M,PA,2021,2021,train,data/train-00031-of-00032.parquet,949
00029433_000,00029433_000.jpg,train,0,No Finding,29433,0,57,F,PA,2021,2015,train,data/train-00031-of-00032.parquet,985
00029437_001,00029437_001.jpg,train,1,Pneumothorax,29437,1,47,M,AP,3056,2544,train,data/train-00031-of-00032.parquet,999
00029437_002,00029437_002.jpg,train,1,Pneumothorax,29437,4,47,M,PA,2021,2021,train,data/train-00031-of-00032.parquet,1000
00029439_000,00029439_000.jpg,train,0,Infiltration,29439,0,43,F,PA,2021,2010,train,data/train-00031-of-00032.parquet,1013
00029451_002,00029451_002.jpg,train,0,Atelectasis,29451,2,53,F,AP,3056,2544,train,data/train-00031-of-00032.parquet,1029
00029455_002,00029455_002.jpg,train,0,Infiltration,29455,2,53,M,PA,2544,3056,train,data/train-00031-of-00032.parquet,1033
00029466_000,00029466_000.jpg,train,0,Infiltration,29466,0,33,M,PA,2544,3056,train,data/train-00031-of-00032.parquet,1048
00029477_001,00029477_001.jpg,train,0,No Finding,29477,1,53,M,PA,2021,2016,train,data/train-00031-of-00032.parquet,1082
00029483_000,00029483_000.jpg,train,0,Effusion,29483,0,43,F,PA,2021,2021,train,data/train-00031-of-00032.parquet,1098
00029494_000,00029494_000.jpg,train,0,No Finding,29494,0,53,M,PA,2021,2021,train,data/train-00031-of-00032.parquet,1102
00029504_002,00029504_002.jpg,train,0,No Finding,29504,2,59,M,PA,2021,2020,train,data/train-00031-of-00032.parquet,1116
00029507_000,00029507_000.jpg,train,0,Infiltration,29507,0,44,M,PA,3056,2544,train,data/train-00031-of-00032.parquet,1120
00029510_000,00029510_000.jpg,train,0,Cardiomegaly,29510,0,51,F,PA,3056,2544,train,data/train-00031-of-00032.parquet,1122
00029514_004,00029514_004.jpg,train,1,Atelectasis|Pneumothorax,29514,4,29,M,PA,2021,2021,train,data/train-00031-of-00032.parquet,1129
00029514_008,00029514_008.jpg,train,1,Emphysema|Pleural_Thickening|Pneumothorax,29514,8,29,M,PA,2544,3056,train,data/train-00031-of-00032.parquet,1133
00029520_001,00029520_001.jpg,train,0,No Finding,29520,1,33,M,AP,3056,2544,train,data/train-00031-of-00032.parquet,1140
00029522_000,00029522_000.jpg,train,0,Infiltration,29522,0,25,F,PA,2021,2020,train,data/train-00031-of-00032.parquet,1141
00029523_000,00029523_000.jpg,train,0,Infiltration,29523,0,25,F,PA,2544,3056,train,data/train-00031-of-00032.parquet,1143
00029526_000,00029526_000.jpg,train,0,Effusion|Infiltration,29526,0,34,M,AP,3056,2544,train,data/train-00031-of-00032.parquet,1146
00029526_002,00029526_002.jpg,train,0,Effusion|Infiltration,29526,2,34,M,AP,3056,2544,train,data/train-00031-of-00032.parquet,1148
00029528_002,00029528_002.jpg,train,0,No Finding,29528,2,70,M,AP,3056,2544,train,data/train-00031-of-00032.parquet,1158
00029543_000,00029543_000.jpg,train,0,Cardiomegaly|Consolidation|Effusion,29543,0,59,F,AP,3056,2544,train,data/train-00031-of-00032.parquet,1165
00029574_000,00029574_000.jpg,train,0,Infiltration,29574,0,19,M,PA,2021,2021,train,data/train-00031-of-00032.parquet,1191
00029586_000,00029586_000.jpg,train,0,Infiltration,29586,0,62,M,PA,2021,2021,train,data/train-00031-of-00032.parquet,1192
00029682_000,00029682_000.jpg,train,1,Fibrosis|Pleural_Thickening|Pneumothorax,29682,0,29,F,AP,3056,2544,train,data/train-00031-of-00032.parquet,1328
00029682_001,00029682_001.jpg,train,0,No Finding,29682,1,29,F,PA,2021,2021,train,data/train-00031-of-00032.parquet,1329
00029683_001,00029683_001.jpg,train,0,No Finding,29683,1,39,F,PA,2021,2021,train,data/train-00031-of-00032.parquet,1331
00029683_002,00029683_002.jpg,train,0,No Finding,29683,2,39,F,PA,1940,2020,train,data/train-00031-of-00032.parquet,1332
00029688_003,00029688_003.jpg,train,1,Pneumothorax,29688,4,62,F,PA,1814,1846,train,data/train-00031-of-00032.parquet,1341
00029688_004,00029688_004.jpg,train,1,Pneumothorax,29688,3,62,F,PA,2544,3056,train,data/train-00031-of-00032.parquet,1342
00029688_005,00029688_005.jpg,train,1,Pneumothorax,29688,5,62,F,PA,2021,2021,train,data/train-00031-of-00032.parquet,1343
00029696_000,00029696_000.jpg,train,0,Effusion|Pleural_Thickening,29696,0,24,M,PA,2021,2021,train,data/train-00031-of-00032.parquet,1355
00029704_000,00029704_000.jpg,train,0,No Finding,29704,0,62,F,PA,3056,2544,train,data/train-00031-of-00032.parquet,1361
00029704_001,00029704_001.jpg,train,0,Mass,29704,1,62,F,PA,2021,2021,train,data/train-00031-of-00032.parquet,1362
00029704_002,00029704_002.jpg,train,0,Mass,29704,2,62,F,PA,2021,2021,train,data/train-00031-of-00032.parquet,1363
00029708_000,00029708_000.jpg,train,0,Emphysema,29708,0,75,M,PA,2021,2021,train,data/train-00031-of-00032.parquet,1372
00029712_000,00029712_000.jpg,train,0,Infiltration,29712,0,52,F,PA,2021,2021,train,data/train-00031-of-00032.parquet,1373
00029717_001,00029717_001.jpg,train,0,Atelectasis|Infiltration,29717,1,45,M,AP,3056,2544,train,data/train-00031-of-00032.parquet,1379
00029725_000,00029725_000.jpg,train,0,Atelectasis,29725,0,50,M,PA,2021,2021,train,data/train-00031-of-00032.parquet,1383
00029739_001,00029739_001.jpg,train,0,No Finding,29739,1,51,M,PA,2021,2021,train,data/train-00031-of-00032.parquet,1391
00029739_002,00029739_002.jpg,train,0,No Finding,29739,2,51,M,PA,2021,2021,train,data/train-00031-of-00032.parquet,1392
00029740_000,00029740_000.jpg,train,0,Atelectasis|Effusion,29740,0,52,F,AP,3056,2544,train,data/train-00031-of-00032.parquet,1395
00029796_001,00029796_001.jpg,train,0,Mass,29796,1,52,F,PA,2021,2021,train,data/train-00031-of-00032.parquet,1506
00029810_000,00029810_000.jpg,train,0,No Finding,29810,0,66,M,PA,2020,2021,train,data/train-00031-of-00032.parquet,1527
00029814_000,00029814_000.jpg,train,1,Effusion|Emphysema|Pneumothorax,29814,0,63,F,AP,3056,2544,train,data/train-00031-of-00032.parquet,1531
00029821_003,00029821_003.jpg,train,1,Emphysema|Infiltration|Nodule|Pleural_Thickening|Pneumothorax,29821,3,58,F,AP,3056,2544,train,data/train-00031-of-00032.parquet,1537
00029822_008,00029822_008.jpg,train,1,Atelectasis|Effusion|Pneumothorax,29822,8,77,M,PA,2021,2020,train,data/train-00031-of-00032.parquet,1563
00029822_009,00029822_009.jpg,train,1,Atelectasis|Pneumothorax,29822,9,77,M,PA,2021,2021,train,data/train-00031-of-00032.parquet,1564
00029825_000,00029825_000.jpg,train,0,No Finding,29825,0,36,F,AP,3056,2544,train,data/train-00031-of-00032.parquet,1567
00029840_000,00029840_000.jpg,train,0,No Finding,29840,0,31,M,PA,1891,2021,train,data/train-00031-of-00032.parquet,1582
00029841_001,00029841_001.jpg,train,0,Atelectasis|Infiltration,29841,1,65,M,AP,3056,2544,train,data/train-00031-of-00032.parquet,1586
00029852_000,00029852_000.jpg,train,0,No Finding,29852,0,30,M,PA,2021,2021,train,data/train-00031-of-00032.parquet,1598
00029857_000,00029857_000.jpg,val,0,Atelectasis,29857,0,39,F,PA,2021,2021,train,data/train-00031-of-00032.parquet,1604
00029865_000,00029865_000.jpg,val,0,Atelectasis|Infiltration,29865,0,62,M,PA,2021,2021,train,data/train-00031-of-00032.parquet,1634
00029865_001,00029865_001.jpg,val,0,No Finding,29865,1,62,M,PA,1940,2021,train,data/train-00031-of-00032.parquet,1635
00029865_002,00029865_002.jpg,val,0,No Finding,29865,2,62,M,AP,3056,2544,train,data/train-00031-of-00032.parquet,1636
00029866_003,00029866_003.jpg,val,1,Pneumothorax,29866,7,56,F,PA,2021,2021,train,data/train-00031-of-00032.parquet,1641
00029866_016,00029866_016.jpg,val,1,Pneumothorax,29866,11,57,F,AP,3056,2544,train,data/train-00031-of-00032.parquet,1654
00029869_005,00029869_005.jpg,train,1,Pneumothorax,29869,3,45,F,PA,3056,2544,train,data/train-00031-of-00032.parquet,1665
00029869_006,00029869_006.jpg,train,1,Effusion|Pneumothorax,29869,6,45,F,PA,2021,2020,train,data/train-00031-of-00032.parquet,1666
00029870_000,00029870_000.jpg,train,0,No Finding,29870,0,65,M,PA,2021,2021,train,data/train-00031-of-00032.parquet,1672
00029876_000,00029876_000.jpg,train,0,No Finding,29876,0,66,M,PA,2021,2021,train,data/train-00031-of-00032.parquet,1676
00029876_001,00029876_001.jpg,train,0,Infiltration,29876,1,66,M,AP,3056,2544,train,data/train-00031-of-00032.parquet,1677
00029881_000,00029881_000.jpg,train,0,No Finding,29881,0,51,M,PA,2021,2021,train,data/train-00031-of-00032.parquet,1684
00029882_000,00029882_000.jpg,train,0,Atelectasis|Cardiomegaly|Effusion|Infiltration,29882,0,45,F,PA,2021,2021,train,data/train-00031-of-00032.parquet,1689
00029883_000,00029883_000.jpg,train,0,No Finding,29883,0,63,M,AP,3056,2544,train,data/train-00031-of-00032.parquet,1690
00029883_002,00029883_002.jpg,train,0,Edema|Effusion,29883,2,63,M,AP,3056,2544,train,data/train-00031-of-00032.parquet,1692
00029891_000,00029891_000.jpg,val,0,Nodule,29891,0,25,F,AP,3056,2544,train,data/train-00031-of-00032.parquet,1704
00029891_001,00029891_001.jpg,val,0,Nodule,29891,1,25,F,AP,3056,2544,train,data/train-00031-of-00032.parquet,1705
00029891_002,00029891_002.jpg,val,0,No Finding,29891,2,25,F,PA,2544,3056,train,data/train-00031-of-00032.parquet,1706
00029900_000,00029900_000.jpg,val,0,No Finding,29900,0,26,M,PA,2021,2021,train,data/train-00031-of-00032.parquet,1711
00029900_001,00029900_001.jpg,val,0,No Finding,29900,1,26,M,AP,3056,2544,train,data/train-00031-of-00032.parquet,1712
00029901_001,00029901_001.jpg,val,0,No Finding,29901,1,48,M,PA,2021,2011,train,data/train-00031-of-00032.parquet,1717
00029903_002,00029903_002.jpg,val,1,Emphysema|Infiltration|Pneumothorax,29903,3,26,M,PA,2021,2021,train,data/train-00031-of-00032.parquet,1725
00029903_004,00029903_004.jpg,val,1,Emphysema|Pneumothorax,29903,4,26,M,PA,2021,2021,train,data/train-00031-of-00032.parquet,1727
00029903_005,00029903_005.jpg,val,1,Emphysema|Pneumothorax,29903,5,26,M,PA,2021,2021,train,data/train-00031-of-00032.parquet,1728
00029933_000,00029933_000.jpg,val,0,Emphysema,29933,0,66,M,PA,2021,2021,train,data/train-00031-of-00032.parquet,1781
00029933_001,00029933_001.jpg,val,0,No Finding,29933,1,66,M,PA,2021,2021,train,data/train-00031-of-00032.parquet,1782
00029933_002,00029933_002.jpg,val,0,No Finding,29933,2,66,M,PA,2021,2021,train,data/train-00031-of-00032.parquet,1783
00029976_000,00029976_000.jpg,train,0,Atelectasis|Pleural_Thickening,29976,0,51,M,PA,2021,2021,train,data/train-00031-of-00032.parquet,1813
00029981_000,00029981_000.jpg,train,0,No Finding,29981,0,60,F,PA,2021,2021,train,data/train-00031-of-00032.parquet,1829
00029983_000,00029983_000.jpg,train,0,Infiltration,29983,0,49,M,PA,2021,2021,train,data/train-00031-of-00032.parquet,1839
00029993_000,00029993_000.jpg,train,0,Nodule,29993,0,66,F,AP,3056,2544,train,data/train-00031-of-00032.parquet,1861
00029998_002,00029998_002.jpg,train,1,Infiltration|Pneumothorax,29998,4,31,M,PA,2021,2021,train,data/train-00031-of-00032.parquet,1864
00029998_003,00029998_003.jpg,train,1,Infiltration|Pleural_Thickening|Pneumothorax,29998,5,31,M,PA,2021,2021,train,data/train-00031-of-00032.parquet,1865
00029998_005,00029998_005.jpg,train,1,Atelectasis|Pneumothorax,29998,7,31,M,PA,2021,2021,train,data/train-00031-of-00032.parquet,1867
00030010_000,00030010_000.jpg,train,0,Infiltration,30010,0,62,F,PA,1793,1811,train,data/train-00031-of-00032.parquet,1881
00030023_000,00030023_000.jpg,train,1,Consolidation|Nodule|Pneumothorax,30023,0,77,M,PA,2021,2021,train,data/train-00031-of-00032.parquet,1886
00030023_002,00030023_002.jpg,train,1,Effusion|Pneumothorax,30023,2,77,M,PA,2021,2021,train,data/train-00031-of-00032.parquet,1888
00030025_001,00030025_001.jpg,train,0,Effusion,30025,1,32,M,PA,2021,2021,train,data/train-00031-of-00032.parquet,1893
00030026_002,00030026_002.jpg,train,0,No Finding,30026,2,58,M,AP,3056,2544,train,data/train-00031-of-00032.parquet,1897
00030029_001,00030029_001.jpg,train,0,Infiltration,30029,1,52,M,PA,2021,2021,train,data/train-00031-of-00032.parquet,1904
00030029_002,00030029_002.jpg,train,0,Infiltration,30029,2,52,M,AP,3056,2544,train,data/train-00031-of-00032.parquet,1905
00030030_000,00030030_000.jpg,train,0,No Finding,30030,0,66,M,PA,2021,2020,train,data/train-00031-of-00032.parquet,1906
00030076_000,00030076_000.jpg,train,1,Pneumothorax,30076,0,59,F,AP,3056,2544,train,data/train-00031-of-00032.parquet,1960
00030076_001,00030076_001.jpg,train,0,No Finding,30076,1,59,F,PA,2021,2021,train,data/train-00031-of-00032.parquet,1961
00030107_001,00030107_001.jpg,train,0,No Finding,30107,1,52,M,AP,3056,2544,train,data/train-00031-of-00032.parquet,1979
00030120_000,00030120_000.jpg,train,0,Infiltration,30120,0,41,F,PA,2021,2021,train,data/train-00031-of-00032.parquet,1983
00030137_002,00030137_002.jpg,train,1,Effusion|Pneumothorax,30137,2,49,F,AP,3056,2544,train,data/train-00031-of-00032.parquet,1998
00030183_004,00030183_004.jpg,train,1,Mass|Pneumothorax,30183,4,48,F,PA,2021,2021,train,data/train-00031-of-00032.parquet,2100
00030183_005,00030183_005.jpg,train,1,Mass|Pneumothorax,30183,5,48,F,PA,2021,2021,train,data/train-00031-of-00032.parquet,2101
00030184_001,00030184_001.jpg,train,0,Atelectasis|Mass,30184,1,24,M,PA,1776,2021,train,data/train-00031-of-00032.parquet,2106
00030188_000,00030188_000.jpg,train,0,Infiltration,30188,0,64,M,PA,2021,2021,train,data/train-00031-of-00032.parquet,2109
00030196_000,00030196_000.jpg,train,0,Effusion,30196,0,20,F,AP,3056,2544,train,data/train-00031-of-00032.parquet,2116
00030202_000,00030202_000.jpg,train,0,Effusion,30202,0,68,F,PA,2021,2021,train,data/train-00031-of-00032.parquet,2123
00030205_000,00030205_000.jpg,train,0,Infiltration,30205,0,77,M,PA,2021,2021,train,data/train-00031-of-00032.parquet,2124
00030224_000,00030224_000.jpg,train,0,Infiltration,30224,0,56,M,PA,3056,2544,train,data/train-00031-of-00032.parquet,2157
00030235_000,00030235_000.jpg,train,0,Consolidation|Hernia,30235,0,67,M,PA,2544,3056,train,data/train-00031-of-00032.parquet,2163
00030254_001,00030254_001.jpg,train,0,No Finding,30254,1,47,M,PA,2021,2021,train,data/train-00031-of-00032.parquet,2196
00030280_002,00030280_002.jpg,train,1,Pneumothorax,30280,2,46,M,PA,2021,2021,train,data/train-00031-of-00032.parquet,2211
00030301_000,00030301_000.jpg,train,0,Nodule,30301,0,53,F,PA,1918,2021,train,data/train-00031-of-00032.parquet,2236
00030305_001,00030305_001.jpg,train,1,Emphysema|Pneumothorax,30305,1,68,F,AP,3056,2544,train,data/train-00031-of-00032.parquet,2238
00030305_002,00030305_002.jpg,train,1,Effusion|Emphysema|Pneumothorax,30305,2,68,F,PA,2020,2021,train,data/train-00031-of-00032.parquet,2239
00030319_001,00030319_001.jpg,train,0,No Finding,30319,1,64,F,PA,2544,3056,train,data/train-00031-of-00032.parquet,2248
00030334_000,00030334_000.jpg,train,0,Atelectasis,30334,0,79,M,PA,2021,2021,train,data/train-00031-of-00032.parquet,2261
00030339_001,00030339_001.jpg,train,0,Infiltration,30339,1,56,F,AP,3056,2544,train,data/train-00031-of-00032.parquet,2270
00030370_001,00030370_001.jpg,train,0,No Finding,30370,1,81,M,AP,3056,2544,train,data/train-00031-of-00032.parquet,2298
00030520_004,00030520_004.jpg,train,1,Mass|Pneumothorax,30520,4,45,F,PA,2021,2021,train,data/train-00031-of-00032.parquet,2423
00030520_005,00030520_005.jpg,train,1,Mass|Pneumothorax,30520,5,45,F,PA,1794,2021,train,data/train-00031-of-00032.parquet,2424
00030534_001,00030534_001.jpg,train,0,No Finding,30534,1,26,F,AP,3056,2544,train,data/train-00031-of-00032.parquet,2429
00030541_005,00030541_005.jpg,train,1,Emphysema|Pneumothorax,30541,5,70,M,PA,2021,2016,train,data/train-00031-of-00032.parquet,2443
00030546_000,00030546_000.jpg,train,0,Atelectasis,30546,0,59,M,PA,1948,2022,train,data/train-00031-of-00032.parquet,2446
00030550_000,00030550_000.jpg,train,0,No Finding,30550,0,42,F,PA,2021,2021,train,data/train-00031-of-00032.parquet,2452
00030571_000,00030571_000.jpg,train,0,No Finding,30571,0,36,M,PA,2021,2021,train,data/train-00031-of-00032.parquet,2489
00030571_001,00030571_001.jpg,train,0,Atelectasis,30571,1,36,M,AP,3056,2544,train,data/train-00031-of-00032.parquet,2490
00030597_000,00030597_000.jpg,train,0,Effusion|Nodule,30597,0,62,F,PA,2021,2021,train,data/train-00031-of-00032.parquet,2504
00030605_000,00030605_000.jpg,train,0,Infiltration,30605,0,63,M,PA,2021,2021,train,data/train-00031-of-00032.parquet,2511
00030622_000,00030622_000.jpg,train,0,No Finding,30622,0,64,M,PA,2021,2021,train,data/train-00031-of-00032.parquet,2554
00030631_001,00030631_001.jpg,train,0,Consolidation,30631,1,63,F,PA,1920,2021,train,data/train-00031-of-00032.parquet,2561
00030640_002,00030640_002.jpg,train,1,Emphysema|Pneumothorax,30640,2,42,F,PA,1980,2020,train,data/train-00031-of-00032.parquet,2567
00030650_000,00030650_000.jpg,train,1,Infiltration|Pneumothorax,30650,0,66,M,PA,2010,2021,train,data/train-00031-of-00032.parquet,2572
00030650_002,00030650_002.jpg,train,1,Infiltration|Pneumothorax,30650,2,66,M,PA,2020,2021,train,data/train-00031-of-00032.parquet,2574
00030651_005,00030651_005.jpg,train,1,Atelectasis|Effusion|Pneumothorax,30651,5,59,F,PA,2021,2020,train,data/train-00031-of-00032.parquet,2587
00030661_000,00030661_000.jpg,train,0,Atelectasis,30661,0,52,M,PA,1715,2021,train,data/train-00031-of-00032.parquet,2601
00030672_001,00030672_001.jpg,train,0,No Finding,30672,1,56,M,AP,3056,2544,train,data/train-00031-of-00032.parquet,2605
00030679_002,00030679_002.jpg,train,1,Effusion|Emphysema|Nodule|Pneumothorax,30679,2,62,M,PA,2021,2021,train,data/train-00031-of-00032.parquet,2609
00030679_003,00030679_003.jpg,train,1,Mass|Nodule|Pneumothorax,30679,3,62,M,PA,2021,2021,train,data/train-00031-of-00032.parquet,2610
00030682_001,00030682_001.jpg,train,0,No Finding,30682,1,79,F,PA,2021,2021,train,data/train-00031-of-00032.parquet,2612
00030689_001,00030689_001.jpg,train,0,Atelectasis,30689,1,35,F,AP,3056,2544,train,data/train-00031-of-00032.parquet,2616
00030695_000,00030695_000.jpg,train,0,Nodule,30695,0,51,F,PA,2021,2021,train,data/train-00031-of-00032.parquet,2622
00030702_000,00030702_000.jpg,train,0,Fibrosis,30702,0,64,M,PA,2021,2021,train,data/train-00031-of-00032.parquet,2632
00030744_000,00030744_000.jpg,train,0,Infiltration,30744,0,51,M,PA,2020,2015,train,data/train-00031-of-00032.parquet,2657
00030770_001,00030770_001.jpg,train,0,Infiltration,30770,1,23,F,AP,3056,2544,train,data/train-00031-of-00032.parquet,2683
00030770_002,00030770_002.jpg,train,0,No Finding,30770,2,23,F,AP,3056,2544,train,data/train-00031-of-00032.parquet,2684
00030772_001,00030772_001.jpg,train,0,Consolidation,30772,1,26,F,AP,3056,2544,train,data/train-00031-of-00032.parquet,2686
00030786_001,00030786_001.jpg,train,1,Effusion|Emphysema|Pneumothorax,30786,1,61,F,AP,3056,2544,train,data/train-00031-of-00032.parquet,2691
00030786_002,00030786_002.jpg,train,1,Cardiomegaly|Effusion|Emphysema|Pneumothorax,30786,2,61,F,AP,3056,2544,train,data/train-00031-of-00032.parquet,2692
00030786_004,00030786_004.jpg,train,1,Cardiomegaly|Effusion|Emphysema|Pneumothorax,30786,3,61,F,AP,3056,2544,train,data/train-00031-of-00032.parquet,2694
